idaction;ID_SituD;ID_Dommage;ID_Mesure;Unité;Service;Site;Numéro;Risque;Situation dangereuse;Dommage;Statut;Responsable;Priorité finale;État;Mesure;Mention Spéciale;Périodicité;Prochain contrôle;N_pdf;Retour d'action
13;1;3;3;.GESTIONNAIRE SITE;SERVICE(S) DIRM hébergé(s);Mrs-Site DDTM13-SERVICES DIRM hébergés (Dir./SG/MICO/Dir.SPB/SRC/SEF/SSGM/CSN Paca Corse);1;Risque Amiante;"Inhalation accidentelle de fibres d’amiante en suspension dans l’atmosphère due : 
- à la présence de matériaux et produits contenant de l’amiante (MPCA) friables ou très dégradés dans les locaux de travail non diagnostiqués,
- à l’intervention malencontreuse d’un tiers sur des MPCA (manque d’identification ou d’information).";Pathologies liées à l’amiante (asbestose, cancer du poumon, mésothéliome.), plaques pleurales.;A planifier;Gestionnaire site et responsables des services;P2;A proposer;"1. Mise en œuvre et suivi des recommandations du diagnostiqueur (exemple : surveillance de l’état de dégradation des MCA détectés, recherche de la cause de la dégradation, mesures d’empoussièrement, mesures correctives...).
2. Contrôle périodique d’évaluation de l’état de dégradation des matériaux/produits amiantés identifiés à réaliser (par un opérateur certifié recommandé tous les 36 mois),
3. Communication du DTA du site à tout prestataire/intervenant (prévu par le plan de prévention en cas de co-activité),
4. Identifier (par une signalétique à poser) les MCA afin d’éviter toute intervention par inadvertance (Cf. mesure existante),
5. Réaliser un repérage avant travaux (obligatoire cf.arrêté du 16 juillet 2019) afin de rechercher la présence d’amiante dans le bâti, préalablement à toute opération comportant des risques d’exposition des travailleurs.
6. Renseigner les derniers éléments dans la fiche sécurité du DUERP du site et les communiquer au CP.
7. Documents individuels de traçabilité amiante à renseigner pour les travailleurs potentiellement exposés.";;36 mois;07/10/2022;75;JES 11/12/2024: Demande du DTA du bâtiment
16;1;3;3;.GESTIONNAIRE SITE;SERVICE(S) DIRM hébergé(s);Ajaccio-(annexe COB)-Délég.DIRM Corse/SEF/Aff.éco/CSN hébergés;1;Risque Amiante;"Inhalation accidentelle de fibres d’amiante en suspension dans l’atmosphère due : 
- à la présence de matériaux et produits contenant de l’amiante (MPCA) friables ou très dégradés dans les locaux de travail non diagnostiqués,
- à l’intervention malencontreuse d’un tiers sur des MPCA (manque d’identification ou d’information).";Pathologies liées à l’amiante (asbestose, cancer du poumon, mésothéliome.), plaques pleurales.;A planifier;Gestionnaire site et responsables des services;P2;A proposer;"1. Mise en œuvre et suivi des recommandations du diagnostiqueur (exemple : surveillance de l’état de dégradation des MCA détectés, recherche de la cause de la dégradation, mesures d’empoussièrement, mesures correctives...).
2. Contrôle périodique d’évaluation de l’état de dégradation des matériaux/produits amiantés identifiés à réaliser (par un opérateur certifié recommandé tous les 36 mois),
3. Communication du DTA du site à tout prestataire/intervenant (prévu par le plan de prévention en cas de co-activité),
4. Identifier (par une signalétique à poser) les MCA afin d’éviter toute intervention par inadvertance (Cf. mesure existante),
5. Réaliser un repérage avant travaux (obligatoire cf.arrêté du 16 juillet 2019) afin de rechercher la présence d’amiante dans le bâti, préalablement à toute opération comportant des risques d’exposition des travailleurs.
6. Renseigner les derniers éléments dans la fiche sécurité du DUERP du site et les communiquer au CP.
7. Documents individuels de traçabilité amiante à renseigner pour les travailleurs potentiellement exposés.";;36 mois;03/12/2023;64;
17;1;3;8;.GESTIONNAIRE SITE;SERVICE(S) DIRM hébergé(s);Ajaccio-(annexe COB)-Délég.DIRM Corse/SEF/Aff.éco/CSN hébergés;1;Risque Amiante;"Inhalation accidentelle de fibres d’amiante en suspension dans l’atmosphère due : 
- à la présence de matériaux et produits contenant de l’amiante (MPCA) friables ou très dégradés dans les locaux de travail non diagnostiqués,
- à l’intervention malencontreuse d’un tiers sur des MPCA (manque d’identification ou d’information).";Pathologies liées à l’amiante (asbestose, cancer du poumon, mésothéliome.), plaques pleurales.;En cours;Gestionnaire site et responsables des services;P3;Existante;"1. Réalisation d’un repérage des Matériaux et produits pouvant contenir de l’amiante (MPCA) du site.
2. Communication du repérage au CP (voir document attaché) pour actualiser le tableau de synthèse mis en ligne sur l’intranet (dont le but est de : faciliter la consultation de l’historique par site et permettre l’identification des matériaux/produits contenants de l’amiante et donc éviter toute intervention malencontreuse dessus ou à proximité).
3. Consigne reçue: Les interventions et/ou retraits de produits ou matériaux contenants de l’amiante (friable et non friable) sont non autorisés en régie (code du travail SS3 et SS4).

NB : L’évaluation de l’état de dégradation par un opérateur certifié des matériaux/produits amiantés identifiés est recommandée tous les 36 mois..";;36 mois;03/12/2023;64;
22;1;3;60;.GESTIONNAIRE SITE;SERVICE(S) DIRM hébergé(s);Sète-Site DDTM 34/DML-Aff.éco/SEF hébergés;1;Risque Amiante;"Inhalation accidentelle de fibres d’amiante en suspension dans l’atmosphère due : 
- à la présence de matériaux et produits contenant de l’amiante (MPCA) friables ou très dégradés dans les locaux de travail non diagnostiqués,
- à l’intervention malencontreuse d’un tiers sur des MPCA (manque d’identification ou d’information).";Pathologies liées à l’amiante (asbestose, cancer du poumon, mésothéliome.), plaques pleurales.;A contrôler;Gestionnaire site et responsables des services;P2;Existante;Aucuns éléments de diagnostics relatifs à l’absence ou la présence d’amiante (Dossier Technique Amiante, repérages..) dans le bâti communiqué au CP à ce jour.;;36 mois;13/12/2009;;
23;1;3;5;.GESTIONNAIRE SITE;SERVICE(S) DIRM hébergé(s);Sète-Site DDTM 34/DML-Aff.éco/SEF hébergés;1;Risque Amiante;"Inhalation accidentelle de fibres d’amiante en suspension dans l’atmosphère due : 
- à la présence de matériaux et produits contenant de l’amiante (MPCA) friables ou très dégradés dans les locaux de travail non diagnostiqués,
- à l’intervention malencontreuse d’un tiers sur des MPCA (manque d’identification ou d’information).";Pathologies liées à l’amiante (asbestose, cancer du poumon, mésothéliome.), plaques pleurales.;A planifier;Gestionnaire site et responsables des services;P2;A proposer;"1. Une demande de copie du Dossier Technique Amiante à jour du bâtiment doit être faite auprès du propriétaire/gestionnaire où le personnel est hébergé.
2. Communication du DTA du site à tout prestataire/intervenant (prévu par le plan de prévention en cas de co-activité),
3. En cas de présence avérée d’amiante, des consignes sont à communiquer au personnel : Les interventions et/ou retraits de produits ou matériaux contenants de l’amiante (friable et non friable) sont non autorisés en régie (code du travail SS3 et SS4).
4. En cas de présence avérée d’amiante : Identifier (par une signalétique à poser) les MCA afin d’éviter toute intervention par inadvertance
5. Réaliser un repérage avant travaux (obligatoire cf.arrêté du 16 juillet 2019) afin de rechercher la présence d’amiante dans le bâti, préalablement à toute opération comportant des risques d’exposition des travailleurs.

NB :Le repérage des matériaux et produits pouvant contenir de l’amiante est obligatoire pour les bâtiments dont le permis de construire a été délivré avant le 1er juillet 1997, afin d’évaluer leur état de conservation et d’estimer si des fibres sont susceptibles ou non d’être libérées dans l’air ambiant).";;6 mois;13/06/2007;;
25;1;3;60;.GESTIONNAIRE SITE;SERVICE(S) DIRM hébergé(s);Bastia-Site DDTM 2B-CSN/SEF/SSGM hébergés;1;Risque Amiante;"Inhalation accidentelle de fibres d’amiante en suspension dans l’atmosphère due : 
- à la présence de matériaux et produits contenant de l’amiante (MPCA) friables ou très dégradés dans les locaux de travail non diagnostiqués,
- à l’intervention malencontreuse d’un tiers sur des MPCA (manque d’identification ou d’information).";Pathologies liées à l’amiante (asbestose, cancer du poumon, mésothéliome.), plaques pleurales.;A contrôler;Gestionnaire site et responsables des services;P2;Existante;Aucuns éléments de diagnostics relatifs à l’absence ou la présence d’amiante (Dossier Technique Amiante, repérages..) dans le bâti communiqué au CP à ce jour.;;6 mois;09/05/2023;;
26;1;3;5;.GESTIONNAIRE SITE;SERVICE(S) DIRM hébergé(s);Bastia-Site DDTM 2B-CSN/SEF/SSGM hébergés;1;Risque Amiante;"Inhalation accidentelle de fibres d’amiante en suspension dans l’atmosphère due : 
- à la présence de matériaux et produits contenant de l’amiante (MPCA) friables ou très dégradés dans les locaux de travail non diagnostiqués,
- à l’intervention malencontreuse d’un tiers sur des MPCA (manque d’identification ou d’information).";Pathologies liées à l’amiante (asbestose, cancer du poumon, mésothéliome.), plaques pleurales.;A planifier;Gestionnaire site et responsables des services;P2;A proposer;"1. Une demande de copie du Dossier Technique Amiante à jour du bâtiment doit être faite auprès du propriétaire/gestionnaire où le personnel est hébergé.
2. Communication du DTA du site à tout prestataire/intervenant (prévu par le plan de prévention en cas de co-activité),
3. En cas de présence avérée d’amiante, des consignes sont à communiquer au personnel : Les interventions et/ou retraits de produits ou matériaux contenants de l’amiante (friable et non friable) sont non autorisés en régie (code du travail SS3 et SS4).
4. En cas de présence avérée d’amiante : Identifier (par une signalétique à poser) les MCA afin d’éviter toute intervention par inadvertance
5. Réaliser un repérage avant travaux (obligatoire cf.arrêté du 16 juillet 2019) afin de rechercher la présence d’amiante dans le bâti, préalablement à toute opération comportant des risques d’exposition des travailleurs.

NB :Le repérage des matériaux et produits pouvant contenir de l’amiante est obligatoire pour les bâtiments dont le permis de construire a été délivré avant le 1er juillet 1997, afin d’évaluer leur état de conservation et d’estimer si des fibres sont susceptibles ou non d’être libérées dans l’air ambiant).";;6 mois;09/05/2023;;
27;1;3;60;.GESTIONNAIRE SITE;SERVICE(S) DIRM hébergé(s);Nice-Site DDTM 06-SEF/SSGM hébergés;1;Risque Amiante;"Inhalation accidentelle de fibres d’amiante en suspension dans l’atmosphère due : 
- à la présence de matériaux et produits contenant de l’amiante (MPCA) friables ou très dégradés dans les locaux de travail non diagnostiqués,
- à l’intervention malencontreuse d’un tiers sur des MPCA (manque d’identification ou d’information).";Pathologies liées à l’amiante (asbestose, cancer du poumon, mésothéliome.), plaques pleurales.;A contrôler;Gestionnaire site et responsables des services;P2;Existante;Aucuns éléments de diagnostics relatifs à l’absence ou la présence d’amiante (Dossier Technique Amiante, repérages..) dans le bâti communiqué au CP à ce jour.;;6 mois;09/05/2023;;
28;1;3;5;.GESTIONNAIRE SITE;SERVICE(S) DIRM hébergé(s);Nice-Site DDTM 06-SEF/SSGM hébergés;1;Risque Amiante;"Inhalation accidentelle de fibres d’amiante en suspension dans l’atmosphère due : 
- à la présence de matériaux et produits contenant de l’amiante (MPCA) friables ou très dégradés dans les locaux de travail non diagnostiqués,
- à l’intervention malencontreuse d’un tiers sur des MPCA (manque d’identification ou d’information).";Pathologies liées à l’amiante (asbestose, cancer du poumon, mésothéliome.), plaques pleurales.;A planifier;Gestionnaire site et responsables des services;P2;A proposer;"1. Une demande de copie du Dossier Technique Amiante à jour du bâtiment doit être faite auprès du propriétaire/gestionnaire où le personnel est hébergé.
2. Communication du DTA du site à tout prestataire/intervenant (prévu par le plan de prévention en cas de co-activité),
3. En cas de présence avérée d’amiante, des consignes sont à communiquer au personnel : Les interventions et/ou retraits de produits ou matériaux contenants de l’amiante (friable et non friable) sont non autorisés en régie (code du travail SS3 et SS4).
4. En cas de présence avérée d’amiante : Identifier (par une signalétique à poser) les MCA afin d’éviter toute intervention par inadvertance
5. Réaliser un repérage avant travaux (obligatoire cf.arrêté du 16 juillet 2019) afin de rechercher la présence d’amiante dans le bâti, préalablement à toute opération comportant des risques d’exposition des travailleurs.

NB :Le repérage des matériaux et produits pouvant contenir de l’amiante est obligatoire pour les bâtiments dont le permis de construire a été délivré avant le 1er juillet 1997, afin d’évaluer leur état de conservation et d’estimer si des fibres sont susceptibles ou non d’être libérées dans l’air ambiant).";;6 mois;09/05/2023;;
29;1;3;8;.GESTIONNAIRE SITE;SERVICE(S) DIRM hébergé(s);Toulon-Site DDTM 83-SPB/CSN/SEF/SSGM hébergés;1;Risque Amiante;"Inhalation accidentelle de fibres d’amiante en suspension dans l’atmosphère due : 
- à la présence de matériaux et produits contenant de l’amiante (MPCA) friables ou très dégradés dans les locaux de travail non diagnostiqués,
- à l’intervention malencontreuse d’un tiers sur des MPCA (manque d’identification ou d’information).";Pathologies liées à l’amiante (asbestose, cancer du poumon, mésothéliome.), plaques pleurales.;A contrôler;Gestionnaire site et responsables des services;P2;Existante;"1. Réalisation d’un repérage des Matériaux et produits pouvant contenir de l’amiante (MPCA) du site.
2. Communication du repérage au CP (voir document attaché) pour actualiser le tableau de synthèse mis en ligne sur l’intranet (dont le but est de : faciliter la consultation de l’historique par site et permettre l’identification des matériaux/produits contenants de l’amiante et donc éviter toute intervention malencontreuse dessus ou à proximité).
3. Consigne reçue: Les interventions et/ou retraits de produits ou matériaux contenants de l’amiante (friable et non friable) sont non autorisés en régie (code du travail SS3 et SS4).

NB : L’évaluation de l’état de dégradation par un opérateur certifié des matériaux/produits amiantés identifiés est recommandée tous les 36 mois..";;36 mois;03/01/2016;76;
30;1;3;3;.GESTIONNAIRE SITE;SERVICE(S) DIRM hébergé(s);Toulon-Site DDTM 83-SPB/CSN/SEF/SSGM hébergés;1;Risque Amiante;"Inhalation accidentelle de fibres d’amiante en suspension dans l’atmosphère due : 
- à la présence de matériaux et produits contenant de l’amiante (MPCA) friables ou très dégradés dans les locaux de travail non diagnostiqués,
- à l’intervention malencontreuse d’un tiers sur des MPCA (manque d’identification ou d’information).";Pathologies liées à l’amiante (asbestose, cancer du poumon, mésothéliome.), plaques pleurales.;A planifier;Gestionnaire site et responsables des services;P3;A proposer;"1. Mise en œuvre et suivi des recommandations du diagnostiqueur (exemple : surveillance de l’état de dégradation des MCA détectés, recherche de la cause de la dégradation, mesures d’empoussièrement, mesures correctives...).
2. Contrôle périodique d’évaluation de l’état de dégradation des matériaux/produits amiantés identifiés à réaliser (par un opérateur certifié recommandé tous les 36 mois),
3. Communication du DTA du site à tout prestataire/intervenant (prévu par le plan de prévention en cas de co-activité),
4. Identifier (par une signalétique à poser) les MCA afin d’éviter toute intervention par inadvertance (Cf. mesure existante),
5. Réaliser un repérage avant travaux (obligatoire cf.arrêté du 16 juillet 2019) afin de rechercher la présence d’amiante dans le bâti, préalablement à toute opération comportant des risques d’exposition des travailleurs.
6. Renseigner les derniers éléments dans la fiche sécurité du DUERP du site et les communiquer au CP.
7. Documents individuels de traçabilité amiante à renseigner pour les travailleurs potentiellement exposés.";;36 mois;03/01/2016;76;
31;1;3;1;2. SPB;COB Marseille - sites Dépt.13;COB Marseille;1;Risque Amiante;"Inhalation accidentelle de fibres d’amiante en suspension dans l’atmosphère due : 
- à la présence de matériaux et produits contenant de l’amiante (MPCA) friables ou très dégradés dans les locaux de travail non diagnostiqués,
- à l’intervention malencontreuse d’un tiers sur des MPCA (manque d’identification ou d’information).";Pathologies liées à l’amiante (asbestose, cancer du poumon, mésothéliome.), plaques pleurales.;A planifier;Maxime SUROY;P2;Existante;"1. Réalisation de repérages des MPCA puis constitution des dossiers techniques amiante (DTA = synthèse des diagnostics et actions) par site.
2. Mise en œuvre et suivi des recommandations du diagnostiqueur (exemple : surveillance de l’état de dégradation des MCA détectés, recherche de la cause de la dégradation, mesures d’empoussièrement, mesures correctives...).
3. Communication des derniers éléments relatifs à l’amiante (exemple : repérages, mise à jour DTA/fiches récapitulatives, plan de retrait, R.A.T..) au CP pour actualiser le tableau de synthèse mis en ligne sur l’intranet (dont le but est de : faciliter la consultation de l’historique par site et permettre l’identification des matériaux/produits contenants de l’amiante et donc éviter toute intervention malencontreuse dessus ou à proximité).
4. Consigne reçue: Les interventions et/ou retraits de produits ou matériaux contenants de l’amiante (friable et non friable) sont non autorisés en régie (code du travail SS3 et SS4).

NB : L’évaluation de l’état de dégradation par un opérateur certifié des matériaux/produits amiantés identifiés est recommandée tous les 36 mois.";;36 mois;23/08/2021;54;
32;1;3;3;2. SPB;COB Marseille - sites Dépt.13;COB Marseille;1;Risque Amiante;"Inhalation accidentelle de fibres d’amiante en suspension dans l’atmosphère due : 
- à la présence de matériaux et produits contenant de l’amiante (MPCA) friables ou très dégradés dans les locaux de travail non diagnostiqués,
- à l’intervention malencontreuse d’un tiers sur des MPCA (manque d’identification ou d’information).";Pathologies liées à l’amiante (asbestose, cancer du poumon, mésothéliome.), plaques pleurales.;A planifier;Maxime SUROY;P2;A proposer;"1. Mise en œuvre et suivi des recommandations du diagnostiqueur (exemple : surveillance de l’état de dégradation des MCA détectés, recherche de la cause de la dégradation, mesures d’empoussièrement, mesures correctives...).
2. Contrôle périodique d’évaluation de l’état de dégradation des matériaux/produits amiantés identifiés à réaliser (par un opérateur certifié recommandé tous les 36 mois),
3. Communication du DTA du site à tout prestataire/intervenant (prévu par le plan de prévention en cas de co-activité),
4. Identifier (par une signalétique à poser) les MCA afin d’éviter toute intervention par inadvertance (Cf. mesure existante),
5. Réaliser un repérage avant travaux (obligatoire cf.arrêté du 16 juillet 2019) afin de rechercher la présence d’amiante dans le bâti, préalablement à toute opération comportant des risques d’exposition des travailleurs.
6. Renseigner les derniers éléments dans la fiche sécurité du DUERP du site et les communiquer au CP.
7. Documents individuels de traçabilité amiante à renseigner pour les travailleurs potentiellement exposés.";;36 mois;23/08/2021;54;
33;1;3;1;2. SPB;COB Sète - sites Dépts.34-30-11-66;COB Sète;1;Risque Amiante;"Inhalation accidentelle de fibres d’amiante en suspension dans l’atmosphère due : 
- à la présence de matériaux et produits contenant de l’amiante (MPCA) friables ou très dégradés dans les locaux de travail non diagnostiqués,
- à l’intervention malencontreuse d’un tiers sur des MPCA (manque d’identification ou d’information).";Pathologies liées à l’amiante (asbestose, cancer du poumon, mésothéliome.), plaques pleurales.;A planifier;Jennifer LETELLIER;P3;Existante;"1. Réalisation de repérages des MPCA puis constitution des dossiers techniques amiante (DTA = synthèse des diagnostics et actions) par site.
2. Mise en œuvre et suivi des recommandations du diagnostiqueur (exemple : surveillance de l’état de dégradation des MCA détectés, recherche de la cause de la dégradation, mesures d’empoussièrement, mesures correctives...).
3. Communication des derniers éléments relatifs à l’amiante (exemple : repérages, mise à jour DTA/fiches récapitulatives, plan de retrait, R.A.T..) au CP pour actualiser le tableau de synthèse mis en ligne sur l’intranet (dont le but est de : faciliter la consultation de l’historique par site et permettre l’identification des matériaux/produits contenants de l’amiante et donc éviter toute intervention malencontreuse dessus ou à proximité).
4. Consigne reçue: Les interventions et/ou retraits de produits ou matériaux contenants de l’amiante (friable et non friable) sont non autorisés en régie (code du travail SS3 et SS4).

NB : L’évaluation de l’état de dégradation par un opérateur certifié des matériaux/produits amiantés identifiés est recommandée tous les 36 mois.";;36 mois;03/10/2019;59;
34;1;3;3;2. SPB;COB Sète - sites Dépts.34-30-11-66;COB Sète;1;Risque Amiante;"Inhalation accidentelle de fibres d’amiante en suspension dans l’atmosphère due : 
- à la présence de matériaux et produits contenant de l’amiante (MPCA) friables ou très dégradés dans les locaux de travail non diagnostiqués,
- à l’intervention malencontreuse d’un tiers sur des MPCA (manque d’identification ou d’information).";Pathologies liées à l’amiante (asbestose, cancer du poumon, mésothéliome.), plaques pleurales.;A planifier;Jennifer LETELLIER;P2;A proposer;"1. Mise en œuvre et suivi des recommandations du diagnostiqueur (exemple : surveillance de l’état de dégradation des MCA détectés, recherche de la cause de la dégradation, mesures d’empoussièrement, mesures correctives...).
2. Contrôle périodique d’évaluation de l’état de dégradation des matériaux/produits amiantés identifiés à réaliser (par un opérateur certifié recommandé tous les 36 mois),
3. Communication du DTA du site à tout prestataire/intervenant (prévu par le plan de prévention en cas de co-activité),
4. Identifier (par une signalétique à poser) les MCA afin d’éviter toute intervention par inadvertance (Cf. mesure existante),
5. Réaliser un repérage avant travaux (obligatoire cf.arrêté du 16 juillet 2019) afin de rechercher la présence d’amiante dans le bâti, préalablement à toute opération comportant des risques d’exposition des travailleurs.
6. Renseigner les derniers éléments dans la fiche sécurité du DUERP du site et les communiquer au CP.
7. Documents individuels de traçabilité amiante à renseigner pour les travailleurs potentiellement exposés.";;36 mois;03/11/2019;59;
35;1;3;190;2. SPB;COB Cannes - sites Dépt.06;COB Cannes;1;Risque Amiante;"Inhalation accidentelle de fibres d’amiante en suspension dans l’atmosphère due : 
- à la présence de matériaux et produits contenant de l’amiante (MPCA) friables ou très dégradés dans les locaux de travail non diagnostiqués,
- à l’intervention malencontreuse d’un tiers sur des MPCA (manque d’identification ou d’information).";Pathologies liées à l’amiante (asbestose, cancer du poumon, mésothéliome.), plaques pleurales.;A contrôler;Gauthier DEKNUYDT;P2;Existante;"1. Réalisation d’un repérage des Matériaux et produits contenant de l’amiante avant travaux de l’ensemble des locaux du site.
2. Communication du repérage au CP (voir document attaché) pour actualiser le tableau de synthèse mis en ligne sur l’intranet (dont le but est de : faciliter la consultation de l’historique par site et permettre l’identification des matériaux/produits contenants de l’amiante et donc éviter toute intervention malencontreuse dessus ou à proximité).
3. Consigne reçue: Les interventions et/ou retraits de produits ou matériaux contenants de l’amiante (friable et non friable) sont non autorisés en régie (code du travail SS3 et SS4).

NB : L’évaluation de l’état de dégradation par un opérateur certifié des matériaux/produits amiantés identifiés est recommandée tous les 36 mois. ";;36 mois;07/04/2020;56;
36;1;3;3;2. SPB;COB Ajaccio - sites du secteur;COB Ajaccio;1;Risque Amiante;"Inhalation accidentelle de fibres d’amiante en suspension dans l’atmosphère due : 
- à la présence de matériaux et produits contenant de l’amiante (MPCA) friables ou très dégradés dans les locaux de travail non diagnostiqués,
- à l’intervention malencontreuse d’un tiers sur des MPCA (manque d’identification ou d’information).";Pathologies liées à l’amiante (asbestose, cancer du poumon, mésothéliome.), plaques pleurales.;A planifier;GWENOLE VERY;P2;A proposer;"1. Mise en œuvre et suivi des recommandations du diagnostiqueur (exemple : surveillance de l’état de dégradation des MCA détectés, recherche de la cause de la dégradation, mesures d’empoussièrement, mesures correctives...).
2. Contrôle périodique d’évaluation de l’état de dégradation des matériaux/produits amiantés identifiés à réaliser (par un opérateur certifié recommandé tous les 36 mois),
3. Communication du DTA du site à tout prestataire/intervenant (prévu par le plan de prévention en cas de co-activité),
4. Identifier (par une signalétique à poser) les MCA afin d’éviter toute intervention par inadvertance (Cf. mesure existante),
5. Réaliser un repérage avant travaux (obligatoire cf.arrêté du 16 juillet 2019) afin de rechercher la présence d’amiante dans le bâti, préalablement à toute opération comportant des risques d’exposition des travailleurs.
6. Renseigner les derniers éléments dans la fiche sécurité du DUERP du site et les communiquer au CP.
7. Documents individuels de traçabilité amiante à renseigner pour les travailleurs potentiellement exposés.";;12 mois;03/12/2021;64;
37;1;3;2;2. SPB;COB Ajaccio - sites du secteur;COB Ajaccio;1;Risque Amiante;"Inhalation accidentelle de fibres d’amiante en suspension dans l’atmosphère due : 
- à la présence de matériaux et produits contenant de l’amiante (MPCA) friables ou très dégradés dans les locaux de travail non diagnostiqués,
- à l’intervention malencontreuse d’un tiers sur des MPCA (manque d’identification ou d’information).";Pathologies liées à l’amiante (asbestose, cancer du poumon, mésothéliome.), plaques pleurales.;En cours;GWENOLE VERY;P2;Existante;"1. Réalisation de repérages des MPCA puis constitution des dossiers techniques amiante (DTA = synthèse des diagnostics et actions) par site.
2. Communication de repérages au CP (voir document attaché) pour actualiser le tableau de synthèse mis en ligne sur l’intranet (dont le but est de : faciliter la consultation de l’historique par site et permettre l’identification des matériaux/produits contenants de l’amiante et donc éviter toute intervention malencontreuse dessus ou à proximité).
3. Consigne reçue: Les interventions et/ou retraits de produits ou matériaux contenants de l’amiante (friable et non friable) sont non autorisés en régie (code du travail SS3 et SS4).

NB : L’évaluation de l’état de dégradation par un opérateur certifié des matériaux/produits amiantés identifiés est recommandée tous les 36 mois.";;36 mois;03/12/2023;64;
39;1;3;4;2. SPB;COB Biguglia - sites du secteur;COB Biguglia;1;Risque Amiante;"Inhalation accidentelle de fibres d’amiante en suspension dans l’atmosphère due : 
- à la présence de matériaux et produits contenant de l’amiante (MPCA) friables ou très dégradés dans les locaux de travail non diagnostiqués,
- à l’intervention malencontreuse d’un tiers sur des MPCA (manque d’identification ou d’information).";Pathologies liées à l’amiante (asbestose, cancer du poumon, mésothéliome.), plaques pleurales.;Clôturée;MARC SALVADORI;P3;Existante;"L'obligation de faire réaliser un diagnostic amiante, concerne les immeubles dont le permis de construire a été délivré avant le 1er juillet 1997. 
Le bâtiment n’est donc pas concerné par cette obligation, idem pour les R.A.T.";;Aucune;;63;
40;1;3;666;3. POLMAR;Centres POLMAR;Centre de Sète (avant fermeture du site);1;Risque Amiante;"Inhalation accidentelle de fibres d’amiante en suspension dans l’atmosphère due : 
- à la présence de matériaux et produits contenant de l’amiante (MPCA) friables ou très dégradés dans les locaux de travail non diagnostiqués,
- à l’intervention malencontreuse d’un tiers sur des MPCA (manque d’identification ou d’information).";Pathologies liées à l’amiante (asbestose, cancer du poumon, mésothéliome.), plaques pleurales.;A planifier;Jennifer LETELLIER;P2;Existante;"1. Réalisation de repérages des MPCA puis constitution des dossiers techniques amiante (DTA = synthèse des diagnostics et actions) par site.
2. Retrait de plaques fibro-ciment déterriorées en octobre 2012.
3. Communication de repérages au CP (voir document attaché) pour actualiser le tableau de synthèse mis en ligne sur l’intranet (dont le but est de : faciliter la consultation de l’historique par site et permettre l’identification des matériaux/produits contenants de l’amiante et donc éviter toute intervention malencontreuse dessus ou à proximité).
4. Consigne reçue: Les interventions et/ou retraits de produits ou matériaux contenants de l’amiante (friable et non friable) sont non autorisés en régie (code du travail SS3 et SS4).

NB : L’évaluation de l’état de dégradation par un opérateur certifié des matériaux/produits amiantés identifiés est recommandée tous les 36 mois.";;36 mois;20/11/2016;69;
41;1;3;3;3. POLMAR;Centres POLMAR;Centre de Sète (avant fermeture du site);1;Risque Amiante;"Inhalation accidentelle de fibres d’amiante en suspension dans l’atmosphère due : 
- à la présence de matériaux et produits contenant de l’amiante (MPCA) friables ou très dégradés dans les locaux de travail non diagnostiqués,
- à l’intervention malencontreuse d’un tiers sur des MPCA (manque d’identification ou d’information).";Pathologies liées à l’amiante (asbestose, cancer du poumon, mésothéliome.), plaques pleurales.;A planifier;Jennifer LETELLIER;P2;A proposer;"1. Mise en œuvre et suivi des recommandations du diagnostiqueur (exemple : surveillance de l’état de dégradation des MCA détectés, recherche de la cause de la dégradation, mesures d’empoussièrement, mesures correctives...).
2. Contrôle périodique d’évaluation de l’état de dégradation des matériaux/produits amiantés identifiés à réaliser (par un opérateur certifié recommandé tous les 36 mois),
3. Communication du DTA du site à tout prestataire/intervenant (prévu par le plan de prévention en cas de co-activité),
4. Identifier (par une signalétique à poser) les MCA afin d’éviter toute intervention par inadvertance (Cf. mesure existante),
5. Réaliser un repérage avant travaux (obligatoire cf.arrêté du 16 juillet 2019) afin de rechercher la présence d’amiante dans le bâti, préalablement à toute opération comportant des risques d’exposition des travailleurs.
6. Renseigner les derniers éléments dans la fiche sécurité du DUERP du site et les communiquer au CP.
7. Documents individuels de traçabilité amiante à renseigner pour les travailleurs potentiellement exposés.";;36 mois;20/11/2016;69;
42;1;3;2;3. POLMAR;Centres POLMAR;Centre de Port de Bouc;1;Risque Amiante;"Inhalation accidentelle de fibres d’amiante en suspension dans l’atmosphère due : 
- à la présence de matériaux et produits contenant de l’amiante (MPCA) friables ou très dégradés dans les locaux de travail non diagnostiqués,
- à l’intervention malencontreuse d’un tiers sur des MPCA (manque d’identification ou d’information).";Pathologies liées à l’amiante (asbestose, cancer du poumon, mésothéliome.), plaques pleurales.;A contrôler;MAXIME SUROY;P3;Existante;"1. Réalisation de repérages des MPCA puis constitution des dossiers techniques amiante (DTA = synthèse des diagnostics et actions) par site.
2. Communication de repérages au CP (voir document attaché) pour actualiser le tableau de synthèse mis en ligne sur l’intranet (dont le but est de : faciliter la consultation de l’historique par site et permettre l’identification des matériaux/produits contenants de l’amiante et donc éviter toute intervention malencontreuse dessus ou à proximité).
3. Consigne reçue: Les interventions et/ou retraits de produits ou matériaux contenants de l’amiante (friable et non friable) sont non autorisés en régie (code du travail SS3 et SS4).

NB : L’évaluation de l’état de dégradation par un opérateur certifié des matériaux/produits amiantés identifiés est recommandée tous les 36 mois.";;36 mois;23/11/2023;68;
43;1;3;3;3. POLMAR;Centres POLMAR;Centre de Port de Bouc;1;Risque Amiante;"Inhalation accidentelle de fibres d’amiante en suspension dans l’atmosphère due : 
- à la présence de matériaux et produits contenant de l’amiante (MPCA) friables ou très dégradés dans les locaux de travail non diagnostiqués,
- à l’intervention malencontreuse d’un tiers sur des MPCA (manque d’identification ou d’information).";Pathologies liées à l’amiante (asbestose, cancer du poumon, mésothéliome.), plaques pleurales.;A planifier;MAXIME SUROY;P2;A proposer;"1. Mise en œuvre et suivi des recommandations du diagnostiqueur (exemple : surveillance de l’état de dégradation des MCA détectés, recherche de la cause de la dégradation, mesures d’empoussièrement, mesures correctives...).
2. Contrôle périodique d’évaluation de l’état de dégradation des matériaux/produits amiantés identifiés à réaliser (par un opérateur certifié recommandé tous les 36 mois),
3. Communication du DTA du site à tout prestataire/intervenant (prévu par le plan de prévention en cas de co-activité),
4. Identifier (par une signalétique à poser) les MCA afin d’éviter toute intervention par inadvertance (Cf. mesure existante),
5. Réaliser un repérage avant travaux (obligatoire cf.arrêté du 16 juillet 2019) afin de rechercher la présence d’amiante dans le bâti, préalablement à toute opération comportant des risques d’exposition des travailleurs.
6. Renseigner les derniers éléments dans la fiche sécurité du DUERP du site et les communiquer au CP.
7. Documents individuels de traçabilité amiante à renseigner pour les travailleurs potentiellement exposés.";;36 mois;23/11/2023;68;
44;1;3;8;.GESTIONNAIRE SITE;SERVICE(S) DIRM hébergé(s);Aspretto-Site B.A.N-Sous-CROSS hébergé;1;Risque Amiante;"Inhalation accidentelle de fibres d’amiante en suspension dans l’atmosphère due : 
- à la présence de matériaux et produits contenant de l’amiante (MPCA) friables ou très dégradés dans les locaux de travail non diagnostiqués,
- à l’intervention malencontreuse d’un tiers sur des MPCA (manque d’identification ou d’information).";Pathologies liées à l’amiante (asbestose, cancer du poumon, mésothéliome.), plaques pleurales.;A contrôler;Gestionnaire site et responsable du service;P3;Existante;"1. Réalisation d’un repérage des Matériaux et produits pouvant contenir de l’amiante (MPCA) du site.
2. Communication du repérage au CP (voir document attaché) pour actualiser le tableau de synthèse mis en ligne sur l’intranet (dont le but est de : faciliter la consultation de l’historique par site et permettre l’identification des matériaux/produits contenants de l’amiante et donc éviter toute intervention malencontreuse dessus ou à proximité).
3. Consigne reçue: Les interventions et/ou retraits de produits ou matériaux contenants de l’amiante (friable et non friable) sont non autorisés en régie (code du travail SS3 et SS4).

NB : L’évaluation de l’état de dégradation par un opérateur certifié des matériaux/produits amiantés identifiés est recommandée tous les 36 mois..";;36 mois;20/07/2020;74;
45;1;3;566;.GESTIONNAIRE SITE;SERVICE(S) DIRM hébergé(s);Aspretto-Site B.A.N-Sous-CROSS hébergé;1;Risque Amiante;"Inhalation accidentelle de fibres d’amiante en suspension dans l’atmosphère due : 
- à la présence de matériaux et produits contenant de l’amiante (MPCA) friables ou très dégradés dans les locaux de travail non diagnostiqués,
- à l’intervention malencontreuse d’un tiers sur des MPCA (manque d’identification ou d’information).";Pathologies liées à l’amiante (asbestose, cancer du poumon, mésothéliome.), plaques pleurales.;A contrôler;Gestionnaire site et responsable du service;P3;A proposer;"1. Communication du DTA du site à tout prestataire/intervenant (prévu par le plan de prévention en cas de co-activité) afin de justifier la non présence d’amiante,
2. Réaliser un repérage avant travaux (obligatoire cf.arrêté du 16 juillet 2019*) afin de rechercher la présence d’amiante dans le bâti, préalablement à toute opération comportant des risques d’exposition des travailleurs.
*Obligatoire au préalable à tous travaux ou intervention, même si auparavant un repérage a était réalisé. La liste de recherche des matériaux et produits contenants de l’amiante avant travaux (liste C non exhaustive) et plus approfondie et s’étend jusqu’au matériau caché dans les supports de constructions.";;36 mois;20/07/2020;74;
46;1;3;2;4. CROSS MED;CROSS MÉDITERRANÉE;La Garde;1;Risque Amiante;"Inhalation accidentelle de fibres d’amiante en suspension dans l’atmosphère due : 
- à la présence de matériaux et produits contenant de l’amiante (MPCA) friables ou très dégradés dans les locaux de travail non diagnostiqués,
- à l’intervention malencontreuse d’un tiers sur des MPCA (manque d’identification ou d’information).";Pathologies liées à l’amiante (asbestose, cancer du poumon, mésothéliome.), plaques pleurales.;En cours;Aymeric LE MASNE DE CHERMONT;P3;Existante;"1. Réalisation de repérages des MPCA puis constitution des dossiers techniques amiante (DTA = synthèse des diagnostics et actions) par site.
2. Communication de repérages au CP (voir document attaché) pour actualiser le tableau de synthèse mis en ligne sur l’intranet (dont le but est de : faciliter la consultation de l’historique par site et permettre l’identification des matériaux/produits contenants de l’amiante et donc éviter toute intervention malencontreuse dessus ou à proximité).
3. Consigne reçue: Les interventions et/ou retraits de produits ou matériaux contenants de l’amiante (friable et non friable) sont non autorisés en régie (code du travail SS3 et SS4).

NB : L’évaluation de l’état de dégradation par un opérateur certifié des matériaux/produits amiantés identifiés est recommandée tous les 36 mois.";;36 mois;28/09/2025;70;
47;1;3;3;4. CROSS MED;CROSS MÉDITERRANÉE;La Garde;1;Risque Amiante;"Inhalation accidentelle de fibres d’amiante en suspension dans l’atmosphère due : 
- à la présence de matériaux et produits contenant de l’amiante (MPCA) friables ou très dégradés dans les locaux de travail non diagnostiqués,
- à l’intervention malencontreuse d’un tiers sur des MPCA (manque d’identification ou d’information).";Pathologies liées à l’amiante (asbestose, cancer du poumon, mésothéliome.), plaques pleurales.;A planifier;Aymeric LE MASNE DE CHERMONT;P3;A proposer;"1. Mise en œuvre et suivi des recommandations du diagnostiqueur (exemple : surveillance de l’état de dégradation des MCA détectés, recherche de la cause de la dégradation, mesures d’empoussièrement, mesures correctives...).
2. Contrôle périodique d’évaluation de l’état de dégradation des matériaux/produits amiantés identifiés à réaliser (par un opérateur certifié recommandé tous les 36 mois),
3. Communication du DTA du site à tout prestataire/intervenant (prévu par le plan de prévention en cas de co-activité),
4. Identifier (par une signalétique à poser) les MCA afin d’éviter toute intervention par inadvertance (Cf. mesure existante),
5. Réaliser un repérage avant travaux (obligatoire cf.arrêté du 16 juillet 2019) afin de rechercher la présence d’amiante dans le bâti, préalablement à toute opération comportant des risques d’exposition des travailleurs.
6. Renseigner les derniers éléments dans la fiche sécurité du DUERP du site et les communiquer au CP.
7. Documents individuels de traçabilité amiante à renseigner pour les travailleurs potentiellement exposés.";;36 mois;28/09/2025;70;
50;1;3;1;2. SPB;COB Bonifacio - sites du secteur;COB Bonifacio;1;Risque Amiante;"Inhalation accidentelle de fibres d’amiante en suspension dans l’atmosphère due : 
- à la présence de matériaux et produits contenant de l’amiante (MPCA) friables ou très dégradés dans les locaux de travail non diagnostiqués,
- à l’intervention malencontreuse d’un tiers sur des MPCA (manque d’identification ou d’information).";Pathologies liées à l’amiante (asbestose, cancer du poumon, mésothéliome.), plaques pleurales.;Clôturée;CYRILLE SZENKER;P3;Existante;"1. Réalisation de repérages des MPCA puis constitution des dossiers techniques amiante (DTA = synthèse des diagnostics et actions) par site.
2. Mise en œuvre et suivi des recommandations du diagnostiqueur (exemple : surveillance de l’état de dégradation des MCA détectés, recherche de la cause de la dégradation, mesures d’empoussièrement, mesures correctives...).
3. Communication des derniers éléments relatifs à l’amiante (exemple : repérages, mise à jour DTA/fiches récapitulatives, plan de retrait, R.A.T..) au CP pour actualiser le tableau de synthèse mis en ligne sur l’intranet (dont le but est de : faciliter la consultation de l’historique par site et permettre l’identification des matériaux/produits contenants de l’amiante et donc éviter toute intervention malencontreuse dessus ou à proximité).
4. Consigne reçue: Les interventions et/ou retraits de produits ou matériaux contenants de l’amiante (friable et non friable) sont non autorisés en régie (code du travail SS3 et SS4).

NB : L’évaluation de l’état de dégradation par un opérateur certifié des matériaux/produits amiantés identifiés est recommandée tous les 36 mois.";;Aucune;;66;
51;316;3;7;5. NAVIRE DCS;PATROUILLEUR GYPTIS;Secteur d'intervention du navire et de son équipage;1;Risque Amiante;Inhalation accidentelle de fibres d’amiante en suspension dans l’atmosphère due : A la forte suspicion de présence d’amiante dans l’atmosphère à défaut de DTA lors de contrôles à bord de navires français construits avant 1998 et navires étrangers construits avant 2002 ne respectant pas la législation communautaire.;Pathologies liées à l’amiante (asbestose, cancer du poumon, mésothéliome.), plaques pleurales.;Clôturée;GUY.F- LE GUILLOU.R;P3;Existante;"- Attestation du 25/04/2022 chargé d'affaire Océa (constructeur du navire), certifiant l'absence d'amiante dans les ensembles du patrouilleur, conformément à la convention SOLAS qui prohibe l'usage d'amiante dans la construction navale à partir du 01/07/2002.
- Lors des contrôles : demande du dossier technique amiante existant.";;Aucune;;71;
52;1;3;61;6. CSN;CSN PACA Corse (Antenne);Martigues-Antenne CSN PACA Corse ;1;Risque Amiante;"Inhalation accidentelle de fibres d’amiante en suspension dans l’atmosphère due : 
- à la présence de matériaux et produits contenant de l’amiante (MPCA) friables ou très dégradés dans les locaux de travail non diagnostiqués,
- à l’intervention malencontreuse d’un tiers sur des MPCA (manque d’identification ou d’information).";Pathologies liées à l’amiante (asbestose, cancer du poumon, mésothéliome.), plaques pleurales.;Clôturée;Pascal JEHANNO;P3;Existante;"1. Réalisation de repérages des MPCA puis constitution des dossiers techniques amiante (DTA = synthèse des diagnostics et actions) du site.
2. Communication de repérages au CP (voir document attaché) pour actualiser le tableau de synthèse mis en ligne sur l’intranet (dont le but est de : faciliter la consultation de l’historique par site et permettre l’identification des matériaux/produits contenants de l’amiante et donc éviter toute intervention malencontreuse dessus ou à proximité).
3. Pas de présence d’amiante repérée dans le bâti.";;Aucune;;73;
55;1;3;8;6. CSN;CSN Occitanie; Sète-CSN Occitanie;1;Risque Amiante;"Inhalation accidentelle de fibres d’amiante en suspension dans l’atmosphère due : 
- à la présence de matériaux et produits contenant de l’amiante (MPCA) friables ou très dégradés dans les locaux de travail non diagnostiqués,
- à l’intervention malencontreuse d’un tiers sur des MPCA (manque d’identification ou d’information).";Pathologies liées à l’amiante (asbestose, cancer du poumon, mésothéliome.), plaques pleurales.;En cours;PHILIPPE MARTINEZ;P3;Existante;"1. Réalisation d’un repérage des Matériaux et produits pouvant contenir de l’amiante (MPCA) du site.
2. Communication du repérage au CP (voir document attaché) pour actualiser le tableau de synthèse mis en ligne sur l’intranet (dont le but est de : faciliter la consultation de l’historique par site et permettre l’identification des matériaux/produits contenants de l’amiante et donc éviter toute intervention malencontreuse dessus ou à proximité).
3. Consigne reçue: Les interventions et/ou retraits de produits ou matériaux contenants de l’amiante (friable et non friable) sont non autorisés en régie (code du travail SS3 et SS4).

NB : L’évaluation de l’état de dégradation par un opérateur certifié des matériaux/produits amiantés identifiés est recommandée tous les 36 mois..";;36 mois;04/11/2024;72;
56;1;3;682;6. CSN;CSN Occitanie; Sète-CSN Occitanie;1;Risque Amiante;"Inhalation accidentelle de fibres d’amiante en suspension dans l’atmosphère due : 
- à la présence de matériaux et produits contenant de l’amiante (MPCA) friables ou très dégradés dans les locaux de travail non diagnostiqués,
- à l’intervention malencontreuse d’un tiers sur des MPCA (manque d’identification ou d’information).";Pathologies liées à l’amiante (asbestose, cancer du poumon, mésothéliome.), plaques pleurales.;A contrôler;PHILIPPE MARTINEZ;P3;A proposer;"1. Mise en œuvre et suivi des conclusions du diagnostiqueur au niveau de la zone des combles (obligation réglementaire du propriétaire), afin de réaliser un repérage des Matériaux et produits pouvant contenir de l’amiante sur l’ensemble des locaux du site qui ne sont pas totalement diagnostiqués à ce jour (puis communication du repérage au CP pour actualiser le tableau de synthèse mis en ligne sur l’intranet).
2. En cas de présence d’amiante repérée : un contrôle périodique d’évaluation de l’état de dégradation des matériaux/produits amiantés identifiés est à réaliser (par un opérateur certifié recommandé tous les 36 mois).
3. En cas de présence d’amiante repérée : Identifier (par une signalétique à poser) les MCA afin d’éviter toute intervention par inadvertance.
4. Communication du DTA du site à tout prestataire/intervenant (prévu par le plan de prévention en cas de co-activité).
5. Réaliser un repérage avant travaux (obligatoire cf. arrêté du 16 juillet 2019) afin de rechercher la présence d’amiante dans le bâti, préalablement à toute opération comportant des risques d’exposition des travailleurs.
6. Renseigner les derniers éléments dans la fiche sécurité du DUERP du site et les communiquer au CP.
7. Documents individuels de traçabilité amiante à renseigner pour les travailleurs potentiellement exposés.
";;36 mois;04/11/2024;72;
57;1;3;685;.GESTIONNAIRE SITE;SERVICE(S) DIRM hébergé(s);Port la nouvelle-Site S.A.M-Ant. CSN Occitanie hébergé;1;Risque Amiante;"Inhalation accidentelle de fibres d’amiante en suspension dans l’atmosphère due : 
- à la présence de matériaux et produits contenant de l’amiante (MPCA) friables ou très dégradés dans les locaux de travail non diagnostiqués,
- à l’intervention malencontreuse d’un tiers sur des MPCA (manque d’identification ou d’information).";Pathologies liées à l’amiante (asbestose, cancer du poumon, mésothéliome.), plaques pleurales.;En cours;Gestionnaire site et responsable du service;P3;Existante;"1. Réalisation de repérages des MPCA puis constitution du dossier techniques amiante (DTA = synthèse des diagnostics et actions) du site.
2. Communication des éléments au CP (voir document attaché) pour actualiser le tableau de synthèse mis en ligne sur l’intranet (dont le but est de : faciliter la consultation de l’historique par site et permettre l’identification des matériaux/produits contenants de l’amiante et donc éviter toute intervention malencontreuse dessus ou à proximité).
3. Présence d’amiante identifiée par une signalétique sur les MCA afin d’éviter toute intervention par inadvertance d’un tiers.

NB : L’évaluation de l’état de dégradation par un opérateur certifié des matériaux/produits amiantés identifiés est recommandée tous les 36 mois.";;Aucune;;78;
58;1;3;5;.GESTIONNAIRE SITE;SERVICE(S) DIRM hébergé(s);Ajaccio-Site DDTM2A-SSGM hébergé;1;Risque Amiante;"Inhalation accidentelle de fibres d’amiante en suspension dans l’atmosphère due : 
- à la présence de matériaux et produits contenant de l’amiante (MPCA) friables ou très dégradés dans les locaux de travail non diagnostiqués,
- à l’intervention malencontreuse d’un tiers sur des MPCA (manque d’identification ou d’information).";Pathologies liées à l’amiante (asbestose, cancer du poumon, mésothéliome.), plaques pleurales.;A planifier;Gestionnaire site et responsable du service;P2;A proposer;"1. Une demande de copie du Dossier Technique Amiante à jour du bâtiment doit être faite auprès du propriétaire/gestionnaire où le personnel est hébergé.
2. Communication du DTA du site à tout prestataire/intervenant (prévu par le plan de prévention en cas de co-activité),
3. En cas de présence avérée d’amiante, des consignes sont à communiquer au personnel : Les interventions et/ou retraits de produits ou matériaux contenants de l’amiante (friable et non friable) sont non autorisés en régie (code du travail SS3 et SS4).
4. En cas de présence avérée d’amiante : Identifier (par une signalétique à poser) les MCA afin d’éviter toute intervention par inadvertance
5. Réaliser un repérage avant travaux (obligatoire cf.arrêté du 16 juillet 2019) afin de rechercher la présence d’amiante dans le bâti, préalablement à toute opération comportant des risques d’exposition des travailleurs.

NB :Le repérage des matériaux et produits pouvant contenir de l’amiante est obligatoire pour les bâtiments dont le permis de construire a été délivré avant le 1er juillet 1997, afin d’évaluer leur état de conservation et d’estimer si des fibres sont susceptibles ou non d’être libérées dans l’air ambiant).";;6 mois;25/02/2022;;
59;1;3;60;.GESTIONNAIRE SITE;SERVICE(S) DIRM hébergé(s);Port la Nouvelle-Site La prud'homie-SSGM hébergé;1;Risque Amiante;"Inhalation accidentelle de fibres d’amiante en suspension dans l’atmosphère due : 
- à la présence de matériaux et produits contenant de l’amiante (MPCA) friables ou très dégradés dans les locaux de travail non diagnostiqués,
- à l’intervention malencontreuse d’un tiers sur des MPCA (manque d’identification ou d’information).";Pathologies liées à l’amiante (asbestose, cancer du poumon, mésothéliome.), plaques pleurales.;A contrôler;Gestionnaire site et responsable du service;P2;Existante;Aucuns éléments de diagnostics relatifs à l’absence ou la présence d’amiante (Dossier Technique Amiante, repérages..) dans le bâti communiqué au CP à ce jour.;;6 mois;25/02/2022;;
64;2;205;11;1. SERVICES ADMINISTRATIFS;TOUS SERVICES DIRM administratifs-bureaux;TOUS SITES administratifs DIRM (hébergés y compris);2;Risque Biologique;SANS OBJET;"Ce risque est celui lié à l’exposition à des agents biologiques*présents dans les matières et matériaux (substances ou déchets infectieux, échantillons biologiques ou culture cellulaire..) manipulés principalement dans l’activité. 
*« Les agents biologiques regroupent tous les micro-organismes, y compris les micro-organismes génétiquement modifiés, les cultures cellulaires et les endoparasites humains susceptibles de provoquer une infection, une allergie ou une intoxication » (code du travail). Pour les risques sanitaires se reporter au risque 39.";-1;0;0;Existante;AUCUNE / SANS OBJET;;Aucune;;;
65;3;34;6;1. SERVICES ADMINISTRATIFS;TOUS SERVICES DIRM administratifs-bureaux;TOUS SITES administratifs DIRM (hébergés y compris);3;Risque Chimique;"Inhalation, contact cutané, ingestion accidentelle possible de produits toxiques* dû à de mauvaises conditions de protection,  de traitement/manipulation, de stockage, de transport ou d’élimination.
*Agents chimiques Dangereux (à l’état solide, liquide ou gazeux) présents dans les : cartouches d’encre, produits ménager, produits d’entretien de véhicules, revêtements de sol….";Infection, irritation, brûlure chimique, allergie.;A contrôler;Responsables des services;P3;Existante;"- Protections collectives : Ventilation des locaux, container de stockage et de reçyclage de cartouches d’imprimantes présents sur certains sites, 
- Collecte et lecture des fiches données sécurité (FDS) des divers produits utilisés : respect des consignes (Port de EPI, utilisation, stockage...), signalisation et étiquetage.
- Lavage des mains après utilisation de produits afin d'éviter de contaminer des surfaces et de ce fait les autres.";;Aucune;;;
68;2;1;11;1. SERVICES ADMINISTRATIFS;TOUS SERVICES DIRM administratifs-bureaux;TOUS SITES administratifs DIRM (hébergés y compris);4;Risque chimique lié à l'utilisation de produits CMR;SANS OBJET;SANS OBJET;-1;0;0;Existante;AUCUNE / SANS OBJET;;Aucune;;;
70;4;9;12;1. SERVICES ADMINISTRATIFS;TOUS SERVICES DIRM administratifs-bureaux;TOUS SITES administratifs DIRM (hébergés y compris);5;Risque de brûlure thermique;"- Interventions sur photocopieurs (bourrages papier, changement de toner),
- renverser accidentellement un liquide brûlant (boissons chaudes, bouilloires électriques).";Brûlures légères;A contrôler;Responsables des services;P3;Existante;"- Signalétique et indications des surfaces chaudes inscrites sur le photocopieur,
- Rangement des surfaces bureautiques et des coins repas (prolongateurs, multiprises, cafetières, bouilloires électriques…).";;Aucune;;;
71;5;10;640;1. SERVICES ADMINISTRATIFS;TOUS SERVICES DIRM administratifs-bureaux;TOUS SITES administratifs DIRM (hébergés y compris);6;Risque électrique;"- Contact direct (pièces nues sous tension accessibles) ou indirect (masses mises inopinément sous tension) accidentel dû à la défaillance du matériel, des équipements ou des installations électriques :
=> utilisation de matériel électrique non conforme : obsolète ou détérioré (fil dénudé, défaut d’isolation,…),
=> défaut de : conformité (ex : manque de continuité de liaison à la terre), matérialisation de la zone de voisinage, isolement des parties actives sur les installations et équipements.
- Mauvais usage (surcharge) de multiprises et prolongateurs.";Electrocution (décés), électrisation: fibrillation, lésions internes ou externes. Brûlures par arc électrique, incendie, explosion.;A contrôler;Responsables des services;P2;Existante;"Tous les services administratifs sont hébergés sur plusieurs sites.
Pour ce risque veuillez vous reporter au(x) site(s) hébergeur(s) dans l’unité « 8.GESTIONNAIRE SITE » pour visionner les mesures (existantes ou à proposer) qui concernent votre service.";;12 mois;03/03/2024;;
72;5;10;640;1. SERVICES ADMINISTRATIFS;TOUS SERVICES DIRM administratifs-bureaux;TOUS SITES administratifs DIRM (hébergés y compris);6;Risque électrique;"- Contact direct (pièces nues sous tension accessibles) ou indirect (masses mises inopinément sous tension) accidentel dû à la défaillance du matériel, des équipements ou des installations électriques :
=> utilisation de matériel électrique non conforme : obsolète ou détérioré (fil dénudé, défaut d’isolation,…),
=> défaut de : conformité (ex : manque de continuité de liaison à la terre), matérialisation de la zone de voisinage, isolement des parties actives sur les installations et équipements.
- Mauvais usage (surcharge) de multiprises et prolongateurs.";Electrocution (décés), électrisation: fibrillation, lésions internes ou externes. Brûlures par arc électrique, incendie, explosion.;A planifier;Responsables des services;P2;A proposer;"Tous les services administratifs sont hébergés sur plusieurs sites.
Pour ce risque veuillez vous reporter au(x) site(s) hébergeur(s) dans l’unité « 8.GESTIONNAIRE SITE » pour visionner les mesures (existantes ou à proposer) qui concernent votre service.";;12 mois;03/03/2024;;
73;6;10;15;1. SERVICES ADMINISTRATIFS;CELLULE INFORMATIQUE-MOYENS GENERAUX;CELLULE INFORMATIQUE-MOYENS GENERAUX TOUS SITES DU SECTEUR D'INTERVENTION;6;Risque électrique;"- Opérations de maintenance de la cellule informatique dans les locaux techniques.
- Intervention électriques (exemple : câblage, remplacement d’une prise ou d’un fusible), sans disposer des qualifications requises.";Electrocution (décés), électrisation: fibrillation, lésions internes ou externes. Brûlures par arc électrique, incendie, explosion.;A contrôler;ALEXANDRE BINDL;P2;Existante;"- Conformité du matériel électrique mis en place dans les locaux techniques.
- Maintient des locaux techniques en position fermée.
- Interventions de l’opérateur limitées à son niveau d’habilitation (hors tension, hors voisinage des éléments sous tension).";;Aucune;;;
74;7;10;17;1. SERVICES ADMINISTRATIFS;TOUS SERVICES DIRM administratifs-bureaux;TOUS SITES administratifs DIRM (hébergés y compris);6;Risque électrique;"Interventions élémentaires électriques (exemple : changement d’ampoules, remplacement d’une prise ou d’un fusible), sans disposer
des qualifications requises.";Electrocution (décés), électrisation: fibrillation, lésions internes ou externes. Brûlures par arc électrique, incendie, explosion.;A contrôler;Responsables des services;P2;Existante;"- Maintien en état de conformité des installations électriques.
- Interventions de l’opérateur limitées à son niveau d’habilitation (hors tension, hors voisinage des éléments sous tension).";;Aucune;;;
75;7;10;16;1. SERVICES ADMINISTRATIFS;TOUS SERVICES DIRM administratifs-bureaux;TOUS SITES administratifs DIRM (hébergés y compris);6;Risque électrique;"Interventions élémentaires électriques (exemple : changement d’ampoules, remplacement d’une prise ou d’un fusible), sans disposer
des qualifications requises.";Electrocution (décés), électrisation: fibrillation, lésions internes ou externes. Brûlures par arc électrique, incendie, explosion.;A contrôler;Responsables des services;P2;A proposer;Habilitation électrique (ex: manoeuvre, essais, interventions élémentaires) et recyclages du personnel identifié.;;Aucune;;;
76;2;1;11;1. SERVICES ADMINISTRATIFS;TOUS SERVICES DIRM administratifs-bureaux;TOUS SITES administratifs DIRM (hébergés y compris);7;Risque explosion;SANS OBJET;SANS OBJET;-1;0;0;Existante;AUCUNE / SANS OBJET;;Aucune;;;
77;8;11;640;1. SERVICES ADMINISTRATIFS;TOUS SERVICES DIRM administratifs-bureaux;TOUS SITES administratifs DIRM (hébergés y compris);8;Risque Incendie;Incendie dans les locaux de travail.;Brûlures légères à graves, dommages, lésions, décés.;A contrôler;Responsables des services;P2;Existante;"Tous les services administratifs sont hébergés sur plusieurs sites.
Pour ce risque veuillez vous reporter au(x) site(s) hébergeur(s) dans l’unité « 8.GESTIONNAIRE SITE » pour visionner les mesures (existantes ou à proposer) qui concernent votre service.";;12 mois;03/03/2024;;
78;8;11;640;1. SERVICES ADMINISTRATIFS;TOUS SERVICES DIRM administratifs-bureaux;TOUS SITES administratifs DIRM (hébergés y compris);8;Risque Incendie;Incendie dans les locaux de travail.;Brûlures légères à graves, dommages, lésions, décés.;A planifier;Responsables des services;P2;A proposer;"Tous les services administratifs sont hébergés sur plusieurs sites.
Pour ce risque veuillez vous reporter au(x) site(s) hébergeur(s) dans l’unité « 8.GESTIONNAIRE SITE » pour visionner les mesures (existantes ou à proposer) qui concernent votre service.";;12 mois;03/03/2024;;
79;8;11;643;.GESTIONNAIRE SITE;SERVICE(S) DIRM hébergé(s);Ajaccio-(annexe COB)-Délég.DIRM Corse/SEF/Aff.éco/CSN hébergés;8;Risque Incendie;Incendie dans les locaux de travail.;Brûlures légères à graves, dommages, lésions, décés.;A contrôler;Gestionnaire site et responsables des services;P2;Existante;"Aucune :
- Vérifier si les locaux de ce site sont dotés de plan d’évacuation, signalétique et de moyens de lutte contre les débuts d'incendies.
- Vérifier l’obligation des exercices d’évacuations périodiques du personnel (obligatoire en fonction de la catégorie des locaux)";;12 mois;31/08/2022;;
80;2;1;11;1. SERVICES ADMINISTRATIFS;TOUS SERVICES DIRM administratifs-bureaux;TOUS SITES administratifs DIRM (hébergés y compris);9;Risque Rayonnement Optiques Artificiels: DEL/Eclairage à forte luminance/Laser;SANS OBJET;SANS OBJET;-1;0;0;Existante;AUCUNE / SANS OBJET;;Aucune;;;
81;2;1;11;1. SERVICES ADMINISTRATIFS;TOUS SERVICES DIRM administratifs-bureaux;TOUS SITES administratifs DIRM (hébergés y compris);10;Risque lié à l'utilisation de produits pyrotechniques;SANS OBJET;SANS OBJET;-1;0;0;Existante;AUCUNE / SANS OBJET;;Aucune;;;
82;2;1;11;1. SERVICES ADMINISTRATIFS;TOUS SERVICES DIRM administratifs-bureaux;TOUS SITES administratifs DIRM (hébergés y compris);11;Risque lié à la manipulation d'outils;SANS OBJET;SANS OBJET;-1;0;0;Existante;AUCUNE / SANS OBJET;;Aucune;;;
83;9;12;640;1. SERVICES ADMINISTRATIFS;TOUS SERVICES DIRM administratifs-bureaux;TOUS SITES administratifs DIRM (hébergés y compris);12;Risque lié aux automatismes;Barrières, portes, portails automatiques et divers automatismes défaillants;Ecrasements, chocs : blessures diverses.;A contrôler;Responsables des services;P2;Existante;"Tous les services administratifs sont hébergés sur plusieurs sites.
Pour ce risque veuillez vous reporter au(x) site(s) hébergeur(s) dans l’unité « 8.GESTIONNAIRE SITE » pour visionner les mesures (existantes ou à proposer) qui concernent votre service.";;12 mois;03/03/2024;;
84;9;12;640;1. SERVICES ADMINISTRATIFS;TOUS SERVICES DIRM administratifs-bureaux;TOUS SITES administratifs DIRM (hébergés y compris);12;Risque lié aux automatismes;Barrières, portes, portails automatiques et divers automatismes défaillants;Ecrasements, chocs : blessures diverses.;A planifier;Responsables des services;P2;A proposer;"Tous les services administratifs sont hébergés sur plusieurs sites.
Pour ce risque veuillez vous reporter au(x) site(s) hébergeur(s) dans l’unité « 8.GESTIONNAIRE SITE » pour visionner les mesures (existantes ou à proposer) qui concernent votre service.";;12 mois;03/03/2024;;
85;9;12;645;.GESTIONNAIRE SITE;SERVICE(S) DIRM hébergé(s);Ajaccio-(annexe COB)-Délég.DIRM Corse/SEF/Aff.éco/CSN hébergés;12;Risque lié aux automatismes;Barrières, portes, portails automatiques et divers automatismes défaillants;Ecrasements, chocs : blessures diverses.;A planifier;Gestionnaire site et responsables des services;P2;Existante;Aucune, vérifier si le site est équipé de systèmes à automatisme destinés à l'usage des agents DIRM (barrières, portes, portails automatiques..) faisant l’objet de contrôles et de maintenance périodiques . ;;12 mois;31/08/2022;;
86;5;10;641;.GESTIONNAIRE SITE;SERVICE(S) DIRM hébergé(s);Ajaccio-(annexe COB)-Délég.DIRM Corse/SEF/Aff.éco/CSN hébergés;6;Risque électrique;"- Contact direct (pièces nues sous tension accessibles) ou indirect (masses mises inopinément sous tension) accidentel dû à la défaillance du matériel, des équipements ou des installations électriques :
=> utilisation de matériel électrique non conforme : obsolète ou détérioré (fil dénudé, défaut d’isolation,…),
=> défaut de : conformité (ex : manque de continuité de liaison à la terre), matérialisation de la zone de voisinage, isolement des parties actives sur les installations et équipements.
- Mauvais usage (surcharge) de multiprises et prolongateurs.";Electrocution (décés), électrisation: fibrillation, lésions internes ou externes. Brûlures par arc électrique, incendie, explosion.;A contrôler;Gestionnaire site et responsables des services;P3;Existante;"- Vérification visuelle de l’état du matériel électrique (ex :prolongateurs) avant usage (par tout agent), signalement de l’état du matériel endommagé à la hiérarchie et remplacement.
- Acquisition de matériel conforme à la norme en vigueur, respect de la puissance maximale indiquée sur les prolongateurs et multiprises.
- Maintiens des portes des tableaux et coffrets électriques en position fermée.";;Aucune;;;
87;2;1;11;1. SERVICES ADMINISTRATIFS;TOUS SERVICES DIRM administratifs-bureaux;TOUS SITES administratifs DIRM (hébergés y compris);13;Risque lié aux fluides et équipements sous-pression ;SANS OBJET;SANS OBJET;-1;0;0;Existante;AUCUNE / SANS OBJET;;Aucune;;;
88;2;1;11;1. SERVICES ADMINISTRATIFS;TOUS SERVICES DIRM administratifs-bureaux;TOUS SITES administratifs DIRM (hébergés y compris);14;Risque lié aux gestes répétitifs;SANS OBJET;SANS OBJET;-1;0;0;Existante;AUCUNE / SANS OBJET;;Aucune;;;
89;2;13;11;1. SERVICES ADMINISTRATIFS;TOUS SERVICES DIRM administratifs-bureaux;TOUS SITES administratifs DIRM (hébergés y compris);15;Risque lié aux postures de travail;SANS OBJET;SANS OBJET. Se reporter au risque.28: liés au travail sur écran (Troubles Musculo–Squelettiques/mauvaise postures et ergonomie, engendrés par l'environnement de travail);-1;0;0;Existante;AUCUNE / SANS OBJET;;Aucune;;;
91;10;14;640;1. SERVICES ADMINISTRATIFS;TOUS SERVICES DIRM administratifs-bureaux;TOUS SITES administratifs DIRM (hébergés y compris);16;Risque lié aux rayonnements ionisants et non ionisants (électromagnétiques);Inhalation du radon (gaz radioactif d’origine naturelle essentiellement présent dans le sol) concentré (niveau de référence inférieur à 300Bq/m3 en moyenne annuelle) dans des lieux confinés (sous-sols et rdc mal aérés) pendant une durée importante.;A long terme peut être la cause de cancers du poumon (en fonction de la concentration dans les locaux et du temps d'exposition).;A contrôler;Responsables des services;P1;Existante;"Tous les services administratifs sont hébergés sur plusieurs sites.
Pour ce risque veuillez vous reporter au(x) site(s) hébergeur(s) dans l’unité « 8.GESTIONNAIRE SITE » pour visionner les mesures (existantes ou à proposer) qui concernent votre service.";;12 mois;03/03/2024;;
92;11;15;638;1. SERVICES ADMINISTRATIFS;TOUS SERVICES DIRM administratifs-bureaux;TOUS SITES administratifs DIRM (hébergés y compris);17;Risque manutention manuelle;Tous services : archivage de dossiers, réception de livraisons diverses (consommables, mobilier bureatique...).;Douleurs dorso-lombaire, tendinites, écrasement.;A contrôler;Responsables des services;P2;Existante;"- Fractionnement des charges.
- Sur certains sites utilisation d'outils d’aide à la manutention (diable, chariot), diable de transport à 3 roues adapté au franchissement des marches.";;Aucune;;;
93;11;15;25;1. SERVICES ADMINISTRATIFS;TOUS SERVICES DIRM administratifs-bureaux;TOUS SITES administratifs DIRM (hébergés y compris);17;Risque manutention manuelle;Tous services : archivage de dossiers, réception de livraisons diverses (consommables, mobilier bureatique...).;Douleurs dorso-lombaire, tendinites, écrasement.;A planifier;Responsables des services;P2;A proposer;"- Intégration dans les marchés de la livraison des commandes jusqu'au lieu de stockage.
- Etude du conditionnement : fractionnement des charges,
- Besoins en outils d’aide à la manutention à faire remonter.";;12 mois;23/09/2022;;
99;2;1;11;1. SERVICES ADMINISTRATIFS;TOUS SERVICES DIRM administratifs-bureaux;TOUS SITES administratifs DIRM (hébergés y compris);18;Risque manutention mécanique et au levage;SANS OBJET;SANS OBJET;-1;0;0;Existante;AUCUNE / SANS OBJET;;Aucune;;;
101;13;16;26;1. SERVICES ADMINISTRATIFS;TOUS SERVICES DIRM administratifs-bureaux;TOUS SITES administratifs DIRM (hébergés y compris);19;Risque mécanique;Mauvaise utilisation de broyeuse à papier;Coupures, écrasements.;A contrôler;Responsables des services;P3;Existante;Prise en compte des recommandations du fabricant (aux porteurs : de cravate, cheveux et vêtements longs, colliers…);;Aucune;;;
102;13;16;27;1. SERVICES ADMINISTRATIFS;TOUS SERVICES DIRM administratifs-bureaux;TOUS SITES administratifs DIRM (hébergés y compris);19;Risque mécanique;Mauvaise utilisation de broyeuse à papier;Coupures, écrasements.;A contrôler;Responsables des services;P3;A proposer;Vérification et pose des signalétiques sur ces équipements, signalement rapide des défectuosités.;;Aucune;;;
103;2;1;11;1. SERVICES ADMINISTRATIFS;TOUS SERVICES DIRM administratifs-bureaux;TOUS SITES administratifs DIRM (hébergés y compris);20;Risque d'asphyxie;SANS OBJET;SANS OBJET;-1;0;0;Existante;AUCUNE / SANS OBJET;;Aucune;;;
105;14;17;28;1. SERVICES ADMINISTRATIFS;TOUS SERVICES DIRM administratifs-bureaux;TOUS SITES administratifs DIRM (hébergés y compris);21;Risque de chute d'objet;"Stockage en hauteur :
- au dessus des armoires de bureaux,
- système de dossiers suspendus coulissants installé en partie haute.";Lésions diverses;A contrôler;Responsables des services;P2;Existante;Organisation permanente, consignes d’archivage.;;6 mois;23/03/2022;;
106;14;17;29;1. SERVICES ADMINISTRATIFS;TOUS SERVICES DIRM administratifs-bureaux;TOUS SITES administratifs DIRM (hébergés y compris);21;Risque de chute d'objet;"Stockage en hauteur :
- au dessus des armoires de bureaux,
- système de dossiers suspendus coulissants installé en partie haute.";Lésions diverses;A contrôler;Responsables des services;P2;A proposer;"- Tri periodique des archives, anticipation et optimisation des espaces de rangement.
- Ajout de sur-armoire de bureau pour un gain de rangement ou classement.";;6 mois;23/03/2022;;
107;15;18;30;1. SERVICES ADMINISTRATIFS;TOUS SERVICES DIRM administratifs-bureaux;TOUS SITES administratifs DIRM (hébergés y compris);22;Risque de chute de hauteur et de plain pied;"- L’absence de marche-pieds et d’escabeaux peut entraîner des comportements non sécuritaires, comme grimper sur un siège ou une table pour effectuer des rangements ou accéder en hauteur.
- Chute dans les escaliers ou sur sol glissant voir R.30";Blessures diverses;En cours;Responsables des services;P3;Existante;"- Mise à disposition d’escabeau ou de marche pied (Zattara escabeau 3 marches),
- Consigne : Pas de transport d’objets dans les 2 mains en montant, garder toujours une main libre.";;6 mois;23/03/2022;;
108;15;18;31;1. SERVICES ADMINISTRATIFS;TOUS SERVICES DIRM administratifs-bureaux;TOUS SITES administratifs DIRM (hébergés y compris);22;Risque de chute de hauteur et de plain pied;"- L’absence de marche-pieds et d’escabeaux peut entraîner des comportements non sécuritaires, comme grimper sur un siège ou une table pour effectuer des rangements ou accéder en hauteur.
- Chute dans les escaliers ou sur sol glissant voir R.30";Blessures diverses;En cours;Responsables des services;P3;A proposer;Remontée des besoins pour généralisation des escabeaux ou marchepied correspondants aux exigences de sécurité (opter pour des modèles classe 2 ou idéalement classe 1).;;6 mois;23/03/2022;;
109;2;1;11;1. SERVICES ADMINISTRATIFS;TOUS SERVICES DIRM administratifs-bureaux;TOUS SITES administratifs DIRM (hébergés y compris);23;Risque de noyade;SANS OBJET;SANS OBJET;-1;0;0;Existante;AUCUNE / SANS OBJET;;Aucune;;;
110;2;1;11;1. SERVICES ADMINISTRATIFS;TOUS SERVICES DIRM administratifs-bureaux;TOUS SITES administratifs DIRM (hébergés y compris);24;Risque lié à l'ambiance thermique;SANS OBJET;SANS OBJET;-1;0;0;Existante;AUCUNE / SANS OBJET;;Aucune;;;
111;16;19;32;1. SERVICES ADMINISTRATIFS;TOUS SERVICES DIRM administratifs-bureaux;TOUS SITES administratifs DIRM (hébergés y compris);25;Risque lié à l'éclairage;Déplacements ou travail dans une zone mal éclairée ou présentant un éblouissement.;Lésions corporelles, superficielles ou profondes. ;En cours;Responsables des services;P3;Existante;"- Remplacement des éclairages de circulation (panneaux D.E.L UGR< 19) au 2ème et 1er Zattara ou la DIRM est présente.
- Entretien et rénovation de l’éclairage sur certains sites.";;6 mois;23/03/2022;;
112;16;19;33;1. SERVICES ADMINISTRATIFS;TOUS SERVICES DIRM administratifs-bureaux;TOUS SITES administratifs DIRM (hébergés y compris);25;Risque lié à l'éclairage;Déplacements ou travail dans une zone mal éclairée ou présentant un éblouissement.;Lésions corporelles, superficielles ou profondes. ;En cours;Responsables des services;P3;A proposer;"- Recensement et étude des zones mal éclairées.
- Remontées des anomalies à la hiérarchie, si besoins de contrôle des niveaux d’éclairement contacter le CP.";;6 mois;23/03/2022;;
113;17;20;34;1. SERVICES ADMINISTRATIFS;TOUS SERVICES DIRM administratifs-bureaux;TOUS SITES administratifs DIRM (hébergés y compris);25;Risque lié à l'éclairage;Éclairage trop puissant, trop faible ou non adapté au poste de travail.;Effets oculaires, visuels et généraux (maux de tête, fatigue, agressivité..).;En cours;Responsables des services;P3;Existante;"- Lampes de bureaux d’appoint individuelles, stores aux fenêtres, relamping et réglage des luminaires direct/indirect sur pied de Zattara.
- Etude et recommandations formulées par le CP sur le type d’éclairage optimal (y compris D.E.L>UGR).";;6 mois;23/03/2022;;
114;17;20;35;1. SERVICES ADMINISTRATIFS;TOUS SERVICES DIRM administratifs-bureaux;TOUS SITES administratifs DIRM (hébergés y compris);25;Risque lié à l'éclairage;Éclairage trop puissant, trop faible ou non adapté au poste de travail.;Effets oculaires, visuels et généraux (maux de tête, fatigue, agressivité..).;En cours;Responsables des services;P3;A proposer;"- Généralisation des solutions d'adaptations ergonomiques (consultation des nombreux guides conseils en ligne, voir R.28), étude de l’éclairement du poste de travail (contacter le CP si besoin).
- Consultation des nombreux guides conseils en ligne.";;6 mois;23/03/2022;;
115;18;21;36;1. SERVICES ADMINISTRATIFS;TOUS SERVICES DIRM administratifs-bureaux;TOUS SITES administratifs DIRM (hébergés y compris);26;Risque lié à la qualité de l'air;Lors de manque d'entretien des climatiseurs + non respect des précautions d'usages (amplitude supérieure à 8°C néfaste à la santé), mauvaise ventilation naturelle ou mécanique.;Problèmes respiratoires et ORL, irritations oculaires ou cutanées, choc thermique, maux de tête.;En cours;Responsables des services;P3;Existante;"- Entretien régulier des installations de traitement de l’air.
- Aération régulière les locaux.
-Respect des amplitudes de réglage,
- Zattara un thermomètre indicatif a été distribué à chaque occupant de bureau.";;6 mois;23/03/2022;;
116;18;21;37;1. SERVICES ADMINISTRATIFS;TOUS SERVICES DIRM administratifs-bureaux;TOUS SITES administratifs DIRM (hébergés y compris);26;Risque lié à la qualité de l'air;Lors de manque d'entretien des climatiseurs + non respect des précautions d'usages (amplitude supérieure à 8°C néfaste à la santé), mauvaise ventilation naturelle ou mécanique.;Problèmes respiratoires et ORL, irritations oculaires ou cutanées, choc thermique, maux de tête.;En cours;Responsables des services;P2;A proposer;"- Vigilance sur le réglage de la climatisation: Il est fortement déconseillé de dépasser les 8°C d'écart entre l'intérieur et l'extérieur (ex pour 30°C à l’extérieur il serait raisonnable de se contenter de 22°C minimum à l'intérieur),
- Contrôle des systèmes de renouvellement d'air dans les bureaux (dans le cas de menuiseries modernes/étanches: arrivées d'air et extractions).";;6 mois;23/03/2022;;
117;2;1;11;1. SERVICES ADMINISTRATIFS;TOUS SERVICES DIRM administratifs-bureaux;TOUS SITES administratifs DIRM (hébergés y compris);27;Risque lié au bruit;SANS OBJET;SANS OBJET;-1;0;0;Existante;AUCUNE / SANS OBJET;;Aucune;;;
118;19;22;38;1. SERVICES ADMINISTRATIFS;TOUS SERVICES DIRM administratifs-bureaux;TOUS SITES administratifs DIRM (hébergés y compris);28;Risque lié au travail sur écran;Travailler sur un écran plusieurs heures au cours de la journée, avec une mauvaise ergonomie du poste de travail.;"- Fatigue visuelle (maux de tête, picotements, rougeurs et lourdeur des globes oculaires, assèchement de l’oeil).
- Troubles musculo-squelettiques (TMS).";A contrôler;Responsables des services;P2;Existante;"- Acquisition, remplacement et adaptation du matériel de bureau afin d’améliorer l’ergonomie (plan de travail ,fauteuil, écrans, portes-documents, repose-pieds..).
- Pauses régulières, alternance des tâches, exercices d'étirements réguliers.
- Site Zattara: suite à une viste de poste du MDP et CP des recommandations ergonomiques ont été données, un rapport a été remis au DIRM, le CP en assure le suivi.";;6 mois;23/03/2022;;
119;19;22;39;1. SERVICES ADMINISTRATIFS;TOUS SERVICES DIRM administratifs-bureaux;TOUS SITES administratifs DIRM (hébergés y compris);28;Risque lié au travail sur écran;Travailler sur un écran plusieurs heures au cours de la journée, avec une mauvaise ergonomie du poste de travail.;"- Fatigue visuelle (maux de tête, picotements, rougeurs et lourdeur des globes oculaires, assèchement de l’oeil).
- Troubles musculo-squelettiques (TMS).";A contrôler;Responsables des services;P2;A proposer;Généralisation des solutions d'adaptations ergonomiques (consultation des nombreux guides conseils en ligne, voir R.28), étude de l’éclairement du poste de travail (contacter le CP si besoin).;;6 mois;23/03/2022;;
120;2;1;11;1. SERVICES ADMINISTRATIFS;TOUS SERVICES DIRM administratifs-bureaux;TOUS SITES administratifs DIRM (hébergés y compris);29;Risque lié aux conditions de travail particulières (horaires décalés, astreinte..);SANS OBJET;SANS OBJET;-1;0;0;Existante;AUCUNE / SANS OBJET;;Aucune;;;
121;290;19;40;1. SERVICES ADMINISTRATIFS;TOUS SERVICES DIRM administratifs-bureaux;TOUS SITES administratifs DIRM (hébergés y compris);30;Risque lié aux déplacements internes;"- Circulation à pied sur sol glissant, inégal ou présentant des obstacles pouvant entraîner une chute ou occasionner la torsion d'une articulation ou un choc contre un élément matériel. (Ex : escaliers ou sol irréguliers, encombrement des passages, présence sur le sol de divers objets comme les cartons, archives, les prolongateurs électriques, informatiques et bureautiques.
- Collision avec un véhicule.";Lésions corporelles, superficielles ou profondes. ;A contrôler;Responsables des services;P1;Existante;"- Installation de goulottes au sol pour la protection et le passage de câbles, rangement des câbles bureautiques, revêtements antidérapants.
- Dégagement des voies de circulation.
- Balisage réflexe (signalétique temporaire) des zones à risques.
- Achat de trépied de signalement du sol glissant (site Zattara).
- Réorganisation du service emploi formation à Zattara.
- Zattara (suite à plusieurs accidents avec jours d’arrêts) : étude réalisée par le CP pour mise en conformité des escaliers du 2ème étage. Refus de la DDTM13 de réalisation des travaux de remise en conformité. Pose d'un affichage de mise en garde.";;6 mois;28/03/2022;;
122;290;19;41;1. SERVICES ADMINISTRATIFS;TOUS SERVICES DIRM administratifs-bureaux;TOUS SITES administratifs DIRM (hébergés y compris);30;Risque lié aux déplacements internes;"- Circulation à pied sur sol glissant, inégal ou présentant des obstacles pouvant entraîner une chute ou occasionner la torsion d'une articulation ou un choc contre un élément matériel. (Ex : escaliers ou sol irréguliers, encombrement des passages, présence sur le sol de divers objets comme les cartons, archives, les prolongateurs électriques, informatiques et bureautiques.
- Collision avec un véhicule.";Lésions corporelles, superficielles ou profondes. ;A contrôler;Responsables des services;P1;A proposer;"- Suppression du risque possible par réagencement des postes et en cas d’impossibilité généralisation des passages de câbles, le rangement des câbles bureautique est à ne pas négliger.
- Généralisation des revêtements antidérapants sur les nez de marches et de pose de signalétique indiquant le danger.
- Anticipation de l’espace d’archivage (y compris archives vivantes).
- Pose systématique de trépied de sécurité (sol glissant) après nettoyage des sols (responsabilité du personnel de nettoyage).";;6 mois;28/03/2022;;
123;21;23;42;1. SERVICES ADMINISTRATIFS;TOUS SERVICES DIRM administratifs-bureaux;TOUS SITES administratifs DIRM (hébergés y compris);31;Risque lié aux interventions isolées;Situation de travail isolé lorsqu’un un agent est seul dans les locaux (ex : en fin d’après midi : risque d’agression, malaise, chute etc..);Divers, dommages aggravés par l’impossibilité de prévenir les secours.;En cours;Responsables des services;P2;Existante;Sécurisation des accès, moyens de communication permettant un contact régulier.;;Aucune;;;
124;21;23;43;1. SERVICES ADMINISTRATIFS;TOUS SERVICES DIRM administratifs-bureaux;TOUS SITES administratifs DIRM (hébergés y compris);31;Risque lié aux interventions isolées;Situation de travail isolé lorsqu’un un agent est seul dans les locaux (ex : en fin d’après midi : risque d’agression, malaise, chute etc..);Divers, dommages aggravés par l’impossibilité de prévenir les secours.;En cours;Responsables des services;P2;A proposer;"- Procédure spécifique à définir.
- Archives Zattara (note interne à rédiger) lors de l’accès au sous-sol, prévenir un collègue sur la situation isolée vigilance sur la présence au retour.
- Zattara port du badge d’accès surtout lors des heures les moins fréquentées.";;Aucune;;;
125;2;1;11;1. SERVICES ADMINISTRATIFS;TOUS SERVICES DIRM administratifs-bureaux;TOUS SITES administratifs DIRM (hébergés y compris);32;Risque lié aux vibrations;SANS OBJET;SANS OBJET;-1;0;0;Existante;AUCUNE / SANS OBJET;;Aucune;;;
126;22;93;44;1. SERVICES ADMINISTRATIFS;TOUS SERVICES DIRM administratifs-bureaux;TOUS SITES administratifs DIRM (hébergés y compris);33;Risques psychosociaux (RPS);"- Intensité du travail, stress, épuisement.
- Manque d’autonomie, de moyens.
- Mauvaise qualité des rapports sociaux et des relations de travail.
- Changements organisationnels, sens du travail";Troubles physiques, psychologiques, conduites addictives...;En cours;Responsables des services;P2;Existante;"- Mise en oeuvre d’un plan d’évaluation et de prévention des RPS dans le cadre du plan national d’action, plan d’actions en cours.
- Suivi médical du MDP et permanence ASS, suivi du groupe de coordination médico-social.";;Aucune;;;
127;22;93;45;1. SERVICES ADMINISTRATIFS;TOUS SERVICES DIRM administratifs-bureaux;TOUS SITES administratifs DIRM (hébergés y compris);33;Risques psychosociaux (RPS);"- Intensité du travail, stress, épuisement.
- Manque d’autonomie, de moyens.
- Mauvaise qualité des rapports sociaux et des relations de travail.
- Changements organisationnels, sens du travail";Troubles physiques, psychologiques, conduites addictives...;En cours;Responsables des services;P2;A proposer;"Suivi du plan d’actions RPS :
- Remontées systématiques d’incidents (pour prise en charge par le réseau et analyse de la situation),
- agressions lors d'acceuil du public voir risque suivant (R.34).
- Basculement des appels administrés (04 86 94 67 27) sur répondeur pour réorientation vers les services compétents (plaisance...).
- Formation à proposer : gestion des mails, gestion du stress, fondamentaux pour la prévention des RPS...";;Aucune;;;
129;23;25;46;1. SERVICES ADMINISTRATIFS;TOUS SERVICES DIRM administratifs-bureaux;TOUS SITES administratifs DIRM (hébergés y compris);34;Risque agression / agressivité lié au contact avec l'extérieur;"Relations tendues avec un public difficile, agressions verbales ou physiques :
- Affaires économiques lors de visite.
- Emploi formation et tout poste d’accueil du public.";Blessures psychiques et/ou physiques.;En cours;Responsables des services;P3;Existante;"- Consigne de réception du public reconnu comme difficile (encadré par deux agents), à Zattara consignes à l’accueil,
- sur site hébergé : calage des horaires sur ceux du personnel du service hébergeur.
- Procédure interne de signalement des incidents/agressions.";;Aucune;;;
130;23;25;47;1. SERVICES ADMINISTRATIFS;TOUS SERVICES DIRM administratifs-bureaux;TOUS SITES administratifs DIRM (hébergés y compris);34;Risque agression / agressivité lié au contact avec l'extérieur;"Relations tendues avec un public difficile, agressions verbales ou physiques :
- Affaires économiques lors de visite.
- Emploi formation et tout poste d’accueil du public.";Blessures psychiques et/ou physiques.;En cours;Responsables des services;P3;A proposer;"- Généralisation des mesures de prévention existantes,
- remontées systématiques d’incidents pour analyse et prise en compte,
- écoute de l’agent victime d'agression ou de stress post-traumatique (debriefing, désamorçage),
- formation des agents les plus exposés à la gestion des situations de tensions et/ou de conflits (gérer, désamorcer et prévenir l’agressivité dans l’accueil d’un public difficile).
- SEF (Zattara) améliorer l’indication de la sortie aux administrés.";;Aucune;;;
131;24;201;48;1. SERVICES ADMINISTRATIFS;TOUS SERVICES DIRM administratifs-bureaux;TOUS SITES administratifs DIRM (hébergés y compris);35;Risque lié à l'alcool, drogues, médicaments, tabac.;"- Consommation de substances psychoactives pouvant altérer les facultés physiques et psychiques de l’individu et entraîner des accidents du travail ou de circulation (manque de vigilance, perte d’équilibre, diminution des réflexes, effet désinhibant conduisant à la prise de risque).
- Tabagisme et vapotage actif, passif.";"- Lésions corporelles, décès, 
- pathologies liées à la consommation de ces substances,
- affections psychiques,
- Tabagisme : maladies, cancers, insuffisance respiratoire.";En cours;Responsables des services;P3;Existante;"- Interdiction de fumer et de vapoter affichée dans certains locaux et lieux de travail.
- Rappel des textes réglementaires.
- Note interne n°270 du 14/03/14 diffusée aux services « politique de la DIRM MED en matière de prévention des risques liés à la consommation d’alcool » .";;Aucune;;;
133;25;82;563;1. SERVICES ADMINISTRATIFS;TOUS SERVICES DIRM administratifs-bureaux;TOUS SITES administratifs DIRM (hébergés y compris);36;Risque lié à la co-activité et à l'intervention d'entreprises extérieures;"- Absences de mesures de protections pour prévenir les risques liés aux interférences engendrées par la co-activité sur un même site (ex : intervention des entreprises de nettoyage sans plan de prévention : sols glissants, stockages et utilisation de produits ménagers présentant des risques, mélanges de produits).
- Interférence des activités lors d’intervention ou de travaux (non évalués) effectués à proximité et/ou dans les locaux administratifs par des entreprises extérieures.";Tous types de dommages (liés à la situation accidentelle imprévue, non évaluée).;En cours;Responsables des services;P2;Existante;"Peu de prise en compte de ce risque : réalisation d’inspections communes au préalable (aide du document RSICP), de plan de prévention, information, affichages et signalisation de travaux.";;Aucune;;;
134;25;82;51;1. SERVICES ADMINISTRATIFS;TOUS SERVICES DIRM administratifs-bureaux;TOUS SITES administratifs DIRM (hébergés y compris);36;Risque lié à la co-activité et à l'intervention d'entreprises extérieures;"- Absences de mesures de protections pour prévenir les risques liés aux interférences engendrées par la co-activité sur un même site (ex : intervention des entreprises de nettoyage sans plan de prévention : sols glissants, stockages et utilisation de produits ménagers présentant des risques, mélanges de produits).
- Interférence des activités lors d’intervention ou de travaux (non évalués) effectués à proximité et/ou dans les locaux administratifs par des entreprises extérieures.";Tous types de dommages (liés à la situation accidentelle imprévue, non évaluée).;En cours;Responsables des services;P2;A proposer;"- Systématisation des inspections et analyses communes préalables (obligation réglementaire) à chaque intervention, pouvant conduire suivant la nature des travaux, à la rédaction d’un plan de prévention (y compris attestation de consignation, protocole de sécurité, permis de feu, etc...).
- Intégration de cette procédure dans les appels d’offres.";;Aucune;;;
135;2;1;11;1. SERVICES ADMINISTRATIFS;TOUS SERVICES DIRM administratifs-bureaux;TOUS SITES administratifs DIRM (hébergés y compris);37;Risque lié à la présence d'animaux;SANS OBJET;SANS OBJET;-1;0;0;Existante;AUCUNE / SANS OBJET;;Aucune;;;
136;26;68;52;1. SERVICES ADMINISTRATIFS;TOUS SERVICES DIRM administratifs-bureaux;TOUS SITES administratifs DIRM (hébergés y compris);38;Risque routier;"Accident de trajet ou de mission lié à la fréquence et à la longueur des déplacements.
Le risque est accentué par la fatigue, la prise d’alcool ou de médicaments, l’usage du téléphone en conduisant et suivant l’état du véhicule.";Lésions corporelles, superficielles ou profondes, décès (accident de la route).;En cours;Responsables des services;P2;Existante;"- Respect du code de la route, prise en compte des recommandations de la prévention routière sur les temps de repos,
- vérification visuelle du véhicule avant chaque déplacement,
- préparation des déplacements,
- suivi et entretien régulier des véhicules, contrôle technique,
- utilisation des outils de (télé)communications (internet, visioconférence) permettant d’éviter certains déplacements,
- trajets sur autoroutes privilégiés (cartes de télépéages généralisées),
- respect de la charte sur l’utilisation des véhicules de service (disponible sur l’intranet, ,http://intra.dram-mediterranee.i2/la-charte-de-bonne-conduite-pour-l-utilisation-d-a1193.html),
- covoiturage,
- conduite des véhicules équipés de boite auto, régulateur de vitesse appréciés.
- en cas de panne, accident, crevaison, panne/erreur de carburant, vol/vandalisme, perte de clés/carte démarrage contacter le n° d’assistance inscrit dans les pochettes véhicules.
- En cas de panne ou d’accident : port du gilet fluorescent, triangle de signalisation, maintien à distance de la chaussée dans l’attente de l’assistance.";;Aucune;;;
148;26;68;53;1. SERVICES ADMINISTRATIFS;TOUS SERVICES DIRM administratifs-bureaux;TOUS SITES administratifs DIRM (hébergés y compris);38;Risque routier;"Accident de trajet ou de mission lié à la fréquence et à la longueur des déplacements.
Le risque est accentué par la fatigue, la prise d’alcool ou de médicaments, l’usage du téléphone en conduisant et suivant l’état du véhicule.";Lésions corporelles, superficielles ou profondes, décès (accident de la route).;En cours;Responsables des services;P2;A proposer;"- Généralisation des mesures existantes.
- Meilleure préparation des déplacements,
- priorité aux transports en commun,
- signalement des anomalies sur les véhicules par tout moyen (mail, carnet de maintenance),
- établir et/ou diffuser un plan de circulation/stationnement par site,
- équiper les véhicules de lingettes nettoyantes vitres (visibilité, buée).
- Sur les sites détachés, désignation d'un référents pour le suivi des véhicules en lien avec la hiérarchie/le SG,
- PPRR à finaliser, sensibilisation aux risques routiers, stages.";;Aucune;;;
149;27;29;54;1. SERVICES ADMINISTRATIFS;TOUS SERVICES DIRM administratifs-bureaux;TOUS SITES administratifs DIRM (hébergés y compris);39;Risque sanitaire : transmission de maladies, infections, allergies.;"Exposition à des agents infectieux (bactéries*, virus*, champignons,parasites) ou allergènes (pollens, insectes..), transmis par contact avec l’environnement, les gens, les animaux, les insectes, la végétation (exemple lors de contact avec des personnes contaminées, des insectes, moisissures, animaux morts, des éléments souillés : poignée de porte, détritus divers, matières fécales).

* Analyse de situations d’expositions et impact épidémique (Ex : Angine, Grippe, Covid..) :
• Exposition par contact interpersonnel: risque de transmission directe par postillons contaminés émis par autrui :
      - Parler projette des postillons à environ 1,5 m,
      - Éternuer, tousser les projette à environ 3-5 m.
• Exposition par contact avec des surfaces contaminées : locaux de travail, matériels, produits : risque de transmission indirecte par manuportage (en se touchant le visage notamment le nez, la bouche, les yeux avec les mains).      
• Impact organisationnel (mode dégradé), associé à une restructuration de l’activité. Il est d’autant plus fort si la réorganisation se fait « à chaud », en réaction, et non sur la base d’une anticipation.";"- Symptômes respiratoires, (asthme, allergies).
- Maladies, infections et intoxications, réactions allergiques, cutanées.
- Transmissibilité à l'homme de différentes formes de virus (Grippe, Covid..), de bactéries, de champignons, de parasites.";En cours;Responsables des services;P2;Existante;"- Lavage des mains régulier pour se décontaminer et éviter de contaminer les autres ou utilisation de produit hydroalcoolique désinfectant (à utiliser sur main non souillées, ces solutions ne remplacent pas l’eau et le savon).
- En général les situations de contact des mains souillées avec ses yeux, son nez, sa bouche sont évitées.";;Aucune;;;
150;27;29;55;1. SERVICES ADMINISTRATIFS;TOUS SERVICES DIRM administratifs-bureaux;TOUS SITES administratifs DIRM (hébergés y compris);39;Risque sanitaire : transmission de maladies, infections, allergies.;"Exposition à des agents infectieux (bactéries*, virus*, champignons,parasites) ou allergènes (pollens, insectes..), transmis par contact avec l’environnement, les gens, les animaux, les insectes, la végétation (exemple lors de contact avec des personnes contaminées, des insectes, moisissures, animaux morts, des éléments souillés : poignée de porte, détritus divers, matières fécales).

* Analyse de situations d’expositions et impact épidémique (Ex : Angine, Grippe, Covid..) :
• Exposition par contact interpersonnel: risque de transmission directe par postillons contaminés émis par autrui :
      - Parler projette des postillons à environ 1,5 m,
      - Éternuer, tousser les projette à environ 3-5 m.
• Exposition par contact avec des surfaces contaminées : locaux de travail, matériels, produits : risque de transmission indirecte par manuportage (en se touchant le visage notamment le nez, la bouche, les yeux avec les mains).      
• Impact organisationnel (mode dégradé), associé à une restructuration de l’activité. Il est d’autant plus fort si la réorganisation se fait « à chaud », en réaction, et non sur la base d’une anticipation.";"- Symptômes respiratoires, (asthme, allergies).
- Maladies, infections et intoxications, réactions allergiques, cutanées.
- Transmissibilité à l'homme de différentes formes de virus (Grippe, Covid..), de bactéries, de champignons, de parasites.";En cours;Responsables des services;P2;A proposer;"- En période d'épidémie (grippe, Covid..), mise en application :
-> des consignes principales (hygiène des mains, mesures barrières, distanciation physique,…),
-> du plan de continuité d’activité (en fonction des différents niveaux),
-> du plan de reprise des activités et des procédures spécifiques définisant les mesures de protection (organisationnelles, collectives, individuelles..) à mettre en oeuvre au sein des services en fonction des diverses activités afin de réduire la propagation du virus (réévaluation nécessaire des risques, en incluant les situations liées au Covid-19).

- Remontées des besoins en équipements et protections spécifiques.";;Aucune;;;
151;28;30;615;1. SERVICES ADMINISTRATIFS;TOUS SERVICES DIRM administratifs-bureaux;TOUS SITES administratifs DIRM (hébergés y compris);39;Risque sanitaire : transmission de maladies, infections, allergies.;Réception du public sans guichet de séparation, non respect des mesures barrières.;Transmission de maladies infectieuses;En cours;Responsables des services;P1;Existante;"- Sièges facilement nettoyables (plastique),
- utilisations de produits nettoyants.
- Lavage des mains régulier pour se décontaminer et éviter de contaminer les autres ou utilisation de produit hydroalcoolique désinfectant (à utiliser sur main non souillées, ces solutions ne remplacent pas l’eau et le savon).";;Aucune;;;
152;28;30;57;1. SERVICES ADMINISTRATIFS;TOUS SERVICES DIRM administratifs-bureaux;TOUS SITES administratifs DIRM (hébergés y compris);39;Risque sanitaire : transmission de maladies, infections, allergies.;Réception du public sans guichet de séparation, non respect des mesures barrières.;Transmission de maladies infectieuses;En cours;Responsables des services;P2;A proposer;"- Rappel des consignes sanitaires (verbales ,affichage..) dès la réception des administrés.
- SEF (Zattara) améliorer l’indication de la sortie aux administrés.
- En période d'épidémie (grippe, Covid..), mise en application des consignes principales (hygiène des mains, mesures barrières, distanciation physique,…).
- Remontées des besoins en équipements et protections spécifiques.";;Aucune;;;
153;29;31;58;1. SERVICES ADMINISTRATIFS;TOUS SERVICES DIRM administratifs-bureaux;TOUS SITES administratifs DIRM (hébergés y compris);39;Risque sanitaire : transmission de maladies, infections, allergies.;Contamination par ingestion accidentelle de bactéries, virus, parasites pathogènes alimentaires, lors de la prise de repas (par défaut d’hygiène : alimentaires, des locaux).;Infections (intoxication) alimentaires.;En cours;Responsables des services;P2;Existante;"- Lavage des mains pour se décontaminer et éviter de contaminer les autres.
- Consommation eau de fontaine filtrée ou minérale+respect des règles d’hygiène alimentaire (nettoyage des surfaces utilisées après repas/café).
- Établissements et locaux tenus dans un état d'hygiène et de salubrité nécessaires à la santé du personnel.";;Aucune;;;
154;29;31;59;1. SERVICES ADMINISTRATIFS;TOUS SERVICES DIRM administratifs-bureaux;TOUS SITES administratifs DIRM (hébergés y compris);39;Risque sanitaire : transmission de maladies, infections, allergies.;Contamination par ingestion accidentelle de bactéries, virus, parasites pathogènes alimentaires, lors de la prise de repas (par défaut d’hygiène : alimentaires, des locaux).;Infections (intoxication) alimentaires.;A planifier;Responsables des services;P2;A proposer;"- Les gels hydro-alcooliques ne remplacent pas l’eau et le savon, ils sont efficaces sur des mains non souillées.
- Assurer le nettoyage des surfaces utilisées après repas/café (réfrigirateurs, tables, cafetières..), fournir le nécessaire.
- En période d'épidémie (grippe, Covid..), mise en application des consignes principales (hygiène des mains, mesures barrières, distanciation physique,…).";;Aucune;;;
155;1;3;2;2. SPB;COB Marseille - sites Dépt.13;Sites SPB secteur 13;1;Risque Amiante;"Inhalation accidentelle de fibres d’amiante en suspension dans l’atmosphère due : 
- à la présence de matériaux et produits contenant de l’amiante (MPCA) friables ou très dégradés dans les locaux de travail non diagnostiqués,
- à l’intervention malencontreuse d’un tiers sur des MPCA (manque d’identification ou d’information).";Pathologies liées à l’amiante (asbestose, cancer du poumon, mésothéliome.), plaques pleurales.;A contrôler;Maxime SUROY;P3;Existante;"1. Réalisation de repérages des MPCA puis constitution des dossiers techniques amiante (DTA = synthèse des diagnostics et actions) par site.
2. Communication de repérages au CP (voir document attaché) pour actualiser le tableau de synthèse mis en ligne sur l’intranet (dont le but est de : faciliter la consultation de l’historique par site et permettre l’identification des matériaux/produits contenants de l’amiante et donc éviter toute intervention malencontreuse dessus ou à proximité).
3. Consigne reçue: Les interventions et/ou retraits de produits ou matériaux contenants de l’amiante (friable et non friable) sont non autorisés en régie (code du travail SS3 et SS4).

NB : L’évaluation de l’état de dégradation par un opérateur certifié des matériaux/produits amiantés identifiés est recommandée tous les 36 mois.";;36 mois;04/04/2020;55;
156;1;3;669;2. SPB;COB Marseille - sites Dépt.13;Sites SPB secteur 13;1;Risque Amiante;"Inhalation accidentelle de fibres d’amiante en suspension dans l’atmosphère due : 
- à la présence de matériaux et produits contenant de l’amiante (MPCA) friables ou très dégradés dans les locaux de travail non diagnostiqués,
- à l’intervention malencontreuse d’un tiers sur des MPCA (manque d’identification ou d’information).";Pathologies liées à l’amiante (asbestose, cancer du poumon, mésothéliome.), plaques pleurales.;A planifier;Maxime SUROY;P2;A proposer;"1. Mise en œuvre et suivi des recommandations du diagnostiqueur (exemple : surveillance de l’état de dégradation des MCA détectés, recherche de la cause de la dégradation, mesures d’empoussièrement, mesures correctives...).
2. Contrôle périodique d’évaluation de l’état de dégradation des matériaux/produits amiantés identifiés à réaliser (par un opérateur certifié recommandé tous les 36 mois),
3. Communication du DTA du site à tout prestataire/intervenant (prévu par le plan de prévention en cas de co-activité),
4. Identifier (par une signalétique à poser) les MCA afin d’éviter toute intervention par inadvertance (Cf. mesure existante),
5. Réaliser un repérage avant travaux (obligatoire cf.arrêté du 16 juillet 2019) afin de rechercher la présence d’amiante dans le bâti, préalablement à toute opération comportant des risques d’exposition des travailleurs.
6. Poursuite des repérages sur les sites non diagnostiqués (à communiquer au CP).
7. Documents individuels de traçabilité amiante à renseigner pour les travailleurs potentiellement exposés.";;36 mois;02/08/2021;55;
157;1;3;2;2. SPB;COB Sète - sites Dépts.34-30-11-66;Sites SPB secteur 34-30-11-66;1;Risque Amiante;"Inhalation accidentelle de fibres d’amiante en suspension dans l’atmosphère due : 
- à la présence de matériaux et produits contenant de l’amiante (MPCA) friables ou très dégradés dans les locaux de travail non diagnostiqués,
- à l’intervention malencontreuse d’un tiers sur des MPCA (manque d’identification ou d’information).";Pathologies liées à l’amiante (asbestose, cancer du poumon, mésothéliome.), plaques pleurales.;A contrôler;Jennifer LETELLIER;P2;Existante;"1. Réalisation de repérages des MPCA puis constitution des dossiers techniques amiante (DTA = synthèse des diagnostics et actions) par site.
2. Communication de repérages au CP (voir document attaché) pour actualiser le tableau de synthèse mis en ligne sur l’intranet (dont le but est de : faciliter la consultation de l’historique par site et permettre l’identification des matériaux/produits contenants de l’amiante et donc éviter toute intervention malencontreuse dessus ou à proximité).
3. Consigne reçue: Les interventions et/ou retraits de produits ou matériaux contenants de l’amiante (friable et non friable) sont non autorisés en régie (code du travail SS3 et SS4).

NB : L’évaluation de l’état de dégradation par un opérateur certifié des matériaux/produits amiantés identifiés est recommandée tous les 36 mois.";;36 mois;22/05/2009;60;
158;1;3;669;2. SPB;COB Sète - sites Dépts.34-30-11-66;Sites SPB secteur 34-30-11-66;1;Risque Amiante;"Inhalation accidentelle de fibres d’amiante en suspension dans l’atmosphère due : 
- à la présence de matériaux et produits contenant de l’amiante (MPCA) friables ou très dégradés dans les locaux de travail non diagnostiqués,
- à l’intervention malencontreuse d’un tiers sur des MPCA (manque d’identification ou d’information).";Pathologies liées à l’amiante (asbestose, cancer du poumon, mésothéliome.), plaques pleurales.;A planifier;Jennifer LETELLIER;P2;A proposer;"1. Mise en œuvre et suivi des recommandations du diagnostiqueur (exemple : surveillance de l’état de dégradation des MCA détectés, recherche de la cause de la dégradation, mesures d’empoussièrement, mesures correctives...).
2. Contrôle périodique d’évaluation de l’état de dégradation des matériaux/produits amiantés identifiés à réaliser (par un opérateur certifié recommandé tous les 36 mois),
3. Communication du DTA du site à tout prestataire/intervenant (prévu par le plan de prévention en cas de co-activité),
4. Identifier (par une signalétique à poser) les MCA afin d’éviter toute intervention par inadvertance (Cf. mesure existante),
5. Réaliser un repérage avant travaux (obligatoire cf.arrêté du 16 juillet 2019) afin de rechercher la présence d’amiante dans le bâti, préalablement à toute opération comportant des risques d’exposition des travailleurs.
6. Poursuite des repérages sur les sites non diagnostiqués (à communiquer au CP).
7. Documents individuels de traçabilité amiante à renseigner pour les travailleurs potentiellement exposés.";;36 mois;22/05/2009;60;
159;1;3;1;2. SPB;COB Toulon - sites Dépt.83;Sites SPB secteur 83;1;Risque Amiante;"Inhalation accidentelle de fibres d’amiante en suspension dans l’atmosphère due : 
- à la présence de matériaux et produits contenant de l’amiante (MPCA) friables ou très dégradés dans les locaux de travail non diagnostiqués,
- à l’intervention malencontreuse d’un tiers sur des MPCA (manque d’identification ou d’information).";Pathologies liées à l’amiante (asbestose, cancer du poumon, mésothéliome.), plaques pleurales.;A contrôler;Hervé GALL;P3;Existante;"1. Réalisation de repérages des MPCA puis constitution des dossiers techniques amiante (DTA = synthèse des diagnostics et actions) par site.
2. Mise en œuvre et suivi des recommandations du diagnostiqueur (exemple : surveillance de l’état de dégradation des MCA détectés, recherche de la cause de la dégradation, mesures d’empoussièrement, mesures correctives...).
3. Communication des derniers éléments relatifs à l’amiante (exemple : repérages, mise à jour DTA/fiches récapitulatives, plan de retrait, R.A.T..) au CP pour actualiser le tableau de synthèse mis en ligne sur l’intranet (dont le but est de : faciliter la consultation de l’historique par site et permettre l’identification des matériaux/produits contenants de l’amiante et donc éviter toute intervention malencontreuse dessus ou à proximité).
4. Consigne reçue: Les interventions et/ou retraits de produits ou matériaux contenants de l’amiante (friable et non friable) sont non autorisés en régie (code du travail SS3 et SS4).

NB : L’évaluation de l’état de dégradation par un opérateur certifié des matériaux/produits amiantés identifiés est recommandée tous les 36 mois.";;36 mois;13/11/2020;51;
160;1;3;669;2. SPB;COB Toulon - sites Dépt.83;Sites SPB secteur 83;1;Risque Amiante;"Inhalation accidentelle de fibres d’amiante en suspension dans l’atmosphère due : 
- à la présence de matériaux et produits contenant de l’amiante (MPCA) friables ou très dégradés dans les locaux de travail non diagnostiqués,
- à l’intervention malencontreuse d’un tiers sur des MPCA (manque d’identification ou d’information).";Pathologies liées à l’amiante (asbestose, cancer du poumon, mésothéliome.), plaques pleurales.;A planifier;Hervé GALL;P2;A proposer;"1. Mise en œuvre et suivi des recommandations du diagnostiqueur (exemple : surveillance de l’état de dégradation des MCA détectés, recherche de la cause de la dégradation, mesures d’empoussièrement, mesures correctives...).
2. Contrôle périodique d’évaluation de l’état de dégradation des matériaux/produits amiantés identifiés à réaliser (par un opérateur certifié recommandé tous les 36 mois),
3. Communication du DTA du site à tout prestataire/intervenant (prévu par le plan de prévention en cas de co-activité),
4. Identifier (par une signalétique à poser) les MCA afin d’éviter toute intervention par inadvertance (Cf. mesure existante),
5. Réaliser un repérage avant travaux (obligatoire cf.arrêté du 16 juillet 2019) afin de rechercher la présence d’amiante dans le bâti, préalablement à toute opération comportant des risques d’exposition des travailleurs.
6. Poursuite des repérages sur les sites non diagnostiqués (à communiquer au CP).
7. Documents individuels de traçabilité amiante à renseigner pour les travailleurs potentiellement exposés.";;36 mois;13/11/2020;51;
161;1;3;8;2. SPB;COB Cannes - sites Dépt.06;Sites SPB secteur 06;1;Risque Amiante;"Inhalation accidentelle de fibres d’amiante en suspension dans l’atmosphère due : 
- à la présence de matériaux et produits contenant de l’amiante (MPCA) friables ou très dégradés dans les locaux de travail non diagnostiqués,
- à l’intervention malencontreuse d’un tiers sur des MPCA (manque d’identification ou d’information).";Pathologies liées à l’amiante (asbestose, cancer du poumon, mésothéliome.), plaques pleurales.;A contrôler;Gauthier DEKNUYDT;P2;Existante;"1. Réalisation d’un repérage des Matériaux et produits pouvant contenir de l’amiante (MPCA) du site.
2. Communication du repérage au CP (voir document attaché) pour actualiser le tableau de synthèse mis en ligne sur l’intranet (dont le but est de : faciliter la consultation de l’historique par site et permettre l’identification des matériaux/produits contenants de l’amiante et donc éviter toute intervention malencontreuse dessus ou à proximité).
3. Consigne reçue: Les interventions et/ou retraits de produits ou matériaux contenants de l’amiante (friable et non friable) sont non autorisés en régie (code du travail SS3 et SS4).

NB : L’évaluation de l’état de dégradation par un opérateur certifié des matériaux/produits amiantés identifiés est recommandée tous les 36 mois..";;36 mois;18/11/1999;57;
162;1;3;669;2. SPB;COB Cannes - sites Dépt.06;Sites SPB secteur 06;1;Risque Amiante;"Inhalation accidentelle de fibres d’amiante en suspension dans l’atmosphère due : 
- à la présence de matériaux et produits contenant de l’amiante (MPCA) friables ou très dégradés dans les locaux de travail non diagnostiqués,
- à l’intervention malencontreuse d’un tiers sur des MPCA (manque d’identification ou d’information).";Pathologies liées à l’amiante (asbestose, cancer du poumon, mésothéliome.), plaques pleurales.;A planifier;Gauthier DEKNUYDT;P2;A proposer;"1. Mise en œuvre et suivi des recommandations du diagnostiqueur (exemple : surveillance de l’état de dégradation des MCA détectés, recherche de la cause de la dégradation, mesures d’empoussièrement, mesures correctives...).
2. Contrôle périodique d’évaluation de l’état de dégradation des matériaux/produits amiantés identifiés à réaliser (par un opérateur certifié recommandé tous les 36 mois),
3. Communication du DTA du site à tout prestataire/intervenant (prévu par le plan de prévention en cas de co-activité),
4. Identifier (par une signalétique à poser) les MCA afin d’éviter toute intervention par inadvertance (Cf. mesure existante),
5. Réaliser un repérage avant travaux (obligatoire cf.arrêté du 16 juillet 2019) afin de rechercher la présence d’amiante dans le bâti, préalablement à toute opération comportant des risques d’exposition des travailleurs.
6. Poursuite des repérages sur les sites non diagnostiqués (à communiquer au CP).
7. Documents individuels de traçabilité amiante à renseigner pour les travailleurs potentiellement exposés.";;36 mois;18/11/1999;57;
164;1;3;669;2. SPB;COB Biguglia - sites du secteur;Sites SPB secteur Biguglia;1;Risque Amiante;"Inhalation accidentelle de fibres d’amiante en suspension dans l’atmosphère due : 
- à la présence de matériaux et produits contenant de l’amiante (MPCA) friables ou très dégradés dans les locaux de travail non diagnostiqués,
- à l’intervention malencontreuse d’un tiers sur des MPCA (manque d’identification ou d’information).";Pathologies liées à l’amiante (asbestose, cancer du poumon, mésothéliome.), plaques pleurales.;A planifier;MARC SALVADORI;P2;A proposer;"1. Mise en œuvre et suivi des recommandations du diagnostiqueur (exemple : surveillance de l’état de dégradation des MCA détectés, recherche de la cause de la dégradation, mesures d’empoussièrement, mesures correctives...).
2. Contrôle périodique d’évaluation de l’état de dégradation des matériaux/produits amiantés identifiés à réaliser (par un opérateur certifié recommandé tous les 36 mois),
3. Communication du DTA du site à tout prestataire/intervenant (prévu par le plan de prévention en cas de co-activité),
4. Identifier (par une signalétique à poser) les MCA afin d’éviter toute intervention par inadvertance (Cf. mesure existante),
5. Réaliser un repérage avant travaux (obligatoire cf.arrêté du 16 juillet 2019) afin de rechercher la présence d’amiante dans le bâti, préalablement à toute opération comportant des risques d’exposition des travailleurs.
6. Poursuite des repérages sur les sites non diagnostiqués (à communiquer au CP).
7. Documents individuels de traçabilité amiante à renseigner pour les travailleurs potentiellement exposés.";;36 mois;02/06/2017;62;
165;1;3;8;2. SPB;COB Ajaccio - sites du secteur;Sites SPB secteur Ajaccio;1;Risque Amiante;"Inhalation accidentelle de fibres d’amiante en suspension dans l’atmosphère due : 
- à la présence de matériaux et produits contenant de l’amiante (MPCA) friables ou très dégradés dans les locaux de travail non diagnostiqués,
- à l’intervention malencontreuse d’un tiers sur des MPCA (manque d’identification ou d’information).";Pathologies liées à l’amiante (asbestose, cancer du poumon, mésothéliome.), plaques pleurales.;A contrôler;GWENOLE VERY;P2;Existante;"1. Réalisation d’un repérage des Matériaux et produits pouvant contenir de l’amiante (MPCA) du site.
2. Communication du repérage au CP (voir document attaché) pour actualiser le tableau de synthèse mis en ligne sur l’intranet (dont le but est de : faciliter la consultation de l’historique par site et permettre l’identification des matériaux/produits contenants de l’amiante et donc éviter toute intervention malencontreuse dessus ou à proximité).
3. Consigne reçue: Les interventions et/ou retraits de produits ou matériaux contenants de l’amiante (friable et non friable) sont non autorisés en régie (code du travail SS3 et SS4).

NB : L’évaluation de l’état de dégradation par un opérateur certifié des matériaux/produits amiantés identifiés est recommandée tous les 36 mois..";;36 mois;02/01/2015;65;
166;1;3;669;2. SPB;COB Ajaccio - sites du secteur;Sites SPB secteur Ajaccio;1;Risque Amiante;"Inhalation accidentelle de fibres d’amiante en suspension dans l’atmosphère due : 
- à la présence de matériaux et produits contenant de l’amiante (MPCA) friables ou très dégradés dans les locaux de travail non diagnostiqués,
- à l’intervention malencontreuse d’un tiers sur des MPCA (manque d’identification ou d’information).";Pathologies liées à l’amiante (asbestose, cancer du poumon, mésothéliome.), plaques pleurales.;A planifier;GWENOLE VERY;P2;A proposer;"1. Mise en œuvre et suivi des recommandations du diagnostiqueur (exemple : surveillance de l’état de dégradation des MCA détectés, recherche de la cause de la dégradation, mesures d’empoussièrement, mesures correctives...).
2. Contrôle périodique d’évaluation de l’état de dégradation des matériaux/produits amiantés identifiés à réaliser (par un opérateur certifié recommandé tous les 36 mois),
3. Communication du DTA du site à tout prestataire/intervenant (prévu par le plan de prévention en cas de co-activité),
4. Identifier (par une signalétique à poser) les MCA afin d’éviter toute intervention par inadvertance (Cf. mesure existante),
5. Réaliser un repérage avant travaux (obligatoire cf.arrêté du 16 juillet 2019) afin de rechercher la présence d’amiante dans le bâti, préalablement à toute opération comportant des risques d’exposition des travailleurs.
6. Poursuite des repérages sur les sites non diagnostiqués (à communiquer au CP).
7. Documents individuels de traçabilité amiante à renseigner pour les travailleurs potentiellement exposés.";;36 mois;02/01/2015;65;
167;1;3;2;2. SPB;COB Bonifacio - sites du secteur;Sites SPB secteur Bonifacio;1;Risque Amiante;"Inhalation accidentelle de fibres d’amiante en suspension dans l’atmosphère due : 
- à la présence de matériaux et produits contenant de l’amiante (MPCA) friables ou très dégradés dans les locaux de travail non diagnostiqués,
- à l’intervention malencontreuse d’un tiers sur des MPCA (manque d’identification ou d’information).";Pathologies liées à l’amiante (asbestose, cancer du poumon, mésothéliome.), plaques pleurales.;A contrôler;CYRILLE SZENKER;P2;Existante;"1. Réalisation de repérages des MPCA puis constitution des dossiers techniques amiante (DTA = synthèse des diagnostics et actions) par site.
2. Communication de repérages au CP (voir document attaché) pour actualiser le tableau de synthèse mis en ligne sur l’intranet (dont le but est de : faciliter la consultation de l’historique par site et permettre l’identification des matériaux/produits contenants de l’amiante et donc éviter toute intervention malencontreuse dessus ou à proximité).
3. Consigne reçue: Les interventions et/ou retraits de produits ou matériaux contenants de l’amiante (friable et non friable) sont non autorisés en régie (code du travail SS3 et SS4).

NB : L’évaluation de l’état de dégradation par un opérateur certifié des matériaux/produits amiantés identifiés est recommandée tous les 36 mois.";;36 mois;16/07/2000;67;
168;1;3;669;2. SPB;COB Bonifacio - sites du secteur;Sites SPB secteur Bonifacio;1;Risque Amiante;"Inhalation accidentelle de fibres d’amiante en suspension dans l’atmosphère due : 
- à la présence de matériaux et produits contenant de l’amiante (MPCA) friables ou très dégradés dans les locaux de travail non diagnostiqués,
- à l’intervention malencontreuse d’un tiers sur des MPCA (manque d’identification ou d’information).";Pathologies liées à l’amiante (asbestose, cancer du poumon, mésothéliome.), plaques pleurales.;A planifier;CYRILLE SZENKER;P2;A proposer;"1. Mise en œuvre et suivi des recommandations du diagnostiqueur (exemple : surveillance de l’état de dégradation des MCA détectés, recherche de la cause de la dégradation, mesures d’empoussièrement, mesures correctives...).
2. Contrôle périodique d’évaluation de l’état de dégradation des matériaux/produits amiantés identifiés à réaliser (par un opérateur certifié recommandé tous les 36 mois),
3. Communication du DTA du site à tout prestataire/intervenant (prévu par le plan de prévention en cas de co-activité),
4. Identifier (par une signalétique à poser) les MCA afin d’éviter toute intervention par inadvertance (Cf. mesure existante),
5. Réaliser un repérage avant travaux (obligatoire cf.arrêté du 16 juillet 2019) afin de rechercher la présence d’amiante dans le bâti, préalablement à toute opération comportant des risques d’exposition des travailleurs.
6. Poursuite des repérages sur les sites non diagnostiqués (à communiquer au CP).
7. Documents individuels de traçabilité amiante à renseigner pour les travailleurs potentiellement exposés.";;36 mois;16/07/2000;67;
169;2;205;11;2. SPB;Tous COB-SPB Méditerranée;Sites SPB-Méditerranée (tous COB - Tous Dépts);2;Risque Biologique;SANS OBJET;"Ce risque est celui lié à l’exposition à des agents biologiques*présents dans les matières et matériaux (substances ou déchets infectieux, échantillons biologiques ou culture cellulaire..) manipulés principalement dans l’activité. 
*« Les agents biologiques regroupent tous les micro-organismes, y compris les micro-organismes génétiquement modifiés, les cultures cellulaires et les endoparasites humains susceptibles de provoquer une infection, une allergie ou une intoxication » (code du travail). Pour les risques sanitaires se reporter au risque 39.";-1;TOUS Responsables COB;0;Existante;AUCUNE / SANS OBJET;;Aucune;;;
170;30;34;62;2. SPB;Tous COB-SPB Méditerranée;Sites SPB-Méditerranée (tous COB - Tous Dépts);3;Risque Chimique;"Inhalation, contact cutané, ingestion accidentelle possible de produits toxiques* dû à de mauvaises conditions de protection, de traitement/manipulation, de stockage, de transport ou d’élimination.
*Agents chimiques Dangereux (à l’état solide, liquide ou gazeux) présents dans les : solvants, peintures, colorants, résines, colles, ciments, fluides, diluants, dégraissants…";Infection, irritation, brûlure chimique, allergie.;En cours;TOUS Responsables COB;P2;Existante;"- Protections collective : container de stockage (Toulon, Marseille, Ajaccio), collecte et lecture des fiches données sécurité (FDS) : respect des consignes et vérification des compatibilités de stockage, recherche de produits de substitution.
- Port des EPI conseillés dans les FDS, signalisation et étiquetage.
- Lavage des mains pour se décontaminer et éviter de contaminer les autres.";;Aucune;;;
171;30;34;63;2. SPB;Tous COB-SPB Méditerranée;Sites SPB-Méditerranée (tous COB - Tous Dépts);3;Risque Chimique;"Inhalation, contact cutané, ingestion accidentelle possible de produits toxiques* dû à de mauvaises conditions de protection, de traitement/manipulation, de stockage, de transport ou d’élimination.
*Agents chimiques Dangereux (à l’état solide, liquide ou gazeux) présents dans les : solvants, peintures, colorants, résines, colles, ciments, fluides, diluants, dégraissants…";Infection, irritation, brûlure chimique, allergie.;A planifier;TOUS Responsables COB;P2;A proposer;"Sensibilisation et rappel :
- Poursuite de l’analyse du risque : exploitation des FDS (effets sur la santé, stockage, EPI recommandés...) document de synthèse à instaurer et recherche de produits de substitution .
- Traçabilité des expositions : intégration des données collectées sur les FDS de chaque produit utilisé dans la fiche individuelle de prévention des expositions à certains facteurs de risques (mise à jour annuelle).
Mise aux normes des locaux de peinture et de stockage, réalisation des peintures en extérieur à généraliser.";;12 mois;30/08/2023;;
172;298;109;64;2. SPB;Tous COB-SPB Méditerranée;Sites SPB-Méditerranée (tous COB - Tous Dépts);3;Risque Chimique;"- Inhalation d’hydrogène/acide sulfurique dégagé par les batteries stationnaires à électrolyte liquide en cas de mauvaise ventilation des locaux de charge, de stockage, lors de la maintenance (contrôle, remplissage et charge, remplacement) et de la manutention.
- Inhalation de substances nocives en cas de court-circuit accidentel lors du transport, de la manutention pour remplacement et de la maintenance (contrôle, et charge) de tout type de batteries stationnaires.";Irritation, brûlure chimique, allergie.;En cours;TOUS Responsables COB;P3;Existante;"- Respect des consignes FDS : ne pas fumer, ni de flammes nues et d’étincelles, ventilation du local, port des EPI.
- Maintient des protections de pôles.
- Remplacement des modèles à électrolytes liquide par batteries au gel,
- Dotation de rince-oeil et produits de traitements des projections d’acide dans certains services .
- Lavage des mains pour se décontaminer et éviter de contaminer les autres.";;Aucune;;;
173;298;34;198;2. SPB;Tous COB-SPB Méditerranée;Sites SPB-Méditerranée (tous COB - Tous Dépts);3;Risque Chimique;"- Inhalation d’hydrogène/acide sulfurique dégagé par les batteries stationnaires à électrolyte liquide en cas de mauvaise ventilation des locaux de charge, de stockage, lors de la maintenance (contrôle, remplissage et charge, remplacement) et de la manutention.
- Inhalation de substances nocives en cas de court-circuit accidentel lors du transport, de la manutention pour remplacement et de la maintenance (contrôle, et charge) de tout type de batteries stationnaires.";Infection, irritation, brûlure chimique, allergie.;A planifier;TOUS Responsables COB;P2;A proposer;"- Analyses des installations de batteries stationnaires de chaque COB, retours attendus pour définir la nécessité de formations des intervenants : dès lors que la tension des batteries stationnaires est supérieure à 60 volts ou dont la capacité totale est supérieure à 275 Ah, la réglementation aux travaux sous tension NFC 18-505-2-3 (installation qui n'a pu être mise hors tension) s'applique.  Sont considérées comme des interventions (intervenant habilité BR) les opérations électriques de courte durée (connexion/déconnexion hors charge et manutention bornes protégées), effectuées sur les circuits de batteries dont les caractéristiques physiques répondent à des éxigences de tension, de section des conducteurs et de protection contre les courts-circuits définies de manière à supprimer ou limiter les risques électriques.
- Poursuivre la généralisation des batteries au gel,
- Respect des règles de transport (2 h après la charge, à vide pour les électrolytes liquide et pôles protégés) et des normes de ventilation des locaux (charge et stockage),
- Port des EPI: Gants, écran facial ou lunettes de protections, combinaisons anti-acide (cf.indications des FDS).
- Généralisation des rinces-oeils et produits de traitements des projections d'acide.";;12 mois;07/04/2022;;
175;32;34;67;2. SPB;Tous COB-SPB Méditerranée;Sites SPB-Méditerranée (tous COB - Tous Dépts);3;Risque Chimique;"- Lors d’opération de nettoyage, décapage de supports : composés de produits toxiques comme l’acide.
- Utilisation de fontaine à dégraissant.";Infection, irritation, brûlure chimique, allergie.;En cours;TOUS Responsables COB;P3;Existante;"- Ventilation des locaux + port des EPI conseillés dans les FDS.
- Lavage des mains pour se décontaminer et éviter de contaminer les autres.";;Aucune;;;
176;32;34;68;2. SPB;Tous COB-SPB Méditerranée;Sites SPB-Méditerranée (tous COB - Tous Dépts);3;Risque Chimique;"- Lors d’opération de nettoyage, décapage de supports : composés de produits toxiques comme l’acide.
- Utilisation de fontaine à dégraissant.";Infection, irritation, brûlure chimique, allergie.;A contrôler;TOUS Responsables COB;P2;A proposer;"- Amélioration de la ventilation au poste de travail.
- Sensibilisation et rappel : poursuite de l’analyse du risque et traçabilité des expositions
(intégration des données collectées sur les FDS de chaque produit utilisé dans la fiche individuelle de prévention des expositions à certains facteurs de risques (mise à jour annuelle).) .";;Aucune;;;
177;33;35;69;2. SPB;Tous COB-SPB Méditerranée;Sites SPB-Méditerranée (tous COB - Tous Dépts);4;Risque chimique lié à l'utilisation de produits CMR;"- Inhalation, contact cutané, ingestion accidentelle de produits CMR (solvants, peintures, etc) dû à de mauvaises conditions de protection, de traitement/manipulation, de stockage, de transport ou d’élimination.
- Exposition aux hydrocarbures (tous types de moteurs thermiques) : stockage, transport, manipulation de carburant.";Cancer, altérations génétiques héréditaires, altérations de la fertilité.;En cours;TOUS Responsables COB;P2;Existante;"- Port des EPI conseillés après exploitation des FDS (effets sur la santé, stockage, EPI recommandés...), signalisation, identification et étiquetage.
- Réalisation des peintures en extérieur dans certains services.";;Aucune;;;
178;33;35;70;2. SPB;Tous COB-SPB Méditerranée;Sites SPB-Méditerranée (tous COB - Tous Dépts);4;Risque chimique lié à l'utilisation de produits CMR;"- Inhalation, contact cutané, ingestion accidentelle de produits CMR (solvants, peintures, etc) dû à de mauvaises conditions de protection, de traitement/manipulation, de stockage, de transport ou d’élimination.
- Exposition aux hydrocarbures (tous types de moteurs thermiques) : stockage, transport, manipulation de carburant.";Cancer, altérations génétiques héréditaires, altérations de la fertilité.;A planifier;TOUS Responsables COB;P1;A proposer;"Sensibilisation et rappel :
- Poursuite de l’analyse du risque : exploitation des FDS (effets sur la santé, stockage, EPI recommandés...) document de synthèse à instaurer et recherche de produits de
substitution .
- Traçabilité des expositions : intégration des données collectées sur les FDS de chaque produit utilisé dans la fiche individuelle de prévention des expositions à certains facteurs de risques (mise à jour annuelle).
- Mise aux normes des locaux de peinture et de stockage, réalisation des peintures en extérieur à généraliser";;Aucune;;;
179;34;37;71;2. SPB;Tous COB-SPB Méditerranée;Sites SPB-Méditerranée (tous COB - Tous Dépts);4;Risque chimique lié à l'utilisation de produits CMR;Exposition régulière au plomb (et ses composés) par inhalation de fumées, de poussières et ingestion de particules lors de travaux : de découpage, grattage de matières plombifères (minium anti-rouille, vieilles peintures..), de dépose de vieille couverture, d’anciens câbles gainés, de soudage étain-plomb et de ponçage de ces soudures.;"A long terme saturnisme (exposition aigue).
Par effets cumulatifs :troubles digestifs, du système nerveux, anémie, insuffisance rénale, altérations de la fertilité, (reprotoxique) et risques cancérogène possible ou suspectés pour certaines de ces molécules";En cours;TOUS Responsables COB;P3;Existante;"- Réalisation de repérages : Constats de risque d’exposition au plomb (CREP) définissant la présence de revêtements contenant du plomb, pour les bâtiments construits avant le 1er janvier 1949. Postérieurement à cette date (huisseries et autres éléments métalliques:volets, grilles..) pour le minium. La recherche de canalisations en plomb est hors champ d’application du CREP.
- En cas de présence, mise en oeuvre des recommandations variants en fonction des concentrations et de la nature de la dégradation : réalisation des travaux appropriés
pour supprimer l’exposition (mesures de protection individuelle, collective, gestion des déchets..) ; transmission copie CREP aux occupants et personnes amenées à effectuer des travaux ; veille à l’entretien des revêtements recouvrants ; surveillance de l’état des peintures repérées.";;Aucune;;;
180;34;37;72;2. SPB;Tous COB-SPB Méditerranée;Sites SPB-Méditerranée (tous COB - Tous Dépts);4;Risque chimique lié à l'utilisation de produits CMR;Exposition régulière au plomb (et ses composés) par inhalation de fumées, de poussières et ingestion de particules lors de travaux : de découpage, grattage de matières plombifères (minium anti-rouille, vieilles peintures..), de dépose de vieille couverture, d’anciens câbles gainés, de soudage étain-plomb et de ponçage de ces soudures.;"A long terme saturnisme (exposition aigue).
Par effets cumulatifs :troubles digestifs, du système nerveux, anémie, insuffisance rénale, altérations de la fertilité, (reprotoxique) et risques cancérogène possible ou suspectés pour certaines de ces molécules";A planifier;TOUS Responsables COB;P3;A proposer;"- Poursuite des CREP sur les matériaux non repérés avant travaux.
- Veiller à l’entretien des revêtements recouvrants ; surveillance de l’état des peintures repérées.
- Soudage étain/plomb en fonction de la fréquence : ventilation générale ou captage à la source à assurer.";;Aucune;;;
181;35;39;73;2. SPB;Tous COB-SPB Méditerranée;Sites SPB-Méditerranée (tous COB - Tous Dépts);4;Risque chimique lié à l'utilisation de produits CMR;"Inhalation de vapeurs de mercure (fractions gazeuses), contact cutané, ingestion accidentelle :
- lors de la maintenance des cuves à mercure ou de débordements accidentels,
- lors de divers travaux à proximité des cuves à mercure des optiques tournants de phares.";Altérations de la fertilité, (reprotoxique) troubles neurologiques.;En cours;TOUS Responsables COB;P3;Existante;"Précautions, diffusées par le CP (mail 20/05/16) :
=>Travaux à réaliser en dehors des périodes estivales, privilégier les heures les moins chaudes.
=>Assurer la bonne ventilation du local avant tous travaux ou intervention.
=>Éviter de manger et de boire.
=>Lavage des mains pour se décontaminer et éviter de contaminer les autres.
=>Avoir à disposition une protection respiratoire adaptée (HGp3) à porter en cas d’incident de débordement, de travail au plus près de la source donc de la cuve (nécessité du port de l'EPI/APR prouvée lors des mesures de 2018 à Alistro) et lorsque les températures sont élevées dans la coupole (cf. fiche toxicologique mercure FT 55).

- Respect de la procédure d’entretien d’une cuve à mercure CETMEF (CEREMA) pour les travaux de maintenance des cuves à mercure et en cas de débordement: ventilation, port des EPI (Masques Hgp3, gants, combinaison jetable), précautions d’hygiène, contrôle de la température...";;Aucune;;;
182;35;39;74;2. SPB;Tous COB-SPB Méditerranée;Sites SPB-Méditerranée (tous COB - Tous Dépts);4;Risque chimique lié à l'utilisation de produits CMR;"Inhalation de vapeurs de mercure (fractions gazeuses), contact cutané, ingestion accidentelle :
- lors de la maintenance des cuves à mercure ou de débordements accidentels,
- lors de divers travaux à proximité des cuves à mercure des optiques tournants de phares.";Altérations de la fertilité, (reprotoxique) troubles neurologiques.;A planifier;TOUS Responsables COB;P2;A proposer;"- Moyen de contrôle de température à disposition sur site équipé de cuve à mercure,
- Consignes à étendre aux entreprises extérieures et pour l’accès des partenaires utilisateurs sous convention.
- En cas d’incident de débordement: contacter la hiérarchie,
- En situation de doute d’exposition prendre contact avec le médecin de prévention pour analyses d’urines et sanguines.

- Obligation réglementaire annuelle (VLEP contraignante) de poursuivre les mesures d'exposition avec le GEH initial avec la même stratégie de prélèvement sur les sites équipés de cuves à mercure (reste 11 phares, estimation 2021) afin d'avoir une image de l'ensemble des sites potentiellements exposant.
- En fonction de l’évolution technique (suppression de cuve) une actualisation de la cartographie des sites équipés de cuves à mercure est nécessaire (initialement 21 phares) pour le conseiller prévention avant de poursuivre annuellement les campagnes de mesurage.
";;Aucune;;;
183;324;39;568;2. SPB;Tous COB-SPB Méditerranée;Sites SPB-Méditerranée (tous COB - Tous Dépts);4;Risque chimique lié à l'utilisation de produits CMR;"Inhalation de vapeurs de mercure (fractions gazeuses), contact cutané, ingestion accidentelle :
- lors de la maintenance des cuves à mercure ou de débordements accidentels,
- lors de divers travaux à proximité des cuves à mercure des optiques tournants de phares,
- en cas de mauvaises conditions de stockage et manque d'identification de contenant.";Altérations de la fertilité, (reprotoxique) troubles neurologiques.;A planifier;TOUS Responsables COB;P3;Existante;"- Campagnes de mesurages réalisées en 2015, 2017-2018, 2020, 2021 et 2022 (résultats sur la fiche prévention> http://intra.dram-mediterranee.i2/dirm-mediterranee-a1156.html) selon un groupe d’exposition homogène établit initialement (groupe de fonctions ou de tâches similaires permettant de justifier de situations d’exposition comparables) en suivant une stratégie de prélèvement (prélèvement individuel en ambulatoire).
Le GEH est constitué d’une seule personne exposée au mercure (fraction gazeuse) dans un périmètre de travail essentiellement situé au niveau de l’optique d’un phare sur une durée de 2 heures pour une tâche de maintenance préventive et curative (interventions réalisées régulièrement et pouvant être programmées sans difficultés). 
- Tous les résultats des campagnes sont présentés en CHSCT (derniers en 2022), pas de dépassement de VLEP/8h.";;6 mois;12/04/2022;;
184;37;200;250;2. SPB;Tous COB-SPB Méditerranée;Sites SPB-Méditerranée (tous COB - Tous Dépts);4;Risque chimique lié à l'utilisation de produits CMR;"Inhalation de poussières de bois (brut, traité..) et/ou de ces dérivés composés de nombreux produits chimiques (solvants des colles et vernis…) lors d’utilisation de machines à bois, d’outils portatifs pour les travaux de découpe, ponçage… 
(Exemple: respirer les émanations produites par une découpe de bois traité autoclave avec une disqueuse équipée d'un disque matériaux. Cette opération provoque un échauffement du matériau traité chimiquement qui dégage des substances nocives).";Cancers des sinus, troubles respiratoires, réactions allergiques, intoxication.;A contrôler;TOUS Responsables COB;P3;Existante;Port d'un masque FFP3 (filtration des particules fines).;;Aucune;;;
185;37;200;78;2. SPB;Tous COB-SPB Méditerranée;Sites SPB-Méditerranée (tous COB - Tous Dépts);4;Risque chimique lié à l'utilisation de produits CMR;"Inhalation de poussières de bois (brut, traité..) et/ou de ces dérivés composés de nombreux produits chimiques (solvants des colles et vernis…) lors d’utilisation de machines à bois, d’outils portatifs pour les travaux de découpe, ponçage… 
(Exemple: respirer les émanations produites par une découpe de bois traité autoclave avec une disqueuse équipée d'un disque matériaux. Cette opération provoque un échauffement du matériau traité chimiquement qui dégage des substances nocives).";Cancers des sinus, troubles respiratoires, réactions allergiques, intoxication.;A planifier;TOUS Responsables COB;P3;A proposer;"- Port des équipement de protections adaptés (respiratoires, mains, peau).
- Lavage des mains.
- Rinçage régulier des fosses nasales avec sérum physiologique stérile.";;Aucune;;;
186;324;39;569;2. SPB;Tous COB-SPB Méditerranée;Sites SPB-Méditerranée (tous COB - Tous Dépts);4;Risque chimique lié à l'utilisation de produits CMR;"Inhalation de vapeurs de mercure (fractions gazeuses), contact cutané, ingestion accidentelle :
- lors de la maintenance des cuves à mercure ou de débordements accidentels,
- lors de divers travaux à proximité des cuves à mercure des optiques tournants de phares,
- en cas de mauvaises conditions de stockage et manque d'identification de contenant.";Altérations de la fertilité, (reprotoxique) troubles neurologiques.;A planifier;TOUS Responsables COB;P2;A proposer;"- Prise en compte de la gestion de stockage (inventaire des quantités, aucun stockage dans les phares, achat du matériel de stockage adapté, étiquetage réglementaire (contenants et à proximité des cuves), respect des conditions de transvasement..), définir les principes communs (modèle fiche synthèse gestion stockage DIRM NAMO).
- Avoir à disposition une protection respiratoire adaptée (HGp3) à porter en cas d’incident de débordement, de travail au plus près de la source donc de la cuve (nécessité du port de l'EPI/APR prouvée lors des mesures de 2018 à Alistro) et lorsque les températures sont élevées dans la coupole (cf. fiche toxicologique mercure FT 55).";;Aucune;;;
187;38;41;79;2. SPB;Tous COB-SPB Méditerranée;Sites SPB-Méditerranée (tous COB - Tous Dépts);4;Risque chimique lié à l'utilisation de produits CMR;"- Inhalation de fumées de soudage (procédés arc : électrodes enrobées, MIG chrome 6 présent dans l’inox) et contact cutané lors travaux de soudures en fonction de la nature du matériau soudé, du gaz utilisé et du métal d’apport.
- Inhalation de particules et de poussières métalliques lors de ponçage, meulage, découpe et oxycoupage.";"Pathologies aiguës ou chronique :
irritations, brûlure chimique, allergies, infections pulmonaires, affections oculaires, cutanées, cancers.";En cours;TOUS Responsables COB;P2;Existante;"- Visite CHSCT de l’atelier chaudronnerie du COB de Marseille ( 04/09/2015 et 16/03/2016) mesures de préventions proposée par un expert CARSAT, par la suite l’ensemble des mesures ont été réalisées dans l’atelier : Extracteur ventilation générale, utilisation de bras articulés captage des fumées (changement des filtres), port d’appareil respiratoire à épuration d’air et à ventilation assistée (depuis 11/2015), substitution des électrodes du TIG (voir risque 16), nettoyage régulier des ateliers chaudronneries par aspirateur, mise en place d’une signalétique limitant l’accès à ce « local à pollution spécifique », dans la mesure du possible réalisation en extérieur des opérations de soudures à l’arc.
- Ces recommandations ont été diffusées aux autres COB SPB Méditérannée pour prise en compte et adaptation des installations.
- Suivi des recommandations fabricants (manuel de sécurité : consignes, port des EPI) plasma, postes à souder, meuleuse..";;Aucune;;;
188;38;41;80;2. SPB;Tous COB-SPB Méditerranée;Sites SPB-Méditerranée (tous COB - Tous Dépts);4;Risque chimique lié à l'utilisation de produits CMR;"- Inhalation de fumées de soudage (procédés arc : électrodes enrobées, MIG chrome 6 présent dans l’inox) et contact cutané lors travaux de soudures en fonction de la nature du matériau soudé, du gaz utilisé et du métal d’apport.
- Inhalation de particules et de poussières métalliques lors de ponçage, meulage, découpe et oxycoupage.";"Pathologies aiguës ou chronique :
irritations, brûlure chimique, allergies, infections pulmonaires, affections oculaires, cutanées, cancers.";A contrôler;TOUS Responsables COB;P2;A proposer;"- Poursuite de la recherche de matériels de protection adaptés et ergonomiques en fonction des types de soudures réalisées sur tous les sites.
- Prise en compte et adaptation des dispositifs de ventilation et d’aspiration (protections collectives) sur l’ensemble des COB (autres que Mrs et Sète) et antennes (y compris dans les locaux où sont effectués des soudures électronique étain/plomb).
- Nettoyage régulier des ateliers chaudronneries par aspiration (afin d’éviter la remise en suspend dans l’atmosphère des particules), ne pas souffler.
- Identification claire des locaux à pollution spécifiques et en limiter l’accès.";;Aucune;;;
189;39;47;203;2. SPB;Tous COB-SPB Méditerranée;Sites SPB-Méditerranée (tous COB - Tous Dépts);5;Risque de brûlure thermique;Soudures, meulage, tronçonnage, échappements chauds, découpage et oxycoupage, décapage thermique, pose revêtement d’étanchéité, colle à chaud.;Brûlures plus ou moins graves, lésions oculaires.;En cours;TOUS Responsables COB;P2;Existante;Port des EPI (gants, masques, écran facial, lunettes).;;Aucune;;;
190;39;47;570;2. SPB;Tous COB-SPB Méditerranée;Sites SPB-Méditerranée (tous COB - Tous Dépts);5;Risque de brûlure thermique;Soudures, meulage, tronçonnage, échappements chauds, découpage et oxycoupage, décapage thermique, pose revêtement d’étanchéité, colle à chaud.;Brûlures plus ou moins graves, lésions oculaires.;A contrôler;TOUS Responsables COB;P2;A proposer;Pose de cartes, de pictogrammes sensibilisation au port des EPI. Choix des EPI les plus adaptés.;;Aucune;;;
191;40;47;83;2. SPB;Tous COB-SPB Méditerranée;Sites SPB-Méditerranée (tous COB - Tous Dépts);5;Risque de brûlure thermique;Exposition à la convergence des rayons solaires lors de l’arrêt des optiques de phare pendant la maintenance de l’installation.;Brûlures plus ou moins graves, lésions oculaires.;En cours;TOUS Responsables COB;P3;Existante;Vigilance de l'opérateur.;;Aucune;;;
192;40;47;84;2. SPB;Tous COB-SPB Méditerranée;Sites SPB-Méditerranée (tous COB - Tous Dépts);5;Risque de brûlure thermique;Exposition à la convergence des rayons solaires lors de l’arrêt des optiques de phare pendant la maintenance de l’installation.;Brûlures plus ou moins graves, lésions oculaires.;A planifier;TOUS Responsables COB;P3;A proposer;Installation d’écrans provisoires.;;Aucune;;;
193;41;10;85;2. SPB;Tous COB-SPB Méditerranée;Sites SPB-Méditerranée (tous COB - Tous Dépts);6;Risque électrique;Interventions, travaux d'entretien, de maintenance, connexions, déconnexions du matériel, des équipements ou des installations : électriques (Basse Tension) y compris à sources autonomes (onduleur, groupe éléctrogène..).;Electrocution (décés), électrisation: fibrillation, lésions internes ou externes. Brûlures par arc électrique, incendie, explosion.;A contrôler;TOUS Responsables COB;P1;Existante;"Respect de la démarche d’habilitation du personnel électricien/non électricien :
=>analyse de l’activité, prise en compte des compétences, aptitudes, expérience, savoir être, contre-indications médicales.., vérification de l’adéquation entre activité, compétences et aptitudes,
=> Formations au préalable à l’habilitation électrique renouvelées périodiquement (recommandation 3 ans),
=> avis du formateur,
=> établissement du titre d’habilitation (validé par signature de l’employeur et du titulaire),
=> fourniture et port des EPI par le titulaire (liste établie selon le titre).

- Information, respect des consignes d'intervention (hors tension, pas de port de bijoux, pas d’intervention en cas d’intempéries éclair, tonnerre), port des EPI réglementaires (gants, écran facial..) adaptés aux opérations (ex : au voisinage des PNST), consignations nécessaires.";;Aucune;;;
194;41;10;86;2. SPB;Tous COB-SPB Méditerranée;Sites SPB-Méditerranée (tous COB - Tous Dépts);6;Risque électrique;Interventions, travaux d'entretien, de maintenance, connexions, déconnexions du matériel, des équipements ou des installations : électriques (Basse Tension) y compris à sources autonomes (onduleur, groupe éléctrogène..).;Electrocution (décés), électrisation: fibrillation, lésions internes ou externes. Brûlures par arc électrique, incendie, explosion.;A contrôler;TOUS Responsables COB;P1;A proposer;"- Délivrer, maintenir ou renouveller les titres d'habilitation ( validation par signature de l'employeur et du titulaire), renseigner le détail dans la fiche sécurité DUERP,
- Désignation du personnel.
- Renouveler et fournir les équipements de protection individuels, collectifs et le matériel de protection spécifique (VAT, gants isolés, écran facial...) au besoin, à la demande de l'agent habilité.
- Qualification des nouveaux arrivants, compagnonnage, formation.
- Signalisation du risque et des locaux réservés aux électriciens.
- Intervention hors tension, consignation des installations, port des EPI, pose de dispositifs isolants (au voisinage)...
- Une instruction de sécurité (sous forme de consignes, d'affichage) est conseillée dans le cas de présence de ré-enclecheur, onduleurs, convertisseurs, groupes électrogène.

";;12 mois;28/10/2022;;
195;299;10;189;2. SPB;Tous COB-SPB Méditerranée;Sites SPB-Méditerranée (tous COB - Tous Dépts);6;Risque électrique;Opérations d'entretien, de maintenance (charge, contrôle, connexions, déconnexions), sur les installations alimentées par batteries stationnaires et panneaux photovoltaïques, remplacement et manutention de ces générateurs.;Electrocution (décés), électrisation: fibrillation, lésions internes ou externes. Brûlures par arc électrique, incendie, explosion.;A planifier;TOUS Responsables COB;P1;A proposer;"- Analyses des installations de batteries stationnaires de chaque COB, retours attendus pour définir la nécessité de formations des intervenants : dès lors que la tension des batteries stationnaires est supérieure à 60 volts ou dont la capacité totale est supérieure à 275 Ah, la réglementation aux travaux sous tension NFC 18-505-2-3 (installation qui n'a pu être mise hors tension) s'applique.  Sont considérées comme des interventions (intervenant habilité BR) les opérations électriques de courte durée (connexion/déconnexion hors charge et manutention bornes protégées), effectuées sur les circuits de batteries dont les caractéristiques physiques répondent à des éxigences de tension, de section des conducteurs et de protection contre les courts-circuits définies de manière à supprimer ou limiter les risques électriques.
- Respect des règles de transport (pôles protégés).
- Pose de sectionneurs permettant de couper la charge.";;12 mois;07/04/2022;;
196;5;10;13;2. SPB;Tous COB-SPB Méditerranée;Sites SPB-Méditerranée (tous COB - Tous Dépts);6;Risque électrique;"- Contact direct (pièces nues sous tension accessibles) ou indirect (masses mises inopinément sous tension) accidentel dû à la défaillance du matériel, des équipements ou des installations électriques :
=> utilisation de matériel électrique non conforme : obsolète ou détérioré (fil dénudé, défaut d’isolation,…),
=> défaut de : conformité (ex : manque de continuité de liaison à la terre), matérialisation de la zone de voisinage, isolement des parties actives sur les installations et équipements.
- Mauvais usage (surcharge) de multiprises et prolongateurs.";Electrocution (décés), électrisation: fibrillation, lésions internes ou externes. Brûlures par arc électrique, incendie, explosion.;A contrôler;TOUS Responsables COB;P3;Existante;"- Vérification visuelle de l’état du matériel électrique (ex :prolongateurs) avant usage (par tout agent), signalement de l’état du matériel endommagé à la hiérarchie et remplacement.
- Acquisition de matériel conforme à la norme en vigueur, respect de la puissance maximale indiquée sur les prolongateurs et multiprises.
- Maintiens des portes des tableaux et coffrets électriques en position fermée.
- Vérification périodique des installations électriques et mise en conformité des installations (attente retour).";;6 mois;03/09/2023;;
197;5;10;87;2. SPB;Tous COB-SPB Méditerranée;Sites SPB-Méditerranée (tous COB - Tous Dépts);6;Risque électrique;"- Contact direct (pièces nues sous tension accessibles) ou indirect (masses mises inopinément sous tension) accidentel dû à la défaillance du matériel, des équipements ou des installations électriques :
=> utilisation de matériel électrique non conforme : obsolète ou détérioré (fil dénudé, défaut d’isolation,…),
=> défaut de : conformité (ex : manque de continuité de liaison à la terre), matérialisation de la zone de voisinage, isolement des parties actives sur les installations et équipements.
- Mauvais usage (surcharge) de multiprises et prolongateurs.";Electrocution (décés), électrisation: fibrillation, lésions internes ou externes. Brûlures par arc électrique, incendie, explosion.;A planifier;TOUS Responsables COB;P2;A proposer;"- Vérifications des installations électriques périodique annuelle obligatoire, à renseigner dans la fiche sécurité du DUERP puis mise en conformité des installations
- Utilisation du matériel conformément aux spécifications du fabricant.
- Privilégier l’achat de matériel classe II notamment lors de l’utilisation de groupes électrogènes portatifs.
- Remplacement des installations BT par des installations TBT (surtout en milieu humide) lorsque cela est réalisable.";;6 mois;28/04/2022;;
198;42;49;88;2. SPB;Tous COB-SPB Méditerranée;Sites SPB-Méditerranée (tous COB - Tous Dépts);7;Risque explosion;"- Court-circuit entre les deux pôles lors de la maintenance (charge, contrôle et remplacement) et de la manutention des batteries stationnaires 
- Dégagement d’hydrogène lors de la charge des modèles à électrolyte liquide.";Lésions dues à la projections de particules solides ou liquides.;A contrôler;TOUS Responsables COB;P3;Existante;"Batterie :
- Maintient des protections des pôles (caches bornes y compris lors du transport), vérification des branchements avant connexion (hors charge),
- ne pas porter d’éléments conducteurs (bracelet, montre, bague..)
- laisser reposer après la charge avant transport,
- charge dans un local suffisamment ventilé (voir norme et recommandations fabricant, FDS),
- outils de connections isolés (clefs, tournevis).";;Aucune;;;
199;42;49;571;2. SPB;Tous COB-SPB Méditerranée;Sites SPB-Méditerranée (tous COB - Tous Dépts);7;Risque explosion;"- Court-circuit entre les deux pôles lors de la maintenance (charge, contrôle et remplacement) et de la manutention des batteries stationnaires 
- Dégagement d’hydrogène lors de la charge des modèles à électrolyte liquide.";Lésions dues à la projections de particules solides ou liquides.;A planifier;TOUS Responsables COB;P3;A proposer;"- Analyses des installations de batteries stationnaires de chaque COB, retours attendus pour définir la nécessité de formations des intervenants : dès lors que la tension des batteries stationnaires est supérieure à 60 volts ou dont la capacité totale est supérieure à 275 Ah, la réglementation aux travaux sous tension NFC 18-505-2-3 (installation qui n'a pu être mise hors tension) s'applique.  Sont considérées comme des interventions (intervenant habilité BR) les opérations électriques de courte durée (connexion/déconnexion hors charge et manutention bornes protégées), effectuées sur les circuits de batteries dont les caractéristiques physiques répondent à des éxigences de tension, de section des conducteurs et de protection contre les courts-circuits définies de manière à supprimer ou limiter les risques électriques.
- Information et rappels des consignes à respecter (maintient des protections de pôles, intervention avec usage d'outils isolés...).
- Respect des règles de transport (2 h après la charge, à vide pour les électrolytes liquide et pôles protégés) et des normes de ventilation des locaux (charge et stockage),";;12 mois;07/04/2022;;
200;43;49;89;2. SPB;Tous COB-SPB Méditerranée;Sites SPB-Méditerranée (tous COB - Tous Dépts);7;Risque explosion;Stockage de produits chimiques incompatibles.;Lésions dues à la projections de particules solides ou liquides.;En cours;TOUS Responsables COB;P3;Existante;Locaux ventilés, container de stockage à rayonnage, bac de rétention, exploitation des FDS (vérification des incompatibilités).;;Aucune;;;
201;43;49;90;2. SPB;Tous COB-SPB Méditerranée;Sites SPB-Méditerranée (tous COB - Tous Dépts);7;Risque explosion;Stockage de produits chimiques incompatibles.;Lésions dues à la projections de particules solides ou liquides.;A contrôler;TOUS Responsables COB;P3;A proposer;"- Poursuite de la vérification des incompatibilités de stockage.
- Vérification des locaux de stockage pour mises aux normes si nécessaire (matériel ATEX).";;Aucune;;;
202;44;49;91;2. SPB;Tous COB-SPB Méditerranée;Sites SPB-Méditerranée (tous COB - Tous Dépts);7;Risque explosion;"Gaz de soudage, fuite de gaz.
Découpe de balise anciennement chargée au gaz.";Lésions dues à la projections de particules solides ou liquides.;En cours;TOUS Responsables COB;P3;Existante;"- Vérification régulière du matériel de soudage (vannes, tuyaux..).
- Respect des bonnes pratiques (règles de stockage, interdictions de fumer..).
- Fermeture des robinets après utilisation.
- Maintien des bouteilles en position verticale.
- Dégazage des balises avant découpe.";;Aucune;;;
203;44;49;92;2. SPB;Tous COB-SPB Méditerranée;Sites SPB-Méditerranée (tous COB - Tous Dépts);7;Risque explosion;"Gaz de soudage, fuite de gaz.
Découpe de balise anciennement chargée au gaz.";Lésions dues à la projections de particules solides ou liquides.;A contrôler;TOUS Responsables COB;P3;A proposer;"- Ventilation haute et basse des véhicules utilisés pour le transport des bouteilles de gaz, système d’arrimage.
- Présence d’extincteurs dans les véhicules.";;Aucune;;;
204;8;11;19;2. SPB;Tous COB-SPB Méditerranée;Sites SPB-Méditerranée (tous COB - Tous Dépts);8;Risque Incendie;Incendie dans les locaux de travail.;Brûlures légères à graves, dommages, lésions, décés.;En cours;TOUS Responsables COB;P3;Existante;"- Vérification périodique des dispositifs de lutte contre les débuts d’incendies dans les locaux (attente retour).
- Plan d’évacuation, signalétique et exercices d’évacuation périodiques réalisés sur certains sites.";;Aucune;;;
205;8;11;20;2. SPB;Tous COB-SPB Méditerranée;Sites SPB-Méditerranée (tous COB - Tous Dépts);8;Risque Incendie;Incendie dans les locaux de travail.;Brûlures légères à graves, dommages, lésions, décés.;A planifier;TOUS Responsables COB;P3;A proposer;"- Assurer, les contrôles périodiques des moyens de lutte contre les débuts d'incendies (à renseigner dans la fiche sécurité du DUERP), diffusion des consignes et installation d’une signalétique appropriée,
- Éviter de stocker des emballages, du matériel ou autres dans les dégagements (couloirs, portes, issues…), respecter les largeurs d’unité de passage.
- Formation à l’utilisation des extincteurs et procédures d’évacuation (guide et serre fil).";;Aucune;;;
206;45;11;667;2. SPB;Tous COB-SPB Méditerranée;Sites SPB-Méditerranée (tous COB - Tous Dépts);8;Risque Incendie;"- Surcharge de multiprises, sources de chaleur encombrées (lampe, radiateur..),
- Défaillance des équipements ou des installations électriques,
- Court-circuit sur une installation électrique,
- Coup de foudre.";Brûlures légères à graves, dommages, lésions, décés.;A contrôler;TOUS Responsables COB;P3;Existante;"- Maintient des portes des tableaux et coffrets en position fermée.
- Respect des règles d’interventions et d'installations,
- Respect des règles d'utilisation du matériel (surcharge et surchauffe).
- Acquisition de matériel conforme à la norme en vigueur, respect de la puissance maximale indiquée sur les prolongateurs et multiprises.
- Vérification périodique des installations électriques, mise en conformité des installations (attente de retour).";;12 mois;28/10/2022;;
207;42;11;189;2. SPB;Tous COB-SPB Méditerranée;Sites SPB-Méditerranée (tous COB - Tous Dépts);8;Risque Incendie;"- Court-circuit entre les deux pôles lors de la maintenance (charge, contrôle et remplacement) et de la manutention des batteries stationnaires 
- Dégagement d’hydrogène lors de la charge des modèles à électrolyte liquide.";Brûlures légères à graves, dommages, lésions, décés.;A planifier;TOUS Responsables COB;P2;A proposer;"- Analyses des installations de batteries stationnaires de chaque COB, retours attendus pour définir la nécessité de formations des intervenants : dès lors que la tension des batteries stationnaires est supérieure à 60 volts ou dont la capacité totale est supérieure à 275 Ah, la réglementation aux travaux sous tension NFC 18-505-2-3 (installation qui n'a pu être mise hors tension) s'applique.  Sont considérées comme des interventions (intervenant habilité BR) les opérations électriques de courte durée (connexion/déconnexion hors charge et manutention bornes protégées), effectuées sur les circuits de batteries dont les caractéristiques physiques répondent à des éxigences de tension, de section des conducteurs et de protection contre les courts-circuits définies de manière à supprimer ou limiter les risques électriques.
- Respect des règles de transport (pôles protégés).
- Pose de sectionneurs permettant de couper la charge.";;12 mois;07/04/2022;;
208;45;11;94;2. SPB;Tous COB-SPB Méditerranée;Sites SPB-Méditerranée (tous COB - Tous Dépts);8;Risque Incendie;"- Surcharge de multiprises, sources de chaleur encombrées (lampe, radiateur..),
- Défaillance des équipements ou des installations électriques,
- Court-circuit sur une installation électrique,
- Coup de foudre.";Brûlures légères à graves, dommages, lésions, décés.;A planifier;TOUS Responsables COB;P3;A proposer;"- Formation à l’utilisation des moyens de lutte contre les départs de feu.
- Vérification périodique des installations électriques à réaliser et à généraliser aux ESM.
- Maintient en conformité des installations électriques, renseigner la fiche sécurité DUERP.";;Aucune;;;
209;46;11;95;2. SPB;Tous COB-SPB Méditerranée;Sites SPB-Méditerranée (tous COB - Tous Dépts);8;Risque Incendie;Feu de broussailles accidentel, incendie de forêt (lors de travaux générant des étincelles).;Brûlures légères à graves, dommages, lésions, décés.;En cours;TOUS Responsables COB;P3;Existante;"- Débroussaillages ponctuels des sites.
- Extincteurs, eau à proximité en cas de risque.";;Aucune;;;
210;46;11;96;2. SPB;Tous COB-SPB Méditerranée;Sites SPB-Méditerranée (tous COB - Tous Dépts);8;Risque Incendie;Feu de broussailles accidentel, incendie de forêt (lors de travaux générant des étincelles).;Brûlures légères à graves, dommages, lésions, décés.;A contrôler;TOUS Responsables COB;P3;A proposer;Respect des arrêtés sécheresse et des obligations de débroussaillage dans les zones réglementées.;;Aucune;;;
211;47;11;97;2. SPB;Tous COB-SPB Méditerranée;Sites SPB-Méditerranée (tous COB - Tous Dépts);8;Risque Incendie;Travaux par point chaud (soudage, meulage, tronçonnage, découpage).;Brûlures légères à graves, dommages, lésions, décés.;En cours;TOUS Responsables COB;P2;Existante;Respect des instructions impératives de sécurité (détaillées sur les permis de feu).;;Aucune;;;
212;47;11;98;2. SPB;Tous COB-SPB Méditerranée;Sites SPB-Méditerranée (tous COB - Tous Dépts);8;Risque Incendie;Travaux par point chaud (soudage, meulage, tronçonnage, découpage).;Brûlures légères à graves, dommages, lésions, décés.;A contrôler;TOUS Responsables COB;P2;A proposer;"- Consignes au personnel, rédaction d’un permis de feu lors de travaux par point chaud en dehors des postes permanents de travail du service.
- Vigilance lors de ces travaux (usage: fer à souder, décapeur thermique, soudure à l'arc, meulage..).";;Aucune;;;
214;48;47;99;2. SPB;Tous COB-SPB Méditerranée;Sites SPB-Méditerranée (tous COB - Tous Dépts);9;Risque Rayonnement Optiques Artificiels: DEL/Eclairage à forte luminance/Laser;Lors du réglage ou maintenance de certains foyers à D.E.L ou toutes autres sources à forte luminance (HMI).;Brûlures plus ou moins graves, lésions oculaires.;En cours;TOUS Responsables COB;P3;Existante;"- Mise en place d’écran ou de filtres,
-Port de lunettes de protection (type soudure).";;Aucune;;;
215;48;47;100;2. SPB;Tous COB-SPB Méditerranée;Sites SPB-Méditerranée (tous COB - Tous Dépts);9;Risque Rayonnement Optiques Artificiels: DEL/Eclairage à forte luminance/Laser;Lors du réglage ou maintenance de certains foyers à D.E.L ou toutes autres sources à forte luminance (HMI).;Brûlures plus ou moins graves, lésions oculaires.;En cours;TOUS Responsables COB;P2;A proposer;"- Généralisation de la pose d’écran lors des essais ou des réglages, 
- suivi de la veille technologique, recherche de l’EPI le mieux adapté (lunettes horticoles, IPL..),
- sensibilisation et information du personnel.
- mise en place d’une signalisation adaptée.";;Aucune;;;
216;49;53;101;2. SPB;Tous COB-SPB Méditerranée;Sites SPB-Méditerranée (tous COB - Tous Dépts);10;Risque lié à l'utilisation de produits pyrotechniques;Manipulation de fusées de détresse, stockage anarchique à proximité de points chauds.;Brûlures, contusions, lésions.;En cours;TOUS Responsables COB;P3;Existante;Suivi du stock, rangement et enlèvement après la date de péremption.;;Aucune;;;
217;49;53;102;2. SPB;Tous COB-SPB Méditerranée;Sites SPB-Méditerranée (tous COB - Tous Dépts);10;Risque lié à l'utilisation de produits pyrotechniques;Manipulation de fusées de détresse, stockage anarchique à proximité de points chauds.;Brûlures, contusions, lésions.;En cours;TOUS Responsables COB;P3;A proposer;"- Recherche d’un collecteur approprié.
- Prise en compte de l’enlèvement des fusées périmées dans le choix des fournisseurs.";;Aucune;;;
218;50;54;103;2. SPB;Tous COB-SPB Méditerranée;Sites SPB-Méditerranée (tous COB - Tous Dépts);11;Risque lié à la manipulation d'outils;Utilisation d’outillage manuel ou électroportatif lors de différents travaux;Coupures, contusions, écrasement, lésions diverses.;En cours;TOUS Responsables COB;P2;Existante;"- Port des protections individuelles : Gants, écran facial et autres recommandés dans les manuels de sécurité/notices des fabriquant machines, respect des consignes d’utilisation.
- Certains agents portent des lunettes de protection oculaires à correction adaptée ou masque surlunettes.";;Aucune;;;
219;50;54;104;2. SPB;Tous COB-SPB Méditerranée;Sites SPB-Méditerranée (tous COB - Tous Dépts);11;Risque lié à la manipulation d'outils;Utilisation d’outillage manuel ou électroportatif lors de différents travaux;Coupures, contusions, écrasement, lésions diverses.;A contrôler;TOUS Responsables COB;P2;A proposer;"- Utilisation des outils conformément à l’usage pour lequel ils sont destinés.
- Généraliser les protections individuelles oculaires à correction adaptée selon les besoins évalués.";;Aucune;;;
220;51;55;105;2. SPB;Tous COB-SPB Méditerranée;Sites SPB-Méditerranée (tous COB - Tous Dépts);12;Risque lié aux automatismes;Optique tournant de phares, barrières automatiques, portails, portes automatiques, réenclencheur automatique de disjoncteur, Groupe-Electrogène (automate).;Écrasement, lésions légères à graves, électrisation, électrocution.;A contrôler;TOUS Responsables COB;P2;Existante;"- Consignation des circuits électriques commandés par inverseur de sources, automates et réenclencheurs auto avant toute intervention,  entretien et vérification,
- respect des procédures d’arrêt (déverrouillage mécanique,..).
- Vérification périodique des installations (ascenseurs, barrières, portes, rideaux, automatiques..) et maintenance des installations automatiques (attente du dernier contrôle pour les sites équipés).";;6 mois;28/04/2022;;
221;51;55;106;2. SPB;Tous COB-SPB Méditerranée;Sites SPB-Méditerranée (tous COB - Tous Dépts);12;Risque lié aux automatismes;Optique tournant de phares, barrières automatiques, portails, portes automatiques, réenclencheur automatique de disjoncteur, Groupe-Electrogène (automate).;Écrasement, lésions légères à graves, électrisation, électrocution.;A planifier;TOUS Responsables COB;P2;A proposer;"- Suivi des contrôles périodique réglementaires et de la maintenance des installations automatiques (à renseigner dans la fiche sécurité du DUERP).
- Formation et suivi recyclages H-E, affichage des consignes + signalétique.";;6 mois;28/04/2022;;
223;52;19;107;2. SPB;Tous COB-SPB Méditerranée;Sites SPB-Méditerranée (tous COB - Tous Dépts);13;Risque lié aux fluides et équipements sous-pression ;Utilisation réseau d’air comprimé (compresseur, sableuse), laveur haute pression, flexibles de circuit hydraulique (chariot élévateur).;Lésions corporelles, superficielles ou profondes. ;En cours;TOUS Responsables COB;P3;Existante;"- Suivi entretien vérifications techniques réglementaires (périodicité),
- surveillance visuelle de l’état du matériel,
- port des EPI suivant les notices d’utilisation.";;Aucune;;;
224;52;19;108;2. SPB;Tous COB-SPB Méditerranée;Sites SPB-Méditerranée (tous COB - Tous Dépts);13;Risque lié aux fluides et équipements sous-pression ;Utilisation réseau d’air comprimé (compresseur, sableuse), laveur haute pression, flexibles de circuit hydraulique (chariot élévateur).;Lésions corporelles, superficielles ou profondes. ;A planifier;TOUS Responsables COB;P2;A proposer;"Faire le point sur les contrôles réglementaires des équipements (intégrer le suivi au registre unique de sécurité du site) et renseigner la Fiche Sécurité DUERP du site.

";;12 mois;01/11/2022;;
226;2;1;11;2. SPB;Tous COB-SPB Méditerranée;Sites SPB-Méditerranée (tous COB - Tous Dépts);14;Risque lié aux gestes répétitifs;SANS OBJET;SANS OBJET;-1;0;0;Existante;AUCUNE / SANS OBJET;;Aucune;;;
227;53;56;109;2. SPB;Tous COB-SPB Méditerranée;Sites SPB-Méditerranée (tous COB - Tous Dépts);15;Risque lié aux postures de travail;Mauvaise posture lors de travaux d’entretien ou de maintenance, maniement de charges.;Douleurs dorso-lombaire, tendinites, maladies professionnelles.;En cours;TOUS Responsables COB;P2;Existante;"- Conseil sur l’ergonomie aux agents.
- Après évaluation des besoins une partie du personnel a été équipé de harnais de force type CORFOR (30 agents équipés par la DIRM en 2017).";;Aucune;;;
228;53;56;110;2. SPB;Tous COB-SPB Méditerranée;Sites SPB-Méditerranée (tous COB - Tous Dépts);15;Risque lié aux postures de travail;Mauvaise posture lors de travaux d’entretien ou de maintenance, maniement de charges.;Douleurs dorso-lombaire, tendinites, maladies professionnelles.;A planifier;TOUS Responsables COB;P2;A proposer;"- Mettre en place stage PRAP (Prévention des risques liés à l’activité physique).
- Etude ergonomique des postes de travail si nécessaire (voir avec le CP),
- Remontées de besoins au CP en harnais de force.";;Aucune;;;
229;54;58;111;2. SPB;Tous COB-SPB Méditerranée;Sites SPB-Méditerranée (tous COB - Tous Dépts);16;Risque lié aux rayonnements ionisants et non ionisants (électromagnétiques);Exposition aux champs magnétiques à hautes fréquences (radars, antennes de télécommunication), lors de pénétration accidentelle dans une zone d’émission non ou mal balisée.;Effets nocifs à long terme (cataracte, impact sur la reproduction, nécroses, brûlures, augmentation du risque de cancer).;A contrôler;TOUS Responsables COB;P3;Existante;Mesurages, application des procédures (arrêt émission) avant intervention, information aux intervenants, affichage du danger d’exposition (signalétique, périmètre, diagramme de rayonnement..).;;Aucune;;;
230;54;58;112;2. SPB;Tous COB-SPB Méditerranée;Sites SPB-Méditerranée (tous COB - Tous Dépts);16;Risque lié aux rayonnements ionisants et non ionisants (électromagnétiques);Exposition aux champs magnétiques à hautes fréquences (radars, antennes de télécommunication), lors de pénétration accidentelle dans une zone d’émission non ou mal balisée.;Effets nocifs à long terme (cataracte, impact sur la reproduction, nécroses, brûlures, augmentation du risque de cancer).;A contrôler;TOUS Responsables COB;P3;A proposer;"- Réalisation de mesures sur les sites ou des installations sont présentes.
- Matérialisation des zones de danger (émissions).";;Aucune;;;
231;55;59;113;2. SPB;Tous COB-SPB Méditerranée;Sites SPB-Méditerranée (tous COB - Tous Dépts);16;Risque lié aux rayonnements ionisants et non ionisants (électromagnétiques);"- Utilisation du procédé de soudures TIG équipé d’électrodes réfractaires en tungstène présentant de l’oxyde de thorium marqués « WT », qui émet des rayons ionisants de type alpha.
- Exposition plus importante lors des opérations nécessaire d’affûtage de ces électrodes, générant des poussières pouvant être inhalées.";Effet des 2 principaux isotopes du thorium (Th 232 et 228), classé cancérigène avéré par le CIRC.;En cours;TOUS Responsables COB;P3;Existante;"- Mesures de préventions proposée par un expert CARSAT suite à la visite du 16 mars 2016 :
=> Substitution des électrodes présentant de l’oxyde de thorium marqué « WT » par des électrodes contenant des oxydes de lanthane « WL » ou de cérium « WC » (COB MRS, Sète).
=> Diffusions des recommandations aux autres COB et services pour prise en compte.
- Evaluation des doses réalisée par le CP et le MDP (traçabilité).";;Aucune;;;
232;55;59;114;2. SPB;Tous COB-SPB Méditerranée;Sites SPB-Méditerranée (tous COB - Tous Dépts);16;Risque lié aux rayonnements ionisants et non ionisants (électromagnétiques);"- Utilisation du procédé de soudures TIG équipé d’électrodes réfractaires en tungstène présentant de l’oxyde de thorium marqués « WT », qui émet des rayons ionisants de type alpha.
- Exposition plus importante lors des opérations nécessaire d’affûtage de ces électrodes, générant des poussières pouvant être inhalées.";Effet des 2 principaux isotopes du thorium (Th 232 et 228), classé cancérigène avéré par le CIRC.;A contrôler;TOUS Responsables COB;P3;A proposer;"- Exploitation des FDS avant achat.
- Vérification des COB utilisant les procédés de soudures TIG,
- Fiche INRS ED 4446 mis en ligne sur l'intranet (prévention et bonnes pratiques).";;Aucune;;;
233;56;60;115;2. SPB;Tous COB-SPB Méditerranée;Sites SPB-Méditerranée (tous COB - Tous Dépts);16;Risque lié aux rayonnements ionisants et non ionisants (électromagnétiques);Lors de contact ou travail à courte distance avec une tête de paratonnerre radioactifs (modèles installés entre 1936 et 1986).;Effets du radium 226 ou de l’américium 241 sur le corps.;Clôturée;TOUS Responsables COB;P3;Existante;"COB Toulon: mise en place de la procédure avec l'ANDRA suite à la découverte d'une pointe ""helvita"", jusqu'à l'enlèvement, vérification d'une éventuelle contamination par les pompiers.";;Aucune;;;
234;56;60;116;2. SPB;Tous COB-SPB Méditerranée;Sites SPB-Méditerranée (tous COB - Tous Dépts);16;Risque lié aux rayonnements ionisants et non ionisants (électromagnétiques);Lors de contact ou travail à courte distance avec une tête de paratonnerre radioactifs (modèles installés entre 1936 et 1986).;Effets du radium 226 ou de l’américium 241 sur le corps.;En cours;TOUS Responsables COB;P3;A proposer;"- Inventaire des installations à réaliser. Alerte de la hiérarchie ou du CP en cas de présence de tête radioactive.
- Fiche INRS ED 4447 mis en ligne sur l'intranet (prévention et bonnes pratiques).";;Aucune;;;
235;10;14;259;2. SPB;Tous COB-SPB Méditerranée;Sites SPB-Méditerranée (tous COB - Tous Dépts);16;Risque lié aux rayonnements ionisants et non ionisants (électromagnétiques);Inhalation du radon (gaz radioactif d’origine naturelle essentiellement présent dans le sol) concentré (niveau de référence inférieur à 300Bq/m3 en moyenne annuelle) dans des lieux confinés (sous-sols et rdc mal aérés) pendant une durée importante.;A long terme peut être la cause de cancers du poumon (en fonction de la concentration dans les locaux et du temps d'exposition).;A planifier;TOUS Responsables COB;P1;A proposer;"Consultations du potentiel radon par communes (ex catégorie 3 : communes du 83, 06, 2B et 2A) sur le site de l’IRSN ou l’arrêté du 27 juin 2018 portant délimitation des zones à potentiel radon du territoire français. 
Dépistage dans les zones « Le potentiel radon ainsi fourni ne présage en rien des concentrations présentes dans les bâtiments, celles-ci dépendant de multiples autres facteurs (étanchéité de l’interface entre le bâtiment et le sol, taux de renouvellement de l’air intérieur…). La cartographie ne peut donc en aucun cas se substituer à la réalisation de mesures. » 
Si des mesures de réduction de l’exposition à ce gaz sont conseillées quelle que soit la concentration constatée à l’issue du dépistage, il est particulièrement recommandé de mettre en place une des deux solutions suivantes à partir d’une concentration de radon supérieure à 300 Bq/m2 :
- supprimer la radon présent dans l’habitation en agissant sur le renouvellement de l’air intérieur,
- réduire le transfert de radon vers l’intérieur du bâtiment en renforçant son étanchéité vis-à-vis du sol.
=>Le CP propose aux services de réaliser dans un premier temps des campagnes de dépistage, pour les sites des communes à potentiel radon élevé : dans les parties de bâtiments situées en soussol ou en rez-de-chaussée où le personnel séjourne sur des durées importantes.";;6 mois;18/05/2022;;
236;58;63;117;2. SPB;Tous COB-SPB Méditerranée;Sites SPB-Méditerranée (tous COB - Tous Dépts);17;Risque manutention manuelle;Port de charges lourdes (batteries, matériel, matériaux..), danger accentué sur accès difficiles (digues, enrochements, moyens nautiques, divers ESM).;Douleurs dorso-lombaire, tendinites, écrasement, maladies professionnelle.;En cours;TOUS Responsables COB;P2;Existante;"- Utilisation d’outils d’aide à la manutention (diables, etc...), fractionnement des charges.
- Après évaluation des besoins (30 pièces) le personnel a été équipé de harnais de force type CORFOR.
- Choix de chaussures de sécurité à semelles adhérentes.";;Aucune;;;
237;58;63;373;2. SPB;Tous COB-SPB Méditerranée;Sites SPB-Méditerranée (tous COB - Tous Dépts);17;Risque manutention manuelle;Port de charges lourdes (batteries, matériel, matériaux..), danger accentué sur accès difficiles (digues, enrochements, moyens nautiques, divers ESM).;Douleurs dorso-lombaire, tendinites, écrasement, maladies professionnelle.;A contrôler;TOUS Responsables COB;P2;A proposer;"- Mettre en place stage PRAP (Prévention des risques liés à l’activité physique).
- Etude ergonomique des postes de travail si nécessaire (voir avec le CP),";;Aucune;;;
238;59;19;118;2. SPB;Tous COB-SPB Méditerranée;Sites SPB-Méditerranée (tous COB - Tous Dépts);18;Risque manutention mécanique et au levage;"- Être heurté par une masse en mouvement lors de l’utilisation de palan à chaîne, de pont roulant ou de chariot élévateur (balancement de la charge suspendue aux fourches, à cause d’une mauvaise manoeuvre ou des irrégularités du sol).
- Être heurté par l’engin de manutention en cas de mauvaise visibilité lors de la manutention de pièces volumineuses.
- Renversement du chariot élévateur :
=> Dû au balancement de la charge suspendue aux fourches et/ou aux irrégularités du sol,
=> lors de manutention en bordure de quai/navire,
=> dû aux fausses manoeuvres.
- Chute de la charge due :
=> à un mauvais élingage de la charge,
=> à la rupture de l’élingue, ou du point d’accrochage,
=> instabilité d’un rack de stockage.";Lésions corporelles, superficielles ou profondes. ;En cours;TOUS Responsables COB;P2;Existante;"- Suivi des formations (CACES), autorisation de conduite délivrées aux titulaires (examen aptitude médicale, instructions à respecter..),
- Formation élingage,
- Port d’EPI (gants, casques), manutention avec moyens adaptés, respect des consignes (sécurité, élingage..), maîtrise et choix du chariot (commandes, capacité..).
- Vérifications périodiques des appareils de levages, de leur apparaux et accessoires.
- Manutention BFI quai/navire réalisée avec une prestation grue.
- COB/MRS : achat d’un palonnier qui permet au « Provence » de manutentionner les charges sans recours à un chariot élévateur.";;Aucune;;;
239;59;19;119;2. SPB;Tous COB-SPB Méditerranée;Sites SPB-Méditerranée (tous COB - Tous Dépts);18;Risque manutention mécanique et au levage;"- Être heurté par une masse en mouvement lors de l’utilisation de palan à chaîne, de pont roulant ou de chariot élévateur (balancement de la charge suspendue aux fourches, à cause d’une mauvaise manoeuvre ou des irrégularités du sol).
- Être heurté par l’engin de manutention en cas de mauvaise visibilité lors de la manutention de pièces volumineuses.
- Renversement du chariot élévateur :
=> Dû au balancement de la charge suspendue aux fourches et/ou aux irrégularités du sol,
=> lors de manutention en bordure de quai/navire,
=> dû aux fausses manoeuvres.
- Chute de la charge due :
=> à un mauvais élingage de la charge,
=> à la rupture de l’élingue, ou du point d’accrochage,
=> instabilité d’un rack de stockage.";Lésions corporelles, superficielles ou profondes. ;A contrôler;TOUS Responsables COB;P2;A proposer;"- Poursuivre le suivi régulier du personnel à former et aux nouveaux arrivants.
- Maintien en bon état du revêtement de la zone de manutention.
- Affichage et information sur le plan de circulation.
- Port systématique de vêtements à haute visibilité sur les zones de manutention.
- Le conducteur de l’engin doit être guidé/assisté lors de la manutention des pièces volumineuses";;Aucune;;;
240;60;19;120;2. SPB;Tous COB-SPB Méditerranée;Sites SPB-Méditerranée (tous COB - Tous Dépts);18;Risque manutention mécanique et au levage;Utilisation de guindeaux électriques lors de la mise à l’eau de moyens nautiques.;Lésions corporelles, superficielles ou profondes. ;En cours;TOUS Responsables COB;P3;Existante;Contrôle périodique interne de l’équipement et des aussières, port des EPI (gants, VFI).;;Aucune;;;
241;60;19;121;2. SPB;Tous COB-SPB Méditerranée;Sites SPB-Méditerranée (tous COB - Tous Dépts);18;Risque manutention mécanique et au levage;Utilisation de guindeaux électriques lors de la mise à l’eau de moyens nautiques.;Lésions corporelles, superficielles ou profondes. ;A planifier;TOUS Responsables COB;P2;A proposer;- Délimitation et interdiction d’accès sur les zones de manoeuvres.;;Aucune;;;
242;61;65;122;2. SPB;Tous COB-SPB Méditerranée;Sites SPB-Méditerranée (tous COB - Tous Dépts);19;Risque mécanique;Utilisation de machine outils, outillages électroportatifs, optique de phare, groupes électrogènes (risque d’entraînement, écrasement);Lésions corporelles, oculaires superficielles ou profondes;En cours;TOUS Responsables COB;P2;Existante;"- Maintient des carters et protections des organes en mouvement,
- port des EPI indiqués dans les manuels fabricants, respect des consignes de sécurité.
- Port d’équipements de protection individuel oculaires à correction adaptée.";;Aucune;;;
243;61;65;123;2. SPB;Tous COB-SPB Méditerranée;Sites SPB-Méditerranée (tous COB - Tous Dépts);19;Risque mécanique;Utilisation de machine outils, outillages électroportatifs, optique de phare, groupes électrogènes (risque d’entraînement, écrasement);Lésions corporelles, oculaires superficielles ou profondes;A planifier;TOUS Responsables COB;P2;A proposer;"- Formation aux nouveaux arrivants.
- Généraliser les protections individuelles oculaires à correction adaptée selon les besoins évalués.
- Surveillance de l’état de conformité des machines et des outillages.
- Mise en place de protections sur les parties tranchantes quand l’appareil n’est pas utilisé.";;Aucune;;;
244;62;67;124;2. SPB;Tous COB-SPB Méditerranée;Sites SPB-Méditerranée (tous COB - Tous Dépts);20;Risque d'asphyxie;"En cas de mauvaise ventilation lors de différentes situations :
- transport de gaz dans des véhicules,
- stockage (gaz) sur chantier ou dans des ateliers,
- fuites d’échappement d’un groupes électrogène installé dans un local.";Maux de tête, troubles divers, malaise, séquelles graves, décès.;En cours;TOUS Responsables COB;P2;Existante;"- Vérification visuelle des robinets, des flexibles et détendeurs sur les bouteilles de gaz de soudage.
- Vérification et entretien des échappements et des arrivées d’air des locaux de groupe électrogène.";;Aucune;;;
245;62;67;125;2. SPB;Tous COB-SPB Méditerranée;Sites SPB-Méditerranée (tous COB - Tous Dépts);20;Risque d'asphyxie;"En cas de mauvaise ventilation lors de différentes situations :
- transport de gaz dans des véhicules,
- stockage (gaz) sur chantier ou dans des ateliers,
- fuites d’échappement d’un groupes électrogène installé dans un local.";Maux de tête, troubles divers, malaise, séquelles graves, décès.;A contrôler;TOUS Responsables COB;P2;A proposer;"- Vérification régulière de la bonne ventilation des installations (locaux techniques, véhicules).
- Vérification régulière des échappements dans les locaux de groupe électrogène.";;Aucune;;;
246;63;68;126;2. SPB;Tous COB-SPB Méditerranée;Sites SPB-Méditerranée (tous COB - Tous Dépts);21;Risque de chute d'objet;"- Lors d’intervention en hauteur (chute accidentelle d’outils et/ou de matériel sur toute personne située au dessous).
- Lors de manutention de matériel et de matériaux, entreposage inapproprié en hauteur de matériel en entrepôts, atelier et bureaux.
- Lors de transport de matériel non fixé à l'arrière des véhicules (voir R.38)";Lésions corporelles, superficielles ou profondes, décès (accident de la route).;En cours;TOUS Responsables COB;P2;Existante;"- Balisage de chantier ou des zones à risque, maintient des plinthes en partie basse des gardes corps
- rangement des entrepôts, ateliers (rayonnage adaptés à la charge) et bureaux,
- port des EPI d’usage,
- sanglage, arrimage des matériels et des charges pendant le transport.";;Aucune;;;
247;63;68;127;2. SPB;Tous COB-SPB Méditerranée;Sites SPB-Méditerranée (tous COB - Tous Dépts);21;Risque de chute d'objet;"- Lors d’intervention en hauteur (chute accidentelle d’outils et/ou de matériel sur toute personne située au dessous).
- Lors de manutention de matériel et de matériaux, entreposage inapproprié en hauteur de matériel en entrepôts, atelier et bureaux.
- Lors de transport de matériel non fixé à l'arrière des véhicules (voir R.38)";Lésions corporelles, superficielles ou profondes, décès (accident de la route).;A contrôler;TOUS Responsables COB;P2;A proposer;"- Utilisation de système anti-chute d’outils (sangle, longe, dragonne…)
- pose de plinthe de 10 à 15 cm en partie basse des gardes corps,
- équipement des véhicules utilitaires de cloison/grille de séparation habitacle/coffre.";;Aucune;;;
248;64;69;128;2. SPB;Tous COB-SPB Méditerranée;Sites SPB-Méditerranée (tous COB - Tous Dépts);22;Risque de chute de hauteur et de plain pied;Lors des interventions et travaux sur ESM (phares et bouées), ateliers, bâtiments annexes et moyens nautiques.;Lésions corporelles, superficielles ou profondes, noyade.;En cours;TOUS Responsables COB;P2;Existante;"- Création et diffusion d’une fiche procédure « travaux en hauteur » mise en ligne sur l’intranet.
- Protections collectives : 
Installation et entretien et vérification des: crinolines, gardes corps, échafaudages.
- Protections individuelles :
=> suivi, vérification des EPI travaux en hauteur et sur cordes.
=> Les services qui pratiquent les travaux sur cordes organisent tous les ans des journées collectives de pratique.

- Concernant la périodicité de formation : celle-ci est fixée à 5 ans dans le plan de la DIRM MED.
- Modes opératoires : éviter de monter chargé d’outils (fractionnement des charges).
- évolution dans des conditions météorologiques favorables.";;Aucune;;;
249;64;69;129;2. SPB;Tous COB-SPB Méditerranée;Sites SPB-Méditerranée (tous COB - Tous Dépts);22;Risque de chute de hauteur et de plain pied;Lors des interventions et travaux sur ESM (phares et bouées), ateliers, bâtiments annexes et moyens nautiques.;Lésions corporelles, superficielles ou profondes, noyade.;A contrôler;TOUS Responsables COB;P1;A proposer;"- En cas de travaux de courte durée ou moyen d’accès : l’échelle doit correctement être installée sur un support stable et être fixée/calée au pied ou en tête.
- Cas des travaux sur l’eau : évaluer la compatibilité du harnais anti chute et du VFI suivant les conditions d’accès du site.
- Analyse typologique des sites (ESM) :
évaluation des conditions d’accès pour chaque ESM.
- Prise en compte de la difficulté d’accès pour orienter le type de matériel installé (ex : matériel plus léger).";;Aucune;;;
250;65;19;130;2. SPB;Tous COB-SPB Méditerranée;Sites SPB-Méditerranée (tous COB - Tous Dépts);22;Risque de chute de hauteur et de plain pied;Travaux sur échafaudage non conforme ou mal installé.;Lésions corporelles, superficielles ou profondes. ;En cours;TOUS Responsables COB;P3;Existante;"- Montage, démontage des échafaudages sur pied confié soit à une personne du service disposant des compétences requises, soit à une entreprise spécialisée.
- Pour les échafaudages roulants : respect de la notice de montage et d’utilisation du constructeur.
- Vérification de l’état des échafaudages";;Aucune;;;
251;65;19;131;2. SPB;Tous COB-SPB Méditerranée;Sites SPB-Méditerranée (tous COB - Tous Dépts);22;Risque de chute de hauteur et de plain pied;Travaux sur échafaudage non conforme ou mal installé.;Lésions corporelles, superficielles ou profondes. ;A planifier;TOUS Responsables COB;P3;A proposer;Formations au montage, démontage, utilisation et vérifications des échafaudages suivants les référentiels des recommandations CNAM/INRS R 457 (échafaudages roulants) et R 408 (échafaudages sur pieds) + remise d’attestation de compétence (obligations prévues par les articles R 4323-69 et R 4141-15 7° du code du travail).;;Aucune;;;
252;66;19;132;2. SPB;COB Toulon - sites Dépt.83;COB Toulon;22;Risque de chute de hauteur et de plain pied;Travaux sur nacelle en suspente non conforme ou mal installée.;Lésions corporelles, superficielles ou profondes. ;En cours;Hervé GALL;P3;Existante;"- Vérification en interne du matériel,
- arrimages renforcés (double bastaing),
- sécurisation de l’opérateur doublée par l’utilisation d’EPI spécifiques aux travaux sur cordes.";;Aucune;;;
253;66;19;133;2. SPB;COB Toulon - sites Dépt.83;COB Toulon;22;Risque de chute de hauteur et de plain pied;Travaux sur nacelle en suspente non conforme ou mal installée.;Lésions corporelles, superficielles ou profondes. ;En cours;Hervé GALL;P3;A proposer;Système d’arrimage en cours d’évolution.;;Aucune;;;
254;67;69;134;2. SPB;Tous COB-SPB Méditerranée;Sites SPB-Méditerranée (tous COB - Tous Dépts);22;Risque de chute de hauteur et de plain pied;Lors d’embarquement à bord navires, débarquement (sur digues, enrochements, bouées).;Lésions corporelles, superficielles ou profondes, noyade.;En cours;TOUS Responsables COB;P1;Existante;"- Nettoyage de la surface des quais de débarquement,
- port des EPI recommandés,
- coordination avec le pilote,
- prise en compte de la météo,
- prise en compte de la difficulté d’accès pour orienter le type de matériel à installé (ex : matériel plus léger).";;Aucune;;;
255;67;69;135;2. SPB;Tous COB-SPB Méditerranée;Sites SPB-Méditerranée (tous COB - Tous Dépts);22;Risque de chute de hauteur et de plain pied;Lors d’embarquement à bord navires, débarquement (sur digues, enrochements, bouées).;Lésions corporelles, superficielles ou profondes, noyade.;En cours;TOUS Responsables COB;P1;A proposer;"- Analyse typologique des sites (ESM) :
évaluation des conditions d’accès pour chaque ESM.
- Pose de caillebotis antidérapant (résine, fibre de verre).
- Généralisation des chaussures à semelles anti-dérapantes à étudier.";;Aucune;;;
256;68;69;136;2. SPB;Tous COB-SPB Méditerranée;Sites SPB-Méditerranée (tous COB - Tous Dépts);22;Risque de chute de hauteur et de plain pied;Lors d’accès terrestre à pied (chargé plus ou moins de matériel).;Lésions corporelles, superficielles ou profondes, noyade.;En cours;TOUS Responsables COB;P2;Existante;"- Port de chaussures de sécurité à semelles antidérapantes, sacs de transport adaptés.
- Prise en compte de la difficulté d’accès pour orienter le type de matériel à installé (ex : matériel plus léger, démontable..).
- Recensements des sites équipés de cuves souterraines réalisés par certains centres (vérifications structurelles, balisage, consignes au personnel).";;Aucune;;;
257;68;69;137;2. SPB;Tous COB-SPB Méditerranée;Sites SPB-Méditerranée (tous COB - Tous Dépts);22;Risque de chute de hauteur et de plain pied;Lors d’accès terrestre à pied (chargé plus ou moins de matériel).;Lésions corporelles, superficielles ou profondes, noyade.;En cours;TOUS Responsables COB;P2;A proposer;"- Analyse typologique des sites (ESM) :
=> évaluation des conditions d’accès pour chaque ESM,
=> pour les sites concernés notifier la présence et l’état structurel des cuves à eau souterraines (balisage des emplacements afin d’éviter un effondrement du à une surcharge en cas de stationnement de véhicules, stockage de charges..), consignes,
=> travail sur l’harmonisation des méthodes.
- Prise en compte des contre indications physiques des médecins.
- Nécessité de prévenir les autorités portuaires, suivant les ESM.";;Aucune;;;
258;69;70;138;2. SPB;Tous COB-SPB Méditerranée;Sites SPB-Méditerranée (tous COB - Tous Dépts);23;Risque de noyade;"Chute accidentelle à l’eau lors :
- de débarquement du navire sur quai, digue, enrochements, balise (accès peu ou pas sécurisé).
- d’embarquement depuis quai, digue, enrochements, balise (accès peu ou pas sécurisé) sur le navire.";Hypothermie, lésions cérébrales, pulmonaires, problèmes cardiaques, décès.;En cours;TOUS Responsables COB;P1;Existante;"- Interventions uniquement de jour avec port de gilet auto-gonflant (150 N).
- Utilisation de chaussures de sécurité à semelles antidérapantes.
- Coordination avec le pilote, vigilance, prise en compte de la météo, du trafic maritime (vagues de sillage), entretien des coupées,
- nettoyage de la surface des quais de débarquement.
- Prise en compte de la difficulté d’accès pour orienter le type de matériel à installé (ex : matériel plus léger, démontable..).";;Aucune;;;
259;69;70;139;2. SPB;Tous COB-SPB Méditerranée;Sites SPB-Méditerranée (tous COB - Tous Dépts);23;Risque de noyade;"Chute accidentelle à l’eau lors :
- de débarquement du navire sur quai, digue, enrochements, balise (accès peu ou pas sécurisé).
- d’embarquement depuis quai, digue, enrochements, balise (accès peu ou pas sécurisé) sur le navire.";Hypothermie, lésions cérébrales, pulmonaires, problèmes cardiaques, décès.;A contrôler;TOUS Responsables COB;P1;A proposer;"- Analyse typologique des sites (ESM) :
évaluation des conditions d’accès pour chaque ESM.
- Pose de caillebotis antidérapant (résine, fibre de verre).
- Généralisation des chaussures à semelles antidérapantes à étudier et uniformiser.
- Evaluation de la compatibilité du harnais antichute et du VFI suivant les conditions d’accès du site.

Formations périodiquement proposées: comportement à adopter en cas de chute à l’eau.";;Aucune;;;
260;70;70;140;2. SPB;Tous COB-SPB Méditerranée;Sites SPB-Méditerranée (tous COB - Tous Dépts);23;Risque de noyade;"Chute accidentelle à l’eau :
- lors de circulation en bordure de quai, digue, enrochements,
- d’un ESM,
- d’un navire.";Hypothermie, lésions cérébrales, pulmonaires, problèmes cardiaques, décès.;En cours;TOUS Responsables COB;P2;Existante;"-Utilisation de chaussures de sécurité à semelles antidérapantes.
- Port de gilet auto-gonflant (150 N)";;Aucune;;;
261;70;70;141;2. SPB;Tous COB-SPB Méditerranée;Sites SPB-Méditerranée (tous COB - Tous Dépts);23;Risque de noyade;"Chute accidentelle à l’eau :
- lors de circulation en bordure de quai, digue, enrochements,
- d’un ESM,
- d’un navire.";Hypothermie, lésions cérébrales, pulmonaires, problèmes cardiaques, décès.;A contrôler;TOUS Responsables COB;P2;A proposer;"- Analyse typologique des sites (ESM) : évaluation des conditions d’accès pour chaque ESM.
- Avant toute utilisation du VFI la notice d’utilisation doit être lue attentivement, si besoin former et informer le personnel sur les conditions d’utilisation et d’entretien (autocontrôle entre visites fabricant, lieu de stockage..).
Formations périodiquement proposées : comportement à adopter en cas de chute à l’eau.";;Aucune;;;
262;71;71;142;2. SPB;Tous COB-SPB Méditerranée;Sites SPB-Méditerranée (tous COB - Tous Dépts);24;Risque lié à l'ambiance thermique;Travail dans des conditions de températures extrêmes (froid / chaud);Engelures, gerçures, hypothermie / hyperthermie, malaise, insolation, déshydratation.;En cours;TOUS Responsables COB;P3;Existante;"Port des vêtements adaptés aux ambiances thermiques (lunettes, gants, combinaisons pour le froid, chaussures de sécurité pour le froid,
bonnet), mise à disposition de boissons.
- Aménagements des horaires de travail en été (dans certains services, cf. RI chap 3.3 et 1.10).
- Prise en compte des ambiances thermiques dans la planification des tâches.";;Aucune;;;
263;71;71;143;2. SPB;Tous COB-SPB Méditerranée;Sites SPB-Méditerranée (tous COB - Tous Dépts);24;Risque lié à l'ambiance thermique;Travail dans des conditions de températures extrêmes (froid / chaud);Engelures, gerçures, hypothermie / hyperthermie, malaise, insolation, déshydratation.;En cours;TOUS Responsables COB;P3;A proposer;Adapter les dispositions en fonction des conditions climatiques.;;Aucune;;;
264;72;72;144;2. SPB;Tous COB-SPB Méditerranée;Sites SPB-Méditerranée (tous COB - Tous Dépts);24;Risque lié à l'ambiance thermique;Exposition prolongée et intense au soleil (éblouissement, rayonnement solaire, réflexion sur la mer).;Cancer de la peau, brûlures, mélanomes, lésions oculaires.;En cours;TOUS Responsables COB;P3;Existante;"- Port de lunettes de soleil (adaptés à la luminosité) et casquette.
- Prise en compte de l’exposition prolongée au soleil dans la programmation des travaux en extérieur.";;Aucune;;;
265;72;72;145;2. SPB;Tous COB-SPB Méditerranée;Sites SPB-Méditerranée (tous COB - Tous Dépts);24;Risque lié à l'ambiance thermique;Exposition prolongée et intense au soleil (éblouissement, rayonnement solaire, réflexion sur la mer).;Cancer de la peau, brûlures, mélanomes, lésions oculaires.;A contrôler;TOUS Responsables COB;P3;A proposer;Rappel des bonnes pratiques (port de casquette, éviter de travailler torse nu, etc...), renouvellement des dotations d’EPI (lunettes de soleil avec indice UV adapté et crème solaire).;;Aucune;;;
266;73;73;146;2. SPB;Tous COB-SPB Méditerranée;Sites SPB-Méditerranée (tous COB - Tous Dépts);24;Risque lié à l'ambiance thermique;Travail en coupole de phare lorsque la température est élevée;Pathologies résultant de la déshydratation, coup de chaleur.;A contrôler;TOUS Responsables COB;P3;Existante;"- Information, limitation du temps d’exposition.
- Interventions aux heures les plus clémentes, ventilation naturelle du fût assurée par l’ouverture des portes et fenêtres.
- Hydratation régulière.";;Aucune;;;
267;74;74;147;2. SPB;Tous COB-SPB Méditerranée;Sites SPB-Méditerranée (tous COB - Tous Dépts);25;Risque lié à l'éclairage;"- Déplacements ou travail dans une zone mal éclairée.
- Effet optique lors de travail dans un ESM à filtre rouge (*mauvaise distinction des couleurs de câbles électriques)";Chute, noyade, dommages corporels liés à un court-circuit*.;En cours;TOUS Responsables COB;P3;Existante;Lampe de poche (frontale à privilégier) avec piles de remplacement (indispensable dans la dotation).;;Aucune;;;
268;74;74;572;2. SPB;Tous COB-SPB Méditerranée;Sites SPB-Méditerranée (tous COB - Tous Dépts);25;Risque lié à l'éclairage;"- Déplacements ou travail dans une zone mal éclairée.
- Effet optique lors de travail dans un ESM à filtre rouge (*mauvaise distinction des couleurs de câbles électriques)";Chute, noyade, dommages corporels liés à un court-circuit*.;A contrôler;TOUS Responsables COB;P3;A proposer;- Recensement et étude des zones mal éclairées.;;Aucune;;;
269;17;20;149;2. SPB;Tous COB-SPB Méditerranée;Sites SPB-Méditerranée (tous COB - Tous Dépts);25;Risque lié à l'éclairage;Éclairage trop puissant, trop faible ou non adapté au poste de travail.;Effets oculaires, visuels et généraux (maux de tête, fatigue, agressivité..).;En cours;TOUS Responsables COB;P3;Existante;"- Lampes de bureaux d’appoint individuelles, stores aux fenêtres, relamping sur certains sites
- Etude et recommandations formulées sur le type d’éclairage optimal sur certains postes.";;Aucune;;;
270;17;20;35;2. SPB;Tous COB-SPB Méditerranée;Sites SPB-Méditerranée (tous COB - Tous Dépts);25;Risque lié à l'éclairage;Éclairage trop puissant, trop faible ou non adapté au poste de travail.;Effets oculaires, visuels et généraux (maux de tête, fatigue, agressivité..).;A contrôler;TOUS Responsables COB;P3;A proposer;"- Généralisation des solutions d'adaptations ergonomiques (consultation des nombreux guides conseils en ligne, voir R.28), étude de l’éclairement du poste de travail (contacter le CP si besoin).
- Consultation des nombreux guides conseils en ligne.";;Aucune;;;
271;75;21;150;2. SPB;Tous COB-SPB Méditerranée;Sites SPB-Méditerranée (tous COB - Tous Dépts);26;Risque lié à la qualité de l'air;Lors de manque d'entretien des climatiseurs + non respect des précautions d'usages (amplitude supérieure à 8°C néfaste à la santé), mauvaise ventilation naturelle ou mécanique.;Problèmes respiratoires et ORL, irritations oculaires ou cutanées, choc thermique, maux de tête.;En cours;TOUS Responsables COB;P3;Existante;"- Entretien régulier des climatiseurs (en interne ou par une entreprise extérieure).
- Aération régulière les locaux.
- Respect des amplitudes de réglage.";;Aucune;;;
272;75;21;37;2. SPB;Tous COB-SPB Méditerranée;Sites SPB-Méditerranée (tous COB - Tous Dépts);26;Risque lié à la qualité de l'air;Lors de manque d'entretien des climatiseurs + non respect des précautions d'usages (amplitude supérieure à 8°C néfaste à la santé), mauvaise ventilation naturelle ou mécanique.;Problèmes respiratoires et ORL, irritations oculaires ou cutanées, choc thermique, maux de tête.;A contrôler;TOUS Responsables COB;P3;A proposer;"- Vigilance sur le réglage de la climatisation: Il est fortement déconseillé de dépasser les 8°C d'écart entre l'intérieur et l'extérieur (ex pour 30°C à l’extérieur il serait raisonnable de se contenter de 22°C minimum à l'intérieur),
- Contrôle des systèmes de renouvellement d'air dans les bureaux (dans le cas de menuiseries modernes/étanches: arrivées d'air et extractions).";;Aucune;;;
273;76;75;151;2. SPB;Tous COB-SPB Méditerranée;Sites SPB-Méditerranée (tous COB - Tous Dépts);26;Risque lié à la qualité de l'air;Pollution atmosphérique en constante évolution contenant divers polluants pouvant être à l’origine d’effets sur la santé, sur certains sites le phénomène est accentué par le rejet des navires, le trafic routier dense et les industries environnantes. Interactions possibles entre polluants chimiques, pollens et température.;Diverses pathologies chroniques (cancers, pathologies cardiovasculaires et respiratoires, irritations oculaires, maux de tête) selon le niveau d’exposition.;A planifier;TOUS Responsables COB;P2;Existante;"- Surveillance médicale.
- Consultations des sites de surveillance de la qualité de l’air et adaptation des tâches à réaliser.";;Aucune;;;
274;76;75;152;2. SPB;Tous COB-SPB Méditerranée;Sites SPB-Méditerranée (tous COB - Tous Dépts);26;Risque lié à la qualité de l'air;Pollution atmosphérique en constante évolution contenant divers polluants pouvant être à l’origine d’effets sur la santé, sur certains sites le phénomène est accentué par le rejet des navires, le trafic routier dense et les industries environnantes. Interactions possibles entre polluants chimiques, pollens et température.;Diverses pathologies chroniques (cancers, pathologies cardiovasculaires et respiratoires, irritations oculaires, maux de tête) selon le niveau d’exposition.;A contrôler;TOUS Responsables COB;P2;A proposer;"- Port d’un masque FFP3 (filtration particules fines).
- Etudes en cours sur certains sites.";;Aucune;;;
275;77;76;153;2. SPB;Tous COB-SPB Méditerranée;Sites SPB-Méditerranée (tous COB - Tous Dépts);27;Risque lié au bruit;Environnement bruyant* : bruit émis par les machines, engins.. *Au delà du seuil d’exposition sonore: quotidien (supérieur à 85 dB(a)) ou niveau de pression acoustique de crête (bruit intenses mais courts).;Hypoacousie de perception par lésion cochléaire irréversible, accompagnée ou non d’acouphènes.;En cours;TOUS Responsables COB;P3;Existante;"- Information, port des (PICB) protections individuelles contre le bruit.
- Prévenir les autres occupants des nuisances sonores échos possibles (ex : percement de plancher de locaux proches).
- Choix du matériel (insonorisation de certains équipements = protection collective).";;Aucune;;;
276;77;76;154;2. SPB;Tous COB-SPB Méditerranée;Sites SPB-Méditerranée (tous COB - Tous Dépts);27;Risque lié au bruit;Environnement bruyant* : bruit émis par les machines, engins.. *Au delà du seuil d’exposition sonore: quotidien (supérieur à 85 dB(a)) ou niveau de pression acoustique de crête (bruit intenses mais courts).;Hypoacousie de perception par lésion cochléaire irréversible, accompagnée ou non d’acouphènes.;A contrôler;TOUS Responsables COB;P2;A proposer;"- Étude des postes exposés au bruit : Affichage du risque sur chaque poste ou équipement (signalétique, pictogramme de rappel).
- Evaluation à réaliser selon les situations d’expositions remontées (contacter le CP).
- Renouveler les protections auditives adaptées et sur mesure.
- Choix de matériels insonorisés à la conception lors du renouvellement..";;Aucune;;;
277;79;22;155;2. SPB;Tous COB-SPB Méditerranée;Sites SPB-Méditerranée (tous COB - Tous Dépts);28;Risque lié au travail sur écran;Travailler sur écran plusieurs heures au cours de la journée, mauvaise ergonomie du poste de travail, postes de travail mal éclairés.;"- Fatigue visuelle (maux de tête, picotements, rougeurs et lourdeur des globes oculaires, assèchement de l’oeil).
- Troubles musculo-squelettiques (TMS).";En cours;TOUS Responsables COB;P2;Existante;"- Information sur environnement de travail,
- Pauses régulières, alternance des tâches.
- Acquisition, remplacement et adaptation du matériel de bureau afin d’améliorer l’ergonomie (plan de travail ,fauteuil, écrans, portes-documents, repose-pieds..).";;Aucune;;;
278;79;22;156;2. SPB;Tous COB-SPB Méditerranée;Sites SPB-Méditerranée (tous COB - Tous Dépts);28;Risque lié au travail sur écran;Travailler sur écran plusieurs heures au cours de la journée, mauvaise ergonomie du poste de travail, postes de travail mal éclairés.;"- Fatigue visuelle (maux de tête, picotements, rougeurs et lourdeur des globes oculaires, assèchement de l’oeil).
- Troubles musculo-squelettiques (TMS).";A planifier;TOUS Responsables COB;P2;A proposer;"- Consultation des nombreux guides conseils en ligne .
- Généralisation des solutions ergonomiques, étude du poste de travail (contacter le CP si besoin).";;Aucune;;;
279;80;79;157;2. SPB;Tous COB-SPB Méditerranée;Sites SPB-Méditerranée (tous COB - Tous Dépts);29;Risque lié aux conditions de travail particulières (horaires décalés, astreinte..);Accident causé par le manque de vigilance et la fatigue lors de déplacements de nuit en intervention pendant les astreintes;Dommages corporels, troubles du rythme biologique.;En cours;TOUS Responsables COB;P3;Existante;"- Pendant les astreintes, les interventions de nuit sont réservées aux sites prioritaires, sous conditions. 


- Respect des amplitudes d’horaires et des durées de repos quotidien (Cf.RI relatif à l’aménagement et à la réduction du temps de travail).
";;Aucune;;;
280;80;79;158;2. SPB;Tous COB-SPB Méditerranée;Sites SPB-Méditerranée (tous COB - Tous Dépts);29;Risque lié aux conditions de travail particulières (horaires décalés, astreinte..);Accident causé par le manque de vigilance et la fatigue lors de déplacements de nuit en intervention pendant les astreintes;Dommages corporels, troubles du rythme biologique.;En cours;TOUS Responsables COB;P3;A proposer;"Généralisation des connexions nomades pour accéder à l’application d'envoi des avis aux navigateurs (AVURNAV).
";;Aucune;;;
281;152;19;159;2. SPB;Tous COB-SPB Méditerranée;Sites SPB-Méditerranée (tous COB - Tous Dépts);30;Risque lié aux déplacements internes;"- Circulation à pied sur sol glissant, inégal ou présentant des obstacles (ex : encombrement, cailloux..) pouvant entraîner une chute ou occasionner la torsion d'une articulation ou un choc contre un élément matériel dans les locaux (escaliers, atelier, magasin, bureau..) et les aires de travail. 
- Collision avec un véhicule.";Lésions corporelles, superficielles ou profondes. ;En cours;TOUS Responsables COB;P2;Existante;"- Rangement et nettoyage régulier.


- Installation de goulottes au sol pour la protection et le passage de câbles, rangement des câbles bureautiques, revêtements antidérapants.


- Dégagement des voies de circulation.
- Balisage réflexe (signalétique temporaire) des zones à risques.
";;Aucune;;;
282;152;19;160;2. SPB;Tous COB-SPB Méditerranée;Sites SPB-Méditerranée (tous COB - Tous Dépts);30;Risque lié aux déplacements internes;"- Circulation à pied sur sol glissant, inégal ou présentant des obstacles (ex : encombrement, cailloux..) pouvant entraîner une chute ou occasionner la torsion d'une articulation ou un choc contre un élément matériel dans les locaux (escaliers, atelier, magasin, bureau..) et les aires de travail. 
- Collision avec un véhicule.";Lésions corporelles, superficielles ou profondes. ;A planifier;TOUS Responsables COB;P2;A proposer;"- Périodes de nettoyage et de rangement à intégrer au planning.


- Généralisation des revêtements antidérapants sur les nez de marches et de pose de signalétique indiquant le danger.


- Anticipation de l’espace d’archivage (y compris archives vivantes).


- Pose systématique de trépied de sécurité (sol glissant) après nettoyage des sols (responsabilité du personnel de nettoyage).
";;Aucune;;;
283;81;80;161;2. SPB;Tous COB-SPB Méditerranée;Sites SPB-Méditerranée (tous COB - Tous Dépts);31;Risque lié aux interventions isolées;Lorsque un agent travaille seul pendant un certain temps, dans un environnement où il ne peut être vu et entendu directement par d’autres et où la probabilité de visite est faible (la durée d’isolement majorant le risque).;Tous ceux liés au fait que l’agent ne dispose pas de la possibilité de recours en cas d’aléas, d’accident ou de malaise.;A planifier;TOUS Responsables COB;P1;Existante;"- Tout moyen de communication permettant un contact régulier, fréquent et un suivi à distance avec l’intervenant isolé, protocole de signalement (début d’intervention, fin d’intervention).


- Mesures définies dans le CR de la réunion GT travail isolé 2016 :
=> Réduction au maximum la durée d’isolement,

=> identification des travaux incompatibles (CF note du 1er mars 2005 de la DAMGM relative à l’organisation du travail et à la prévention des risques dans les activités phares et balises point 3.1.2 (travaux en hauteur, travaux électriques « sous tension », plongée),

=> modernisation et adaptation des ouvrages afin de réduire l’exposition,

=> vérification si pas de contre indications médicale (état physique et psychosocial) ,

=> évaluation pour chaque site du risque résiduel et les mesures à prendre (diffusion grille d’analyse des risques),

=> au besoin réduire le périmètre d’intervention d’un seul agent,

=> adapter le matériel d’intervention en intégrant un dispositif technique d’alarme adapté (DATI, PTI).
- Les conclusions des différentes expérimentations et évaluations notifiées dans le CR point « 7.Suites », ont été  présentées au CHSCT du 22/11/16.


- Le test dispositif d’alarme réalisé par le COB Toulon ne donne pas satisfaction.

- La disponibilité des dispositifs technique d’alarme adapté (DATI, PTI), n’est pas totalement garantie en cas de mauvaise couverture du réseau GSM ou de panne.


- Intervention en binôme en cas de travaux évalués dangereux.


- Consultation du document INRS ED 6288.
";;Aucune;;;
284;81;80;162;2. SPB;Tous COB-SPB Méditerranée;Sites SPB-Méditerranée (tous COB - Tous Dépts);31;Risque lié aux interventions isolées;Lorsque un agent travaille seul pendant un certain temps, dans un environnement où il ne peut être vu et entendu directement par d’autres et où la probabilité de visite est faible (la durée d’isolement majorant le risque).;Tous ceux liés au fait que l’agent ne dispose pas de la possibilité de recours en cas d’aléas, d’accident ou de malaise.;A planifier;TOUS Responsables COB;P1;A proposer;"- Relance de l’analyse typologique des sites (fiches listing feu à compléter mail M.Pizzo du 20/06/17) :


=> l’accessibilité (chute de plain pied, hauteur et à l’eau),


=>opérations sur installations électriques ou dans leur voisinage (contact direct ou indirect au delà de la TBT),


=> postures de travail, manutention,


=> risques importés par la co-activité,


=> risques liés à l’agressivité lié au contact avec l’extérieur.


- Information et instructions sur l’organisation et mesures aux agents susceptibles d’intervenir dans ces situations .


- Définition explicite des tâches assignées afin d’éviter toute ambiguïté, tout dépassement et pour amener à une prise de conscience de la problématique.


- Poursuite de la recherche de dispositifs technique d’alarme.


- Suivant les ESM : prévenir
les autorités portuaires.
";;Aucune;;;
285;82;81;163;2. SPB;Tous COB-SPB Méditerranée;Sites SPB-Méditerranée (tous COB - Tous Dépts);32;Risque lié aux vibrations;"Exposition prolongée :
- Transmission à l’ensemble du corps à bord de certains navires et lors de la conduite d’engins (chariot automoteur..),
- Transmission aux membres supérieurs lors d’utilisation d’outils électroportatifs, pneumatiques (ponceuse, piqueur, perforateur..) transmission bras/main.";Douleurs diverses, lombalgies et autres conséquences (troubles musculosquelettiques, neurologiques, circulation sanguine).;A contrôler;TOUS Responsables COB;P3;Existante;"- Contraintes physiques marquées intégrées dans la FPE (traçabilité individuelle/suivi post-pro) pour les agents exposés dans les service qui ont déployés le dispositif.


- Utilisation de l’outil/machine adapté à la tâche appropriée, maintien des mains au chaud et au sec, poses régulières et port de gants adaptés.
";;Aucune;;;
286;82;81;164;2. SPB;Tous COB-SPB Méditerranée;Sites SPB-Méditerranée (tous COB - Tous Dépts);32;Risque lié aux vibrations;"Exposition prolongée :
- Transmission à l’ensemble du corps à bord de certains navires et lors de la conduite d’engins (chariot automoteur..),
- Transmission aux membres supérieurs lors d’utilisation d’outils électroportatifs, pneumatiques (ponceuse, piqueur, perforateur..) transmission bras/main.";Douleurs diverses, lombalgies et autres conséquences (troubles musculosquelettiques, neurologiques, circulation sanguine).;A contrôler;TOUS Responsables COB;P3;A proposer;"- Entretien régulier
 des engins (suspensions, gonflage pneumatiques) et navires, améliorations techniques (sièges à suspension, caillebotis souples..),
- Remplacer les outils/machines usagés et détériorés, par des modèles intégrant des dispositifs anti-vibratiles.
";;Aucune;;;
287;83;93;165;2. SPB;Tous COB-SPB Méditerranée;Sites SPB-Méditerranée (tous COB - Tous Dépts);33;Risques psychosociaux (RPS);"- Travail isolé sur site isolés sur des périodes longues,
- Mauvaise qualité des rapports sociaux et des relations de travail.";Troubles physiques, psychologiques, conduites addictives...;En cours;TOUS Responsables COB;P2;Existante;"- Suivi médical du MDP et permanence ASS, groupe de coordination médico-social.


- Affectation sur volontariat pour les postes isolés et communication interne ponctuelle.


- Mise en œuvre d’un plan d’évaluation et de prévention des RPS dans le cadre du plan national d’action, plan d’actions en cours.
";;Aucune;;;
288;84;25;167;2. SPB;Tous COB-SPB Méditerranée;Sites SPB-Méditerranée (tous COB - Tous Dépts);34;Risque agression / agressivité lié au contact avec l'extérieur;"- Intrusion de personnes extérieures sur certains sites.
- Agressions verbales ou physiques sur les sites d’intervention.";Blessures psychiques et/ou physiques.;En cours;TOUS Responsables COB;P3;Existante;"- Fermeture des accès, signalétique pour interdire l’accès des sites au public.


- Procédure interne de signalement des agressions.
";;Aucune;;;
289;152;17;687;.GESTIONNAIRE SITE;SERVICE(S) DIRM hébergé(s);Mrs-Site DDTM13-SERVICES DIRM hébergés (Dir./SG/MICO/Dir.SPB/SRC/SEF/SSGM/CSN Paca Corse);30;Risque lié aux déplacements internes;"- Circulation à pied sur sol glissant, inégal ou présentant des obstacles (ex : encombrement, cailloux..) pouvant entraîner une chute ou occasionner la torsion d'une articulation ou un choc contre un élément matériel dans les locaux (escaliers, atelier, magasin, bureau..) et les aires de travail. 
- Collision avec un véhicule.";Lésions diverses;En cours;Gestionnaire site et responsables des services;P1;Existante;"- Relance DDTM13 pour réalisation de travaux dans les escaliers du 2ème zattara (après 2 nouveaux accidents), améliorations à apportées: pose d'une main courante, reprise des différences de niveaux des marches et des nez de marches..
- Archives lors de l’accès au sous-sol, prévenir un collègue sur la situation isolée, vigilance sur la présence au retour.
- Port du badge d’accès surtout lors des heures les moins fréquentées (risque de se retrouver bloqué dans le hall après 19h fermeture de l'acceuil et des grilles).
- Problématique de la porte WC homme (2ème étage Zattara) qui s’ouvre sur le couloir (risque de heurt).
- Pose de protections sur les rampes d’élévateurs handicapés situées au bas des 3 escaliers.
";RECOMMANDATION N°16 - AUDIT ISST 2021;6 mois;01/04/2022;;
290;85;201;48;2. SPB;Tous COB-SPB Méditerranée;Sites SPB-Méditerranée (tous COB - Tous Dépts);35;Risque lié à l'alcool, drogues, médicaments, tabac.;"- Consommation de substances pouvant altérer les facultés physiques et psychiques de l’individu et entraîner des accidents du travail ou de circulation (manque de vigilance, perte d’équilibre, diminution des réflexes, effet désinhibant conduisant à la prise de risque).
- Tabagisme et vapotage actif, passif.";"- Lésions corporelles, décès, 
- pathologies liées à la consommation de ces substances,
- affections psychiques,
- Tabagisme : maladies, cancers, insuffisance respiratoire.";En cours;TOUS Responsables COB;P3;Existante;"- Interdiction de fumer et de vapoter affichée dans certains locaux et lieux de travail.
- Rappel des textes réglementaires.
- Note interne n°270 du 14/03/14 diffusée aux services « politique de la DIRM MED en matière de prévention des risques liés à la consommation d’alcool » .";;Aucune;;;
291;85;201;49;2. SPB;Tous COB-SPB Méditerranée;Sites SPB-Méditerranée (tous COB - Tous Dépts);35;Risque lié à l'alcool, drogues, médicaments, tabac.;"- Consommation de substances pouvant altérer les facultés physiques et psychiques de l’individu et entraîner des accidents du travail ou de circulation (manque de vigilance, perte d’équilibre, diminution des réflexes, effet désinhibant conduisant à la prise de risque).
- Tabagisme et vapotage actif, passif.";"- Lésions corporelles, décès, 
- pathologies liées à la consommation de ces substances,
- affections psychiques,
- Tabagisme : maladies, cancers, insuffisance respiratoire.";A contrôler;TOUS Responsables COB;P3;A proposer;"- Politique de prévention à mettre en place (charte addictions).
- Affichage obligatoire de l’interdiction de fumer et de vapoter dans tous lieux fermés et couverts qui accueillent du public ou qui constituent des lieux de travail (modèle de signalisation fourni sur demande au CP).";;Aucune;;;
292;93;82;186;2. SPB;Tous COB-SPB Méditerranée;Sites SPB-Méditerranée (tous COB - Tous Dépts);36;Risque lié à la co-activité et à l'intervention d'entreprises extérieures;" Absences de mesures de protections pour prévenir les risques liés aux interférences engendrées par la co-activité sur un même site.
";Tous types de dommages (liés à la situation accidentelle imprévue, non évaluée).;En cours;TOUS Responsables COB;P2;Existante;"- Formations aux règles de sécurité (plan de prévention) suivi par certains agents.
- Inspections communes au préalable avec aide du document RSICP.
- Plan de prévention dans certains cas.";;Aucune;;;
293;93;82;172;2. SPB;Tous COB-SPB Méditerranée;Sites SPB-Méditerranée (tous COB - Tous Dépts);36;Risque lié à la co-activité et à l'intervention d'entreprises extérieures;" Absences de mesures de protections pour prévenir les risques liés aux interférences engendrées par la co-activité sur un même site.
";Tous types de dommages (liés à la situation accidentelle imprévue, non évaluée).;A planifier;TOUS Responsables COB;P2;A proposer;"- Systématisation des inspections et analyses communes préalables à chaque intervention,  pouvant conduire suivant la nature des travaux,  à la rédaction d’un plan de prévention ( y compris attestation de consignation, protocole  de sécurité, permis de feu, etc...).
- Intégration de cette procédure dans les appels d’offres.
- Avenant à la convention APB / DIRM,  définition de protocoles d’intervention.";;Aucune;;;
294;87;83;567;2. SPB;Tous COB-SPB Méditerranée;Sites SPB-Méditerranée (tous COB - Tous Dépts);37;Risque lié à la présence d'animaux;Attaque de goéland, notamment en période de nidification (Avril-Juin).;Blessures.;Clôturée;TOUS Responsables COB;P3;Existante;Pas de mesure;;Aucune;;;
295;87;83;173;2. SPB;Tous COB-SPB Méditerranée;Sites SPB-Méditerranée (tous COB - Tous Dépts);37;Risque lié à la présence d'animaux;Attaque de goéland, notamment en période de nidification (Avril-Juin).;Blessures.;En cours;TOUS Responsables COB;P3;A proposer;"- Port d'un moyen de protection lorsque le risque est avéré (casque).
";;Aucune;;;
296;296;28;52;2. SPB;Tous COB-SPB Méditerranée;Sites SPB-Méditerranée (tous COB - Tous Dépts);38;Risque routier;"- Accident de trajet ou de mission lié à la fréquence et à la longueur des déplacements.
- Risque accentué par la fatigue, la prise d’alcool ou de médicaments, l’usage du téléphone en conduisant et suivant l’état du véhicule.
Pour rappel (cf. R.21 risque de chute d’objets) : Le déplacement intempestif d’une charge mal arrimée dans l‘habitacle peut entraîner une perte de contrôle du véhicule.
";Lésions corporelles, superficielles ou profondes, décès.;En cours;TOUS Responsables COB;P2;Existante;"- Respect du code de la route, prise en compte des recommandations de la prévention routière sur les temps de repos,
- vérification visuelle du véhicule avant chaque déplacement,
- préparation des déplacements,
- suivi et entretien régulier des véhicules, contrôle technique,
- utilisation des outils de (télé)communications (internet, visioconférence) permettant d’éviter certains déplacements,
- trajets sur autoroutes privilégiés (cartes de télépéages généralisées),
- respect de la charte sur l’utilisation des véhicules de service (disponible sur l’intranet, ,http://intra.dram-mediterranee.i2/la-charte-de-bonne-conduite-pour-l-utilisation-d-a1193.html),
- covoiturage,
- conduite des véhicules équipés de boite auto, régulateur de vitesse appréciés.
- en cas de panne, accident, crevaison, panne/erreur de carburant, vol/vandalisme, perte de clés/carte démarrage contacter le n° d’assistance inscrit dans les pochettes véhicules.
- En cas de panne ou d’accident : port du gilet fluorescent, triangle de signalisation, maintien à distance de la chaussée dans l’attente de l’assistance.";;Aucune;;;
297;88;28;53;2. SPB;Tous COB-SPB Méditerranée;Sites SPB-Méditerranée (tous COB - Tous Dépts);38;Risque routier;"- Accident de trajet ou de mission lié à la fréquence et à la longueur des déplacements (particulièrement lors de déplacements pour entraide Sète et Port de Bouc A/R).
- Transport de matériel (remorque double essieu 3,5T).
- Risque accentué par la fatigue, la prise d’alcool ou de médicaments, l’état du véhicule et la météo.
Pour rappel (cf. R.21 risque de chute d’objets) : Le déplacement intempestif d’une charge mal arrimée dans l‘habitacle peut entraîner une perte de contrôle du véhicule.";Lésions corporelles, superficielles ou profondes, décès.;A contrôler;TOUS Responsables COB;P2;A proposer;"- Généralisation des mesures existantes.
- Meilleure préparation des déplacements,
- priorité aux transports en commun,
- signalement des anomalies sur les véhicules par tout moyen (mail, carnet de maintenance),
- établir et/ou diffuser un plan de circulation/stationnement par site,
- équiper les véhicules de lingettes nettoyantes vitres (visibilité, buée).
- Sur les sites détachés, désignation d'un référents pour le suivi des véhicules en lien avec la hiérarchie/le SG,
- PPRR à finaliser, sensibilisation aux risques routiers, stages.";;Aucune;;;
298;27;29;175;2. SPB;Tous COB-SPB Méditerranée;Sites SPB-Méditerranée (tous COB - Tous Dépts);39;Risque sanitaire : transmission de maladies, infections, allergies.;"Exposition à des agents infectieux (bactéries*, virus*, champignons,parasites) ou allergènes (pollens, insectes..), transmis par contact avec l’environnement, les gens, les animaux, les insectes, la végétation (exemple lors de contact avec des personnes contaminées, des insectes, moisissures, animaux morts, des éléments souillés : poignée de porte, détritus divers, matières fécales).

* Analyse de situations d’expositions et impact épidémique (Ex : Angine, Grippe, Covid..) :
• Exposition par contact interpersonnel: risque de transmission directe par postillons contaminés émis par autrui :
      - Parler projette des postillons à environ 1,5 m,
      - Éternuer, tousser les projette à environ 3-5 m.
• Exposition par contact avec des surfaces contaminées : locaux de travail, matériels, produits : risque de transmission indirecte par manuportage (en se touchant le visage notamment le nez, la bouche, les yeux avec les mains).      
• Impact organisationnel (mode dégradé), associé à une restructuration de l’activité. Il est d’autant plus fort si la réorganisation se fait « à chaud », en réaction, et non sur la base d’une anticipation.";"- Symptômes respiratoires, (asthme, allergies).
- Maladies, infections et intoxications, réactions allergiques, cutanées.
- Transmissibilité à l'homme de différentes formes de virus (Grippe, Covid..), de bactéries, de champignons, de parasites.";En cours;TOUS Responsables COB;P2;Existante;"- Lavage des mains régulier pour se décontaminer et éviter de contaminer les autres ou utilisation de produit hydroalcoolique désinfectant (à utiliser sur main non souillées, ces solutions ne remplacent pas l’eau et le savon).


- Respect des mesures barrières.
- Port d’EPI adaptés à la situation (gants jetables, masques de protection respiratoire..).


- En général pas de contact des mains souillées avec ses yeux, son nez, sa bouche.


- Aérosol d’insecticide (dans les véhicules d’intervention).


- Vestiaires, douches, matériel de lavage des vêtements ( travaux salissants).


- Eclairage à détection automatiques installés dans certains services (conseillé dans les salles d’eau).

- Déshumidificateur installés dans certains services.
";;Aucune;;;
299;27;29;176;2. SPB;Tous COB-SPB Méditerranée;Sites SPB-Méditerranée (tous COB - Tous Dépts);39;Risque sanitaire : transmission de maladies, infections, allergies.;"Exposition à des agents infectieux (bactéries*, virus*, champignons,parasites) ou allergènes (pollens, insectes..), transmis par contact avec l’environnement, les gens, les animaux, les insectes, la végétation (exemple lors de contact avec des personnes contaminées, des insectes, moisissures, animaux morts, des éléments souillés : poignée de porte, détritus divers, matières fécales).

* Analyse de situations d’expositions et impact épidémique (Ex : Angine, Grippe, Covid..) :
• Exposition par contact interpersonnel: risque de transmission directe par postillons contaminés émis par autrui :
      - Parler projette des postillons à environ 1,5 m,
      - Éternuer, tousser les projette à environ 3-5 m.
• Exposition par contact avec des surfaces contaminées : locaux de travail, matériels, produits : risque de transmission indirecte par manuportage (en se touchant le visage notamment le nez, la bouche, les yeux avec les mains).      
• Impact organisationnel (mode dégradé), associé à une restructuration de l’activité. Il est d’autant plus fort si la réorganisation se fait « à chaud », en réaction, et non sur la base d’une anticipation.";"- Symptômes respiratoires, (asthme, allergies).
- Maladies, infections et intoxications, réactions allergiques, cutanées.
- Transmissibilité à l'homme de différentes formes de virus (Grippe, Covid..), de bactéries, de champignons, de parasites.";A contrôler;TOUS Responsables COB;P2;A proposer;"- Prévoir en l’absence de point d’eau sur site d’intervention : un jerrican d’eau, du savon et des essuie-mains à usage unique ou du produit hydroalcooliques désinfectant (les gels anti-bactérien ne remplacent pas l’eau et le savon).


- En période d'épidémie (grippe, Covid..), mise en application :

=> des consignes principales (hygiène des mains, mesures barrières, distanciation physique,…),


=> du plan de continuité d’activité (en fonction des différents niveaux),


=> du plan de reprise des activités et des procédures spécifiques définisant les mesures de protection (organisationnelles, collectives, individuelles..) à mettre en œuvre au sein des services en fonction des diverses activités afin de réduire la propagation du virus (ré-évaluation nécessaire des risques, en incluant les situations liées au Covid-19).


- Remontées des besoins en équipements et protections spécifiques.
";;Aucune;;;
300;29;31;177;2. SPB;Tous COB-SPB Méditerranée;Sites SPB-Méditerranée (tous COB - Tous Dépts);39;Risque sanitaire : transmission de maladies, infections, allergies.;Contamination par ingestion accidentelle de bactéries, virus, parasites pathogènes alimentaires, lors de la prise de repas (par défaut d’hygiène : alimentaires, des locaux).;Infections (intoxication) alimentaires.;En cours;TOUS Responsables COB;P3;Existante;"- Lavage des mains pour se décontaminer et éviter de contaminer les autres.


- Consommation eau minérale + respect des règles d’hygiène alimentaire. 


- Établissements et locaux tenus dans un état d'hygiène et de salubrité nécessaires à la santé du personnel.


- Désinfection des cuves à eau (phare de la Giraglia).

";;Aucune;;;
301;29;31;178;2. SPB;Tous COB-SPB Méditerranée;Sites SPB-Méditerranée (tous COB - Tous Dépts);39;Risque sanitaire : transmission de maladies, infections, allergies.;Contamination par ingestion accidentelle de bactéries, virus, parasites pathogènes alimentaires, lors de la prise de repas (par défaut d’hygiène : alimentaires, des locaux).;Infections (intoxication) alimentaires.;A planifier;TOUS Responsables COB;P2;A proposer;"- Généralisation des glacières isothermes pour les repas en extérieur (respect de la température de conservation des aliments).


- Prévoir en l’absence de point d’eau sur site d’intervention : un jerrican d’eau, du savon et des essuie-mains à usage unique ou du produit hydroalcooliques désinfectant (les gels anti-bactérien ne remplacent pas l’eau et le savon).
- Assurer le nettoyage des surfaces utilisées après repas/café (réfrigirateurs, tables, cafetières..), fournir le nécessaire.
";;Aucune;;;
302;94;90;179;2. SPB;Tous COB-SPB Méditerranée;Sites SPB-Méditerranée (tous COB - Tous Dépts);39;Risque sanitaire : transmission de maladies, infections, allergies.;"Lors d’inhalation d’aérosols émis par  la vapeur d’eau chaude sanitaire  contaminée par des légionelles* au  points d’usages. 
* Le risque de prolifération de la  bactérie légionella pneumophila  favorisé par une température de  l’eau de 25° à 43° (installations d’eau  chaude sanitaire, réserve stagnante, cumulus peu utilisés, bras morts).";La contamination bactérienne par les  voies respiratoires provoque la légionellose (pneumopathie pouvant  laisser des séquelles graves sur les plans cardiaques, respiratoires et musculaires et entraîner le décès).;A planifier;TOUS Responsables COB;P1;Existante;"Démarche préventive et curative réalisée sur certains sites.
";;Aucune;;;
303;94;90;180;2. SPB;Tous COB-SPB Méditerranée;Sites SPB-Méditerranée (tous COB - Tous Dépts);39;Risque sanitaire : transmission de maladies, infections, allergies.;"Lors d’inhalation d’aérosols émis par  la vapeur d’eau chaude sanitaire  contaminée par des légionelles* au  points d’usages. 
* Le risque de prolifération de la  bactérie légionella pneumophila  favorisé par une température de  l’eau de 25° à 43° (installations d’eau  chaude sanitaire, réserve stagnante, cumulus peu utilisés, bras morts).";La contamination bactérienne par les  voies respiratoires provoque la légionellose (pneumopathie pouvant  laisser des séquelles graves sur les plans cardiaques, respiratoires et musculaires et entraîner le décès).;A contrôler;TOUS Responsables COB;P1;A proposer;"Démarche et consignes à généraliser :

- Préventive : 

=> vérifications des installations d’eau chaude sanitaire particulièrement si présence de bras morts et/ou peu utilisées,

=> éventuellement analyses de l’eau,

=> surveillance de la température de l’eau chaude sanitaire (45°C minimum en sortie de robinets, douches…),

=> laisser couler l’eau peu utilisés ou après une absence prolongée (pendant 1 minute avant utilisation),

=> détartrer et désinfecter régulièrement les embouts de robinetterie


- Curative : (choc thermique ,chlore).
";;Aucune;;;
304;91;87;181;2. SPB;Tous COB-SPB Méditerranée;Sites SPB-Méditerranée (tous COB - Tous Dépts);39;Risque sanitaire : transmission de maladies, infections, allergies.;"Leptospirose* contractée en général lors d’une activité en relation avec un environnement contaminé : eaux , animaux porteurs, déjections de rongeurs, lieux humides.
*maladie bactérienne qui se transmet par contact avec les muqueuses (oeil, bouche, nez...) ou des plaies/égratignures.";Infection bénigne à grave.;En cours;TOUS Responsables COB;P3;Existante;"- Port de gant jetables, masques respiratoire, lunettes de protection.


- Lavage des mains pour se décontaminer
et éviter de contaminer les autres.

- Eviter tout contact des mains souillées avec ses yeux, son nez, sa bouche.


- Consultation de la fiche prévention sur l’intranet:
http://intra.dram-mediterranee.i2/fichesprevention-
a1644.html
";;Aucune;;;
305;91;87;182;2. SPB;Tous COB-SPB Méditerranée;Sites SPB-Méditerranée (tous COB - Tous Dépts);39;Risque sanitaire : transmission de maladies, infections, allergies.;"Leptospirose* contractée en général lors d’une activité en relation avec un environnement contaminé : eaux , animaux porteurs, déjections de rongeurs, lieux humides.
*maladie bactérienne qui se transmet par contact avec les muqueuses (oeil, bouche, nez...) ou des plaies/égratignures.";Infection bénigne à grave.;A planifier;TOUS Responsables COB;P3;A proposer;"- Consultation du MDP (renseignements sur la vaccination).


- Consulter les mesures individuelles de protection de la fiche prévention sur l’intranet.


- Limiter la pullulation des rongeurs.
";;Aucune;;;
306;92;88;183;2. SPB;Tous COB-SPB Méditerranée;Sites SPB-Méditerranée (tous COB - Tous Dépts);39;Risque sanitaire : transmission de maladies, infections, allergies.;Manutention de métaux rouillés, de bois (échardes).;Tétanos, infections, cas rare mais pouvant être mortel.;En cours;TOUS Responsables COB;P2;Existante;"- Suivi du MDP : vaccination et rappels.


- Port des EPI (gants) et vêtements de travail adaptés, respect des consignes
";;Aucune;;;
307;92;88;184;2. SPB;Tous COB-SPB Méditerranée;Sites SPB-Méditerranée (tous COB - Tous Dépts);39;Risque sanitaire : transmission de maladies, infections, allergies.;Manutention de métaux rouillés, de bois (échardes).;Tétanos, infections, cas rare mais pouvant être mortel.;A contrôler;TOUS Responsables COB;P2;A proposer;"Généralisation du suivi (vaccination, rappels).
";;Aucune;;;
308;83;93;166;2. SPB;Tous COB-SPB Méditerranée;Sites SPB-Méditerranée (tous COB - Tous Dépts);33;Risques psychosociaux (RPS);"- Travail isolé sur site isolés sur des périodes longues,
- Mauvaise qualité des rapports sociaux et des relations de travail.";Troubles physiques, psychologiques, conduites addictives...;A planifier;TOUS Responsables COB;P2;A proposer;"- Vérification régulière si pas de contre indications médicale (état psychosocial) pour les agents en situation isolé.
Suivi du plan d’actions RPS :
- remontées systématiques d’incidents,
- formation gestion des mails à proposer.";;Aucune;;;
309;2;205;11;3. POLMAR;Centres POLMAR;Centres de Port de Bouc et de Sète (fermeture prévue);2;Risque Biologique;SANS OBJET;"Ce risque est celui lié à l’exposition à des agents biologiques*présents dans les matières et matériaux (substances ou déchets infectieux, échantillons biologiques ou culture cellulaire..) manipulés principalement dans l’activité. 
*« Les agents biologiques regroupent tous les micro-organismes, y compris les micro-organismes génétiquement modifiés, les cultures cellulaires et les endoparasites humains susceptibles de provoquer une infection, une allergie ou une intoxication » (code du travail). Pour les risques sanitaires se reporter au risque 39.";-1;Tous Responsables POLMAR;0;Existante;AUCUNE / SANS OBJET;;Aucune;;;
310;95;34;192;3. POLMAR;Centres POLMAR;Centres de Port de Bouc et de Sète (fermeture prévue);3;Risque Chimique;"Inhalation, contact cutané, ingestion accidentelle de produits toxiques* dû à de mauvaises conditions de protection, traitement/manipulation, stockage, transport. 
*Agents chimiques Dangereux (à l’état solide, liquide ou gazeux)présents dans les : solvants, peintures, javel, carburant, fluides hydraulique.";Infection, irritation, brûlure chimique, allergie.;A planifier;Tous Responsables POLMAR;P2;Existante;"- Port des EPI conseillés dans les FDS, signalisation et étiquetage. Collecte et lecture  des fiches données sécurité (FDS) : respect des consignes et vérification des compatibilités de stockage, recherche de produits de substitution.
- Stockages réaliser dans un local dédié.
- Lavage des mains pour se décontaminer et éviter de contaminer les autres.";;Aucune;;;
311;95;34;193;3. POLMAR;Centres POLMAR;Centres de Port de Bouc et de Sète (fermeture prévue);3;Risque Chimique;"Inhalation, contact cutané, ingestion accidentelle de produits toxiques* dû à de mauvaises conditions de protection, traitement/manipulation, stockage, transport. 
*Agents chimiques Dangereux (à l’état solide, liquide ou gazeux)présents dans les : solvants, peintures, javel, carburant, fluides hydraulique.";Infection, irritation, brûlure chimique, allergie.;A planifier;Tous Responsables POLMAR;P2;A proposer;"Sensibilisation et rappel :
- Poursuite de l’analyse du risque : exploitation des FDS (effets sur la santé, stockage, EPI recommandés...) document de synthèse à instaurer et recherche de produits de substitution.
- Généraliser le respect des règles de stockage spécifique (bac de rétention, incompatibilités, ventilation…).
- Traçabilité individuelle des expositions : intégration des données collectées sur les FDS de chaque produit utilisé dans la fiche individuelle de prévention des expositions à certains facteurs de risques (mise à jour annuelle).";;12 mois;24/11/2022;;
312;31;34;464;3. POLMAR;Centres POLMAR;Centres de Port de Bouc et de Sète (fermeture prévue);3;Risque Chimique;Inhalation d’hydrogène/acide sulfurique dégagé par les batteries stationnaires à électrolyte liquide lors de la maintenance (charge, remplissage, contrôle) le remplacement et la manutention.;Infection, irritation, brûlure chimique, allergie.;En cours;Tous Responsables POLMAR;P3;Existante;"- Respect des consignes FDS : ne pas fumer, ni de flammes nues et d’étincelles, ventilation du local, port des EPI.
- Remplacement des modèles à électrolytes liquide par batteries au gel.
- Lavage des mains pour se décontaminer et éviter de contaminer les autres.";;Aucune;;;
314;31;34;573;3. POLMAR;Centres POLMAR;Centres de Port de Bouc et de Sète (fermeture prévue);3;Risque Chimique;Inhalation d’hydrogène/acide sulfurique dégagé par les batteries stationnaires à électrolyte liquide lors de la maintenance (charge, remplissage, contrôle) le remplacement et la manutention.;Infection, irritation, brûlure chimique, allergie.;A planifier;Tous Responsables POLMAR;P3;A proposer;"- Analyses des installations de batteries stationnaires, retours attendus pour définir la nécessité de formations des intervenants : dès lors que la tension des batteries stationnaires est supérieure à 60 volts ou dont la capacité totale est supérieure à 275 Ah, la réglementation aux travaux sous tension NFC 18-505-2-3 (installation qui n'a pu être mise hors tension) s'applique.  Sont considérées comme des interventions (intervenant habilité BR) les opérations électriques de courte durée (connexion/déconnexion hors charge et manutention bornes protégées), effectuées sur les circuits de batteries dont les caractéristiques physiques répondent à des éxigences de tension, de section des conducteurs et de protection contre les courts-circuits définies de manière à supprimer ou limiter les risques électriques.
- Poursuivre la généralisation des batteries au gel,
- Respect des règles de transport (2 h après la charge, à vide pour les électrolytes liquide et pôles protégés) et des normes de ventilation des locaux (charge et stockage),
- Port des EPI (cf.indications des FDS): Gants, écran facial ou lunettes de protections, combinaisons anti-acide .
- Généralisation des rinces-oeils.
";;Aucune;;;
315;32;34;67;3. POLMAR;Centres POLMAR;Centres de Port de Bouc et de Sète (fermeture prévue);3;Risque Chimique;"- Lors d’opération de nettoyage, décapage de supports : composés de produits toxiques comme l’acide.
- Utilisation de fontaine à dégraissant.";Infection, irritation, brûlure chimique, allergie.;En cours;Tous Responsables POLMAR;P3;Existante;"- Ventilation des locaux + port des EPI conseillés dans les FDS.
- Lavage des mains pour se décontaminer et éviter de contaminer les autres.";;Aucune;;;
316;32;34;199;3. POLMAR;Centres POLMAR;Centres de Port de Bouc et de Sète (fermeture prévue);3;Risque Chimique;"- Lors d’opération de nettoyage, décapage de supports : composés de produits toxiques comme l’acide.
- Utilisation de fontaine à dégraissant.";Infection, irritation, brûlure chimique, allergie.;A contrôler;Tous Responsables POLMAR;P2;A proposer;"- Changement à prévoir de la fontaine à dégraissant à Port de Bouc.
- Sensibilisation et rappel : poursuite de l’analyse du risque et de la traçabilité des expositions (FPE mise à jour annuelle) .
- Pose de signalétique de rappel de port des EPI.";;Aucune;;;
317;97;35;200;3. POLMAR;Centres POLMAR;Centres de Port de Bouc et de Sète (fermeture prévue);4;Risque chimique lié à l'utilisation de produits CMR;"- Inhalation, contact cutané, ingestion accidentelle de produits CMR (solvants, peintures, etc) dû à de mauvaises conditions de protection, de traitement/manipulation, de stockage, de transport ou d’élimination.
- Exposition aux hydrocarbures (tous types de moteurs thermiques : stockage incompatible, transport, manipulation).
- Gaz d’échappement (voir R.20), ";Cancer, altérations génétiques héréditaires, altérations de la fertilité.;En cours;Tous Responsables POLMAR;P2;Existante;"- Port des EPI conseillés après exploitation des FDS (effets sur la santé, stockage, EPI recommandés...), signalisation, identification et étiquetage.
- Utilisation en extérieur,
- Extracteur de gaz d ‘échappement présent à Sète.";;Aucune;;;
318;97;35;574;3. POLMAR;Centres POLMAR;Centres de Port de Bouc et de Sète (fermeture prévue);4;Risque chimique lié à l'utilisation de produits CMR;"- Inhalation, contact cutané, ingestion accidentelle de produits CMR (solvants, peintures, etc) dû à de mauvaises conditions de protection, de traitement/manipulation, de stockage, de transport ou d’élimination.
- Exposition aux hydrocarbures (tous types de moteurs thermiques : stockage incompatible, transport, manipulation).
- Gaz d’échappement (voir R.20), ";Cancer, altérations génétiques héréditaires, altérations de la fertilité.;A planifier;Tous Responsables POLMAR;P2;A proposer;"Sensibilisation et rappel :
- Poursuite de l’analyse du risque : exploitation des FDS (effets sur la santé, stockage, EPI recommandés...) document de synthèse à instaurer et recherche de produits de substitution.
- Généraliser le respect des règles de stockage spécifique (bac de rétention, incompatibilités, ventilation…).
- Traçabilité individuelle des expositions : intégration des données collectées sur les FDS de chaque produit utilisé dans la fiche individuelle de prévention des expositions à certains facteurs de risques (mise à jour annuelle).
- Pas d'aspiration à Port de Bouc (extracteur mobile de gaz d'échappements en cours d'étude).";;12 mois;24/11/2022;;
319;325;41;201;3. POLMAR;Centres POLMAR;Centres de Port de Bouc et de Sète (fermeture prévue);4;Risque chimique lié à l'utilisation de produits CMR;"- Inhalation de fumées de soudage (procédés arc : électrodes enrobées, acétylène) et contact cutané lors travaux de soudures en fonction de la nature du matériau soudé, du gaz utilisé et du métal d’apport.
- Inhalation de particules et de poussières métalliques lors de ponçage, meulage et découpe.";"Pathologies aiguës ou chronique :
irritations, brûlure chimique, allergies, infections pulmonaires, affections oculaires, cutanées, cancers.";En cours;Tous Responsables POLMAR;P3;Existante;"- Extracteurs à Sète et à Port de Bouc (rejet vers l’extérieur sur ce site).
- Suivi des recommandations fabricants (manuel de sécurité) postes à souder, meuleuse.. et port des EPI indiqués";;Aucune;;;
320;325;41;202;3. POLMAR;Centres POLMAR;Centres de Port de Bouc et de Sète (fermeture prévue);4;Risque chimique lié à l'utilisation de produits CMR;"- Inhalation de fumées de soudage (procédés arc : électrodes enrobées, acétylène) et contact cutané lors travaux de soudures en fonction de la nature du matériau soudé, du gaz utilisé et du métal d’apport.
- Inhalation de particules et de poussières métalliques lors de ponçage, meulage et découpe.";"Pathologies aiguës ou chronique :
irritations, brûlure chimique, allergies, infections pulmonaires, affections oculaires, cutanées, cancers.";A planifier;Tous Responsables POLMAR;P2;A proposer;"- Prise en compte et adaptation des dispositifs de ventilation et d’aspiration (protections collectives)sur l’ensemble des sites.
- Nettoyage régulier par aspirateur du local (afin d’éviter la remise en suspend dans l’atmosphère des particules), ne pas souffler.
- Traçabilité individuelle des expositions : intégration des données collectées sur les FDS de chaque produit utilisé dans la fiche individuelle de prévention des expositions à certains facteurs de risques (mise à jour annuelle).";;Aucune;;;
321;57;92;203;3. POLMAR;Centres POLMAR;Centres de Port de Bouc et de Sète (fermeture prévue);5;Risque de brûlure thermique;Soudures, meulage, tronçonnage, échappements chauds, décapage thermique, colle à chaud.;Brûlures plus ou moins graves.;En cours;Tous Responsables POLMAR;P3;Existante;Port des EPI (gants, masques, écran facial, lunettes).;;Aucune;;;
322;57;92;204;3. POLMAR;Centres POLMAR;Centres de Port de Bouc et de Sète (fermeture prévue);5;Risque de brûlure thermique;Soudures, meulage, tronçonnage, échappements chauds, décapage thermique, colle à chaud.;Brûlures plus ou moins graves.;A contrôler;Tous Responsables POLMAR;P3;A proposer;"- Renouvellement des EPI, et vêtements de protection pour soudures, tailles adaptées.
- Pose et maintien de carters de protection et pictogrammes.";;Aucune;;;
323;98;10;205;3. POLMAR;Centres POLMAR;Centres de Port de Bouc et de Sète (fermeture prévue);6;Risque électrique;Travaux élémentaires d'entretien, éclairage, petits raccordements électriques (BT) , sans disposer des qualifications requises.;Electrocution (décés), électrisation: fibrillation, lésions internes ou externes. Brûlures par arc électrique, incendie, explosion.;A contrôler;Tous Responsables POLMAR;P3;Existante;"- Certains agents sont habilités aux travaux élémentaires.
- En cas de besoin d’intervention, demande au COB/SPB de rattachement.";;36 mois;24/11/2024;;
324;98;10;206;3. POLMAR;Centres POLMAR;Centres de Port de Bouc et de Sète (fermeture prévue);6;Risque électrique;Travaux élémentaires d'entretien, éclairage, petits raccordements électriques (BT) , sans disposer des qualifications requises.;Electrocution (décés), électrisation: fibrillation, lésions internes ou externes. Brûlures par arc électrique, incendie, explosion.;A planifier;Tous Responsables POLMAR;P3;A proposer;"- Compléter la démarche d’habilitation du personnel restant, à la NFC 18-510 recyclage tous les 3 ans (respect procédures de mise en sécurité: consignation).
- Fourniture des EPI et matériel spécifique (VAT, gants isolés, écran facial).
- Désignation du personnel.
- Qualification des nouveaux arrivants, compagnonnage. 
- Signalisation du risque.
- Etude en cours de la réglementation travaux sous tension (NFC 18-505-2-3), attentes de retours d'analyses des installations de batteries.";;Aucune;;;
325;5;10;207;3. POLMAR;Centres POLMAR;Centres de Port de Bouc et de Sète (fermeture prévue);6;Risque électrique;"- Contact direct (pièces nues sous tension accessibles) ou indirect (masses mises inopinément sous tension) accidentel dû à la défaillance du matériel, des équipements ou des installations électriques :
=> utilisation de matériel électrique non conforme : obsolète ou détérioré (fil dénudé, défaut d’isolation,…),
=> défaut de : conformité (ex : manque de continuité de liaison à la terre), matérialisation de la zone de voisinage, isolement des parties actives sur les installations et équipements.
- Mauvais usage (surcharge) de multiprises et prolongateurs.";Electrocution (décés), électrisation: fibrillation, lésions internes ou externes. Brûlures par arc électrique, incendie, explosion.;A contrôler;Tous Responsables POLMAR;P3;Existante;"- Vérification périodique des installations électriques (pas de retour sur fiche DUERP du site).
- Vérification visuelle de l’état du matériel électrique (prolongateurs, électroportatif) avant usage, signalement de l’état du matériel endommagé à la hiérarchie et remplacement.
-Acquisition de matériel conforme à la norme en vigueur, respect de la puissance maximale indiquée sur les prolongateurs et multiprises.
-Maintient des portes des tableaux et coffrets en position fermée.
- En cas de besoin d’intervention demande au COB/SPB de rattachement.";;12 mois;24/11/2022;;
326;5;10;208;3. POLMAR;Centres POLMAR;Centres de Port de Bouc et de Sète (fermeture prévue);6;Risque électrique;"- Contact direct (pièces nues sous tension accessibles) ou indirect (masses mises inopinément sous tension) accidentel dû à la défaillance du matériel, des équipements ou des installations électriques :
=> utilisation de matériel électrique non conforme : obsolète ou détérioré (fil dénudé, défaut d’isolation,…),
=> défaut de : conformité (ex : manque de continuité de liaison à la terre), matérialisation de la zone de voisinage, isolement des parties actives sur les installations et équipements.
- Mauvais usage (surcharge) de multiprises et prolongateurs.";Electrocution (décés), électrisation: fibrillation, lésions internes ou externes. Brûlures par arc électrique, incendie, explosion.;A planifier;Tous Responsables POLMAR;P2;A proposer;"- Privilégier l’achat de matériel classe II notamment lors de l’utilisation de groupes électrogènes portatifs.
- Suivi périodique de la conformité des installations électriques (à renseigner dans la fiche sécurité du DUERP par site), levées de réserves à assurer pour rétablir la conformité.
- Utilisation du matériel conformément aux spécifications du fabricant.
";;Aucune;;;
327;42;49;209;3. POLMAR;Centres POLMAR;Centres de Port de Bouc et de Sète (fermeture prévue);7;Risque explosion;"- Court-circuit entre les deux pôles lors de la maintenance (charge, contrôle et remplacement) et de la manutention des batteries stationnaires 
- Dégagement d’hydrogène lors de la charge des modèles à électrolyte liquide.";Lésions dues à la projections de particules solides ou liquides.;En cours;Tous Responsables POLMAR;P3;Existante;"Batterie : 
- Maintient des protections des pôles (caches bornes y compris lors du transport), vérification des branchements avant connexion (hors charge),
- ne pas porter d’éléments conducteurs (bracelet, montre, bague..)
- laisser reposer après la charge avant transport,
- charge dans un local suffisamment ventilé (voir norme)";;Aucune;;;
328;42;49;210;3. POLMAR;Centres POLMAR;Centres de Port de Bouc et de Sète (fermeture prévue);7;Risque explosion;"- Court-circuit entre les deux pôles lors de la maintenance (charge, contrôle et remplacement) et de la manutention des batteries stationnaires 
- Dégagement d’hydrogène lors de la charge des modèles à électrolyte liquide.";Lésions dues à la projections de particules solides ou liquides.;A contrôler;Tous Responsables POLMAR;P3;A proposer;" Information et rappels des consignes à respecter :
- Protection isolée des pôles + et - (caches bornes) à installer et à maintenir sur les batteries,
- Charge dans un local suffisamment ventilé,
- Consignes au personnel, formation, outils de connections isolés (clefs, tournevis), pose de signalétique.
- Etude en cours de la réglementation travaux sous tension (NFC 18-505-2-3), attentes de retours d'analyses des installations de batteries.";;12 mois;24/11/2022;;
329;43;49;211;3. POLMAR;Centres POLMAR;Centres de Port de Bouc et de Sète (fermeture prévue);7;Risque explosion;Stockage de produits chimiques incompatibles.;Lésions dues à la projections de particules solides ou liquides.;A contrôler;Tous Responsables POLMAR;P2;Existante;Exploitation FDS (stockage à rayonnage, vérification des incompatibilités, bac de rétention ) sur sites de Sète.;;Aucune;;;
330;43;49;212;3. POLMAR;Centres POLMAR;Centres de Port de Bouc et de Sète (fermeture prévue);7;Risque explosion;Stockage de produits chimiques incompatibles.;Lésions dues à la projections de particules solides ou liquides.;A planifier;Tous Responsables POLMAR;P2;A proposer;"- Poursuite de l’exploitation des FDS.
Centre Port de Bouc :
- Vérification des incompatibilités de stockage.
- Bac de rétentions.
- Vérification des locaux de stockage pour mises aux normes si nécessaire.";;12 mois;24/11/2022;;
331;99;152;567;3. POLMAR;Centres POLMAR;Centres de Port de Bouc et de Sète (fermeture prévue);7;Risque explosion;Explosion de navires citerne (Port de Bouc) ou d’installations SEVESO, à proximité (Sète, Port de Bouc).;Tous types de dommages dû à la nature de l'explosion;A contrôler;;P2;Existante;Pas de mesure;;Aucune;;;
332;99;152;213;3. POLMAR;Centres POLMAR;Centres de Port de Bouc et de Sète (fermeture prévue);7;Risque explosion;Explosion de navires citerne (Port de Bouc) ou d’installations SEVESO, à proximité (Sète, Port de Bouc).;Tous types de dommages dû à la nature de l'explosion;A planifier;Tous Responsables POLMAR;P2;A proposer;Collecte et diffusion des consignes de sécurité spécifiques aux sites et établissements industriels à risques situés à proximité (voir risques de force majeure/technologiques/industriels, consulter DICRIM de la commune);;Aucune;;;
333;100;49;214;3. POLMAR;Centres POLMAR;Centres de Port de Bouc et de Sète (fermeture prévue);7;Risque explosion;"- Stockage et transport de gaz (acétylène) de soudage (fuites, chutes..).
- Travaux par points chaud (soudage, meulage, tronçonnage, découpage).";Lésions dues à la projections de particules solides ou liquides.;En cours;Tous Responsables POLMAR;P3;Existante;"Maintient en état de conformité du matériel de soudage :
- Vérification régulière du matériel (vannes, tuyaux, chariot..),
- Fermeture des robinets après utilisation,
- maintien des bouteilles en position verticale,
- respect des bonnes pratiques (règles de stockage et de transport, interdictions de fumer..).";;Aucune;;;
334;100;49;215;3. POLMAR;Centres POLMAR;Centres de Port de Bouc et de Sète (fermeture prévue);7;Risque explosion;"- Stockage et transport de gaz (acétylène) de soudage (fuites, chutes..).
- Travaux par points chaud (soudage, meulage, tronçonnage, découpage).";Lésions dues à la projections de particules solides ou liquides.;A contrôler;Tous Responsables POLMAR;P3;A proposer;"- Ventilation haute et basse des véhicules utilisés pour le transport des bouteilles de gaz, système d’arrimage.
- Respect des instructions impératives de sécurité pour les travaux par points chaud.
- Vérification des installations de chauffage au gaz.
";;Aucune;;;
335;8;11;170;3. POLMAR;Centres POLMAR;Centres de Port de Bouc et de Sète (fermeture prévue);8;Risque Incendie;Incendie dans les locaux de travail.;Brûlures légères à graves, dommages, lésions, décés.;En cours;Tous Responsables POLMAR;P3;Existante;"- Vérification périodique des dispositifs de lutte contre les débuts d’incendies dans les locaux (attente du dernier contrôle, à renseigner dans la fiche DUERP).
- Plan d’évacuation, signalétique.";;Aucune;;;
336;8;11;216;3. POLMAR;Centres POLMAR;Centres de Port de Bouc et de Sète (fermeture prévue);8;Risque Incendie;Incendie dans les locaux de travail.;Brûlures légères à graves, dommages, lésions, décés.;A planifier;Tous Responsables POLMAR;P2;A proposer;"- Éviter de stocker des emballages, du matériel ou autres dans les dégagements (couloirs, portes, issues…), respecter les largeurs d’unité de passage.
- Assurer les contrôles périodiques des moyens de lutte contre les débuts d'incendies (à renseigner dans la fiche sécurité du DUERP).
- Diffusion des consignes et installation d’une signalétique appropriée.
- Formation à l’utilisation des extincteurs et procédures d’évacuation (guide et serre fil) à planifier.";;Aucune;;;
337;101;112;93;3. POLMAR;Centres POLMAR;Centres de Port de Bouc et de Sète (fermeture prévue);8;Risque Incendie;"- Court-circuit : batteries/accumulateurs entre deux pôles ou sur une installation électrique.
- Coup de foudre, défaillance des équipements ou des installations électriques.";Brûlures et lésions.;En cours;Tous Responsables POLMAR;P3;Existante;"- Batterie : maintien des protection des pôles (caches bornes y compris lors du transport) IP adapté, vérification branchements avant connexion (hors charge), ne pas porter d’éléments conducteurs (bracelet, montre, bague..)
- Installations électriques : surveillance périodique de la conformité, respect des règles d’interventions et d'installations,
-Respect des règles d'utilisation du matériel (surcharge et surchauffe).";;Aucune;;;
338;101;112;217;3. POLMAR;Centres POLMAR;Centres de Port de Bouc et de Sète (fermeture prévue);8;Risque Incendie;"- Court-circuit : batteries/accumulateurs entre deux pôles ou sur une installation électrique.
- Coup de foudre, défaillance des équipements ou des installations électriques.";Brûlures et lésions.;A contrôler;Tous Responsables POLMAR;P3;A proposer;"- Mise en place de protection isolée des pôles (caches bornes), vérification branchements avant connexion, surveillance de la conformité du matériel et des installations.
- Etude en cours de la réglementation travaux sous tension (NFC 18-505-2-3), attentes de retours d'analyses des installations de batteries.";;Aucune;;;
339;102;112;97;3. POLMAR;Centres POLMAR;Centres de Port de Bouc et de Sète (fermeture prévue);8;Risque Incendie;Lors de travaux par point chaud (soudage, meulage, tronçonnage, découpage);Brûlures et lésions.;En cours;Tous Responsables POLMAR;P3;Existante;Respect des instructions impératives de sécurité (détaillées sur les permis de feu).;;Aucune;;;
340;102;112;575;3. POLMAR;Centres POLMAR;Centres de Port de Bouc et de Sète (fermeture prévue);8;Risque Incendie;Lors de travaux par point chaud (soudage, meulage, tronçonnage, découpage);Brûlures et lésions.;A planifier;Tous Responsables POLMAR;P3;A proposer;"- Consignes au personnel, rédaction d'un permis feu (lors d'intervention d'entrepries exterieurs).
- Affichage des dispositions à prendre pour la sécurité des opérations (en dehors des postes permanents de travail du service).";;Aucune;;;
341;103;102;218;3. POLMAR;Centres POLMAR;Centres de Port de Bouc et de Sète (fermeture prévue);9;Risque Rayonnement Optiques Artificiels: DEL/Eclairage à forte luminance/Laser;Lors de soudure à l’arc exposition des yeux et de la peau aux rayonnements optiques (ultraviolets, infrarouges).;Lésions oculaires et affections de la peau. ;En cours;Tous Responsables POLMAR;P3;Existante;"- Port des EPI adaptés : gants et masques de soudage (électro-optique) et vêtements.
- Utilisation d’écrans de soudure (protection collective mobile ).";;Aucune;;;
342;103;102;298;3. POLMAR;Centres POLMAR;Centres de Port de Bouc et de Sète (fermeture prévue);9;Risque Rayonnement Optiques Artificiels: DEL/Eclairage à forte luminance/Laser;Lors de soudure à l’arc exposition des yeux et de la peau aux rayonnements optiques (ultraviolets, infrarouges).;Lésions oculaires et affections de la peau. ;A contrôler;;P3;A proposer;Veiller à la mise en application des mesures actuelles (existantes).;;Aucune;;;
343;104;53;101;3. POLMAR;Centres POLMAR;Centres de Port de Bouc et de Sète (fermeture prévue);10;Risque lié à l'utilisation de produits pyrotechniques;Manipulation de fusées de détresse , de lance amarres, stockage anarchique à proximité de points chauds;Brûlures, contusions, lésions.;En cours;Tous Responsables POLMAR;P3;Existante;Suivi du stock, rangement et enlèvement après la date de péremption.;;Aucune;;;
344;104;53;219;3. POLMAR;Centres POLMAR;Centres de Port de Bouc et de Sète (fermeture prévue);10;Risque lié à l'utilisation de produits pyrotechniques;Manipulation de fusées de détresse , de lance amarres, stockage anarchique à proximité de points chauds;Brûlures, contusions, lésions.;A planifier;Tous Responsables POLMAR;P3;A proposer;Recherche d’un collecteur approprié, prise en compte de l’enlèvement des produits périmés dans le choix des fournisseurs..;;Aucune;;;
345;105;54;220;3. POLMAR;Centres POLMAR;Centres de Port de Bouc et de Sète (fermeture prévue);11;Risque lié à la manipulation d'outils;"Utilisation d’outillage manuel ou électroportatif lors des opérations d’entretien du matériel.";Coupures, contusions, écrasement, lésions diverses.;En cours;Tous Responsables POLMAR;P2;Existante;Port des EPI, respect des consignes d'utilisation.;;Aucune;;;
346;105;54;221;3. POLMAR;Centres POLMAR;Centres de Port de Bouc et de Sète (fermeture prévue);11;Risque lié à la manipulation d'outils;"Utilisation d’outillage manuel ou électroportatif lors des opérations d’entretien du matériel.";Coupures, contusions, écrasement, lésions diverses.;En cours;Tous Responsables POLMAR;P3;A proposer;Renouvellement et amélioration de l'outillage.;;Aucune;;;
347;106;55;222;3. POLMAR;Centres POLMAR;Centres de Port de Bouc et de Sète (fermeture prévue);12;Risque lié aux automatismes;Volets roulants des ateliers, portails, G-E à inversion de sources (automate).;Écrasement, lésions légères à graves, électrisation, électrocution.;En cours;Tous Responsables POLMAR;P3;Existante;"- Portail, volets roulants : suivi, entretien et vérification périodiques (attente dernier contrôle à renseigner dans la fiche sécurité DUERP).
- G-E : Consignation avant intervention, respect des procédures d’arrêt.";;Aucune;;;
348;106;55;223;3. POLMAR;Centres POLMAR;Centres de Port de Bouc et de Sète (fermeture prévue);12;Risque lié aux automatismes;Volets roulants des ateliers, portails, G-E à inversion de sources (automate).;Écrasement, lésions légères à graves, électrisation, électrocution.;A planifier;Tous Responsables POLMAR;P3;A proposer;"- Assurer le suivi de la maintenance et des contrôles périodiques (à renseigner dans la fiche sécurité du DUERP).
- Suivi de l’habilitation électrique du personnel,
- affichage des consignes et signalétique du danger.";;Aucune;;;
349;107;19;224;3. POLMAR;Centres POLMAR;Centres de Port de Bouc et de Sète (fermeture prévue);13;Risque lié aux fluides et équipements sous-pression ;Utilisation du réseau d’air comprimé (compresseur), de laveur haute pression, rupture de flexibles de circuit hydraulique (chariot élévateur, matériel POLMAR).;Lésions corporelles, superficielles ou profondes. ;En cours;Tous Responsables POLMAR;P3;Existante;"Suivi, entretien, vérifications techniques réglementaires (périodicité), surveillance visuelle de l’état du matériel (flexible).";;Aucune;;;
350;107;19;225;3. POLMAR;Centres POLMAR;Centres de Port de Bouc et de Sète (fermeture prévue);13;Risque lié aux fluides et équipements sous-pression ;Utilisation du réseau d’air comprimé (compresseur), de laveur haute pression, rupture de flexibles de circuit hydraulique (chariot élévateur, matériel POLMAR).;Lésions corporelles, superficielles ou profondes. ;A planifier;Tous Responsables POLMAR;P3;A proposer;Faire le point sur les contrôles réglementaires (cuves compresseur tous les 10ans);;Aucune;;;
351;2;1;11;3. POLMAR;Centres POLMAR;Centres de Port de Bouc et de Sète (fermeture prévue);14;Risque lié aux gestes répétitifs;SANS OBJET;SANS OBJET;-1;0;0;Existante;AUCUNE / SANS OBJET;;Aucune;;;
352;53;63;226;3. POLMAR;Centres POLMAR;Centres de Port de Bouc et de Sète (fermeture prévue);15;Risque lié aux postures de travail;Mauvaise posture lors de travaux d’entretien ou de maintenance, maniement de charges.;Douleurs dorso-lombaire, tendinites, écrasement, maladies professionnelle.;A contrôler;Tous Responsables POLMAR;P2;Existante;"- Acquisition de tables élévatrices mobile (ergonomie>pas de levage de charge en hauteur, poste de travail adapté).
- Information, précautions prises après analyse des tâches,
- Après évaluation des besoins une partie du personnel a été équipé en 2017 de harnais de force type CORFOR (2 agents Port de Bouc) voir risque 17.";;Aucune;;;
353;53;63;227;3. POLMAR;Centres POLMAR;Centres de Port de Bouc et de Sète (fermeture prévue);15;Risque lié aux postures de travail;Mauvaise posture lors de travaux d’entretien ou de maintenance, maniement de charges.;Douleurs dorso-lombaire, tendinites, écrasement, maladies professionnelle.;A planifier;Tous Responsables POLMAR;P2;A proposer;"- Mettre en place stage PRAP (Prévention des risques liés à l’activité physique), 
- adaptation à l’étude sur certains matériels (sangles sur le palonnier destiné au levage des barrages).
";;Aucune;;;
354;10;14;23;3. POLMAR;Centres POLMAR;Centres de Port de Bouc et de Sète (fermeture prévue);16;Risque lié aux rayonnements ionisants et non ionisants (électromagnétiques);Inhalation du radon (gaz radioactif d’origine naturelle essentiellement présent dans le sol) concentré (niveau de référence inférieur à 300Bq/m3 en moyenne annuelle) dans des lieux confinés (sous-sols et rdc mal aérés) pendant une durée importante.;A long terme peut être la cause de cancers du poumon (en fonction de la concentration dans les locaux et du temps d'exposition).;A contrôler;Tous Responsables POLMAR;P1;Existante;"Depuis le 1er juillet 2018, la réglementation intègre ce risque dans la démarche de prévention des risques professionnels.
Ainsi, tous les lieux de travail situés en sous-sol ou en rez-de-chaussée doivent faire l’objet d’un dépistage radon, soit par l’employeur lui-même soit par un prestataire agréé. Le but recherché étant de réduire les concentrations aussi bas que possible dans les locaux dans lesquels les agents séjournent sur des durées importantes.";;Aucune;;;
355;10;14;259;3. POLMAR;Centres POLMAR;Centres de Port de Bouc et de Sète (fermeture prévue);16;Risque lié aux rayonnements ionisants et non ionisants (électromagnétiques);Inhalation du radon (gaz radioactif d’origine naturelle essentiellement présent dans le sol) concentré (niveau de référence inférieur à 300Bq/m3 en moyenne annuelle) dans des lieux confinés (sous-sols et rdc mal aérés) pendant une durée importante.;A long terme peut être la cause de cancers du poumon (en fonction de la concentration dans les locaux et du temps d'exposition).;A planifier;Tous Responsables POLMAR;P1;A proposer;"Consultations du potentiel radon par communes (ex catégorie 3 : communes du 83, 06, 2B et 2A) sur le site de l’IRSN ou l’arrêté du 27 juin 2018 portant délimitation des zones à potentiel radon du territoire français. 
Dépistage dans les zones « Le potentiel radon ainsi fourni ne présage en rien des concentrations présentes dans les bâtiments, celles-ci dépendant de multiples autres facteurs (étanchéité de l’interface entre le bâtiment et le sol, taux de renouvellement de l’air intérieur…). La cartographie ne peut donc en aucun cas se substituer à la réalisation de mesures. » 
Si des mesures de réduction de l’exposition à ce gaz sont conseillées quelle que soit la concentration constatée à l’issue du dépistage, il est particulièrement recommandé de mettre en place une des deux solutions suivantes à partir d’une concentration de radon supérieure à 300 Bq/m2 :
- supprimer la radon présent dans l’habitation en agissant sur le renouvellement de l’air intérieur,
- réduire le transfert de radon vers l’intérieur du bâtiment en renforçant son étanchéité vis-à-vis du sol.
=>Le CP propose aux services de réaliser dans un premier temps des campagnes de dépistage, pour les sites des communes à potentiel radon élevé : dans les parties de bâtiments situées en soussol ou en rez-de-chaussée où le personnel séjourne sur des durées importantes.";;Aucune;;;
356;108;63;228;3. POLMAR;Centres POLMAR;Centres de Port de Bouc et de Sète (fermeture prévue);17;Risque manutention manuelle;Port de charges (batteries, etc) dans le centre lors de l’entretien du matériel lourd et encombrant (pompes, barrages) sur de longues périodes.;Douleurs dorso-lombaire, tendinites, écrasement, maladies professionnelle.;En cours;Tous Responsables POLMAR;P2;Existante;"- Usage du chariot élévateur, du tire palette, du tripode de levage (chèvre) et du chariot de levage (diable), fractionnement des charges.
- Acquisition de tables élévatrices mobile (ergonomie>pas de levage de charge en hauteur, poste de travail adapté).
- Après évaluation des besoins une partie du personnel a été équipé en 2017 de harnais de force type CORFOR (2 agents Port de Bouc).";;Aucune;;;
357;108;63;227;3. POLMAR;Centres POLMAR;Centres de Port de Bouc et de Sète (fermeture prévue);17;Risque manutention manuelle;Port de charges (batteries, etc) dans le centre lors de l’entretien du matériel lourd et encombrant (pompes, barrages) sur de longues périodes.;Douleurs dorso-lombaire, tendinites, écrasement, maladies professionnelle.;A planifier;Tous Responsables POLMAR;P1;A proposer;"- Mettre en place stage PRAP (Prévention des risques liés à l’activité physique), 
- adaptation à l’étude sur certains matériels (sangles sur le palonnier destiné au levage des barrages).
";;Aucune;;;
358;109;19;229;3. POLMAR;Centres POLMAR;Centres de Port de Bouc et de Sète (fermeture prévue);18;Risque manutention mécanique et au levage;"Lors de l’utilisation du chariot élévateur, l’accompagnateur (guide du conducteur) peut être heurté par :
- l’engin en cas de mauvaise visibilité (ex:manutention de pièces volumineuses..) ou de fausse manœuvre,
- la charge levée qui se balance car :
- le sol est irrégulier (trous dans la chaussée, circulation sur les seuils de portes, ou les cales guide au sol de portails coulissants..),
- le chariot bute sur les structures horizontales ou verticales des hangars (Sète un pilier est situé dans l’axe des opérations).
Chute de la charge due :
- à un mauvais élingage de la charge,
- à la rupture de l’élingue, ou du point d’accrochage,
- instabilité d’un rack de stockage.";Lésions corporelles, superficielles ou profondes. ;En cours;Tous Responsables POLMAR;P2;Existante;"- Formation (CACES), autorisation de conduite délivrées aux titulaires (examen aptitude médicale, instructions à respecter..),
- Formation élingage,
- Port d’EPI (gants, casques..), manutention avec moyens adaptés, respect des consignes (sécurité, élingage..), maîtrise et choix du chariot(commandes, capacité..).
- Vérifications périodiques des appareils de levages, de leur apparaux et accessoires.
- Rack de stockage réorganisés (P de Bouc).";;Aucune;;;
359;109;19;230;3. POLMAR;Centres POLMAR;Centres de Port de Bouc et de Sète (fermeture prévue);18;Risque manutention mécanique et au levage;"Lors de l’utilisation du chariot élévateur, l’accompagnateur (guide du conducteur) peut être heurté par :
- l’engin en cas de mauvaise visibilité (ex:manutention de pièces volumineuses..) ou de fausse manœuvre,
- la charge levée qui se balance car :
- le sol est irrégulier (trous dans la chaussée, circulation sur les seuils de portes, ou les cales guide au sol de portails coulissants..),
- le chariot bute sur les structures horizontales ou verticales des hangars (Sète un pilier est situé dans l’axe des opérations).
Chute de la charge due :
- à un mauvais élingage de la charge,
- à la rupture de l’élingue, ou du point d’accrochage,
- instabilité d’un rack de stockage.";Lésions corporelles, superficielles ou profondes. ;A contrôler;Tous Responsables POLMAR;P1;A proposer;"- Suivi régulier du personnel à former et aux nouveaux arrivants.
- Suivi des vérifications périodiques (à renseigner dans la fiche sécurité du DUERP par site).
- Port systématique de vêtements à haute visibilité sur les zones de manutention.
- Les instructions spécifiques doivent être données ou affichées (organiser la formation pratiques à ces spécificités si besoin).
- Renseignement et notification du poids sur les charges à manutentionner (système non effaçable).";;Aucune;;;
360;313;65;122;3. POLMAR;Centres POLMAR;Centres de Port de Bouc et de Sète (fermeture prévue);19;Risque mécanique;Utilisation de machine outils, outillages électroportatifs, pompes SPAT, cardans, cribleuse, presse hydraulique, groupes électrogènes (risque d’entraînement, écrasement).;Lésions corporelles, oculaires superficielles ou profondes;En cours;Tous Responsables POLMAR;P2;Existante;"- Maintient des carters et protections des organes en mouvement,
- port des EPI indiqués dans les manuels fabricants, respect des consignes de sécurité.
- Port d’équipements de protection individuel oculaires à correction adaptée.";;Aucune;;;
361;313;65;123;3. POLMAR;Centres POLMAR;Centres de Port de Bouc et de Sète (fermeture prévue);19;Risque mécanique;Utilisation de machine outils, outillages électroportatifs, pompes SPAT, cardans, cribleuse, presse hydraulique, groupes électrogènes (risque d’entraînement, écrasement).;Lésions corporelles, oculaires superficielles ou profondes;A contrôler;Tous Responsables POLMAR;P2;A proposer;"- Formation aux nouveaux arrivants.
- Généraliser les protections individuelles oculaires à correction adaptée selon les besoins évalués.
- Surveillance de l’état de conformité des machines et des outillages.
- Mise en place de protections sur les parties tranchantes quand l’appareil n’est pas utilisé.";;Aucune;;;
362;110;62;194;3. POLMAR;Centres POLMAR;Centre de Port de Bouc;20;Risque d'asphyxie;Lors de travail d’entretien des pompes de relevage dans le puisard des eaux usées (centre de Port de Bouc).;Conséquence d’une asphyxie due au manque d’oxygène dans l’air respirable.;En cours;MAXIME SUROY;P3;Existante;Intervention en binôme. ;;Aucune;;;
363;110;62;232;3. POLMAR;Centres POLMAR;Centre de Port de Bouc;20;Risque d'asphyxie;Lors de travail d’entretien des pompes de relevage dans le puisard des eaux usées (centre de Port de Bouc).;Conséquence d’une asphyxie due au manque d’oxygène dans l’air respirable.;A planifier;MAXIME SUROY;P3;A proposer;"- Ventilation au préalable, utilisation d’une flamme (bougie, lampe à carbure), détecteur de CO2.
- Faire réaliser l'opération par un prestataire disposant des équipements adaptés au risque.";;Aucune;;;
364;111;97;233;3. POLMAR;Centres POLMAR;Centres de Port de Bouc et de Sète (fermeture prévue);20;Risque d'asphyxie;"Inhalation des gaz :
- d’échappement lors de l’utilisation prolongée du chariot élévateur, entretien de moto-pompes et autres moteurs thermiques dans un hangar, mal ventilé,
- lors de transport et stockage de bouteilles de gaz (mauvaise ventilation, fuite).";Intoxication due au manque d’oxygène dans l’air respirable.;En cours;Tous Responsables POLMAR;P2;Existante;"- Aération des locaux, entretien extérieur dans la mesure du possible.
- Vérification visuelle des robinets, des flexibles et détendeurs sur les bouteilles de gaz utilisées.";;Aucune;;;
365;111;97;234;3. POLMAR;Centres POLMAR;Centres de Port de Bouc et de Sète (fermeture prévue);20;Risque d'asphyxie;"Inhalation des gaz :
- d’échappement lors de l’utilisation prolongée du chariot élévateur, entretien de moto-pompes et autres moteurs thermiques dans un hangar, mal ventilé,
- lors de transport et stockage de bouteilles de gaz (mauvaise ventilation, fuite).";Intoxication due au manque d’oxygène dans l’air respirable.;En cours;Tous Responsables POLMAR;P2;A proposer;Étude d’un système d’amélioration de la ventilation des locaux, (ex : ouverture manœuvrable en toiture).;;Aucune;;;
366;112;68;235;3. POLMAR;Centres POLMAR;Centres de Port de Bouc et de Sète (fermeture prévue);21;Risque de chute d'objet;"- Lors de manutention de matériel, entreposage inapproprié en hauteur (hangar/entrepôts, atelier et bureaux).
- Lors de transport de matériel non fixé à l'arrière des véhicules (Voir R.38).";Lésions corporelles, superficielles ou profondes, décès (accident de la route).;En cours;Tous Responsables POLMAR;P2;Existante;"- CACES à jour, respect des charges maximales utiles,
- sanglage, arrimage du matériel et des charges pendant le transport.
- rangement des entrepôts, ateliers (rayonnage adaptés à la charge) et bureaux, 
- port des EPI (gants, casques, chaussures de sécurité).
- rack de stockage réorganisés (centre de Port de Bouc).";;Aucune;;;
367;112;68;236;3. POLMAR;Centres POLMAR;Centres de Port de Bouc et de Sète (fermeture prévue);21;Risque de chute d'objet;"- Lors de manutention de matériel, entreposage inapproprié en hauteur (hangar/entrepôts, atelier et bureaux).
- Lors de transport de matériel non fixé à l'arrière des véhicules (Voir R.38).";Lésions corporelles, superficielles ou profondes, décès (accident de la route).;A contrôler;Tous Responsables POLMAR;P2;A proposer;"- Reflexion à Sète sur l'implantation du stockage des barrages (car il faut sortir ce qui est devant pour accéder à ceux de derrière).
- Mise à jour et suivi des formations CACES adaptées, des autorisations de conduite en fonction des moyens de manutentions utilisés.
- Indication/affichage du poids sur les charges à lever.";;Aucune;;;
368;113;19;237;3. POLMAR;Centres POLMAR;Centre de Sète (avant fermeture du site);22;Risque de chute de hauteur et de plain pied;Mezzanine du hangar de Sète.;Lésions corporelles, superficielles ou profondes. ;En cours;Jennifer LETELLIER;P3;Existante;"Maintient de la fermeture de la barrière de sécurité en dehors des opérations de manutention.";;Aucune;;;
369;113;19;238;3. POLMAR;Centres POLMAR;Centre de Sète (avant fermeture du site);22;Risque de chute de hauteur et de plain pied;Mezzanine du hangar de Sète.;Lésions corporelles, superficielles ou profondes. ;A contrôler;Jennifer LETELLIER;P2;A proposer;"Affichage du danger (balisage au sol).";;Aucune;;;
370;114;69;239;3. POLMAR;Centres POLMAR;Centres de Port de Bouc et de Sète (fermeture prévue);22;Risque de chute de hauteur et de plain pied;Lors d’utilisation d’échelles (opérations de graissage des systèmes coulissants d’ouverture et de fermeture des portes de hangars).;Lésions corporelles, superficielles ou profondes, noyade.;A contrôler;Tous Responsables POLMAR;P3;Existante;"- Port de chaussures de sécurité à semelles anti dérapantes,
- Respect des consignes travaux : acquisition d’un échafaudage, PIR.
- Travail en binôme.";;Aucune;;;
372;115;19;240;3. POLMAR;Centres POLMAR;Centres de Port de Bouc et de Sète (fermeture prévue);22;Risque de chute de hauteur et de plain pied;Sol glissant, en présence d'objet au sol.;Lésions corporelles, superficielles ou profondes. ;En cours;Tous Responsables POLMAR;P3;Existante;- Port des EPI ( chaussures de sécurité anti-dérapantes), rangement, nettoyage.;;Aucune;;;
373;115;19;241;3. POLMAR;Centres POLMAR;Centres de Port de Bouc et de Sète (fermeture prévue);22;Risque de chute de hauteur et de plain pied;Sol glissant, en présence d'objet au sol.;Lésions corporelles, superficielles ou profondes. ;A contrôler;Tous Responsables POLMAR;P3;A proposer;"- Vigilance sur le rangement et le nettoyage régulier des sols,
- Balisage des zones à risques et maintient d’un bon éclairage (voir R.25 et 30).";;Aucune;;;
374;116;69;242;3. POLMAR;Centres POLMAR;Centres de Port de Bouc et de Sète (fermeture prévue);22;Risque de chute de hauteur et de plain pied;"Lors d’embarquement à bord de navires, débarquement (digues, enrochements...).";Lésions corporelles, superficielles ou profondes, noyade.;En cours;Tous Responsables POLMAR;P3;Existante;"Chaussures de sécurité à semelles antidérapantes, coordination avec le pilote.";;Aucune;;;
375;116;69;243;3. POLMAR;Centres POLMAR;Centres de Port de Bouc et de Sète (fermeture prévue);22;Risque de chute de hauteur et de plain pied;"Lors d’embarquement à bord de navires, débarquement (digues, enrochements...).";Lésions corporelles, superficielles ou profondes, noyade.;A contrôler;Tous Responsables POLMAR;P3;A proposer;Évaluation au préalable si possible des conditions d’accès sur digues et enrochements.;;Aucune;;;
377;117;70;245;3. POLMAR;Centres POLMAR;Centres de Port de Bouc et de Sète (fermeture prévue);23;Risque de noyade;Chute accidentelle à l’eau lors des exercices : travaux au bord de l’eau (falaises, digues, enrochements…) ou sur moyen nautique.;Hypothermie, lésions cérébrales, pulmonaires, problèmes cardiaques, décès.;A contrôler;Tous Responsables POLMAR;P3;A proposer;- Acquisition de VFI pour les centres non dotés.;;Aucune;;;
378;118;70;246;3. POLMAR;Centres POLMAR;Centres de Port de Bouc et de Sète (fermeture prévue);23;Risque de noyade;Chute accidentelle à l’eau lors de travaux de manutention en bordure de quai.;Hypothermie, lésions cérébrales, pulmonaires, problèmes cardiaques, décès.;En cours;Tous Responsables POLMAR;P2;Existante;"- Port du VFI, EPI (chaussures équipées de semelles anti-dérapantes).
- Manœuvres de levage (guidées) en binôme.";;Aucune;;;
379;118;70;247;3. POLMAR;Centres POLMAR;Centres de Port de Bouc et de Sète (fermeture prévue);23;Risque de noyade;Chute accidentelle à l’eau lors de travaux de manutention en bordure de quai.;Hypothermie, lésions cérébrales, pulmonaires, problèmes cardiaques, décès.;A planifier;Tous Responsables POLMAR;P2;A proposer;"- Sécurisation abords de la mise à l’eau (Port de Bouc).
- Acquisition de VFI pour les centres non dotés.";;Aucune;;;
380;71;71;142;3. POLMAR;Centres POLMAR;Centres de Port de Bouc et de Sète (fermeture prévue);24;Risque lié à l'ambiance thermique;Travail dans des conditions de températures extrêmes (froid / chaud);Engelures, gerçures, hypothermie / hyperthermie, malaise, insolation, déshydratation.;En cours;Tous Responsables POLMAR;P3;Existante;"Port des vêtements adaptés aux ambiances thermiques (lunettes, gants, combinaisons pour le froid, chaussures de sécurité pour le froid,
bonnet), mise à disposition de boissons.
- Aménagements des horaires de travail en été (dans certains services, cf. RI chap 3.3 et 1.10).
- Prise en compte des ambiances thermiques dans la planification des tâches.";;Aucune;;;
381;71;71;143;3. POLMAR;Centres POLMAR;Centres de Port de Bouc et de Sète (fermeture prévue);24;Risque lié à l'ambiance thermique;Travail dans des conditions de températures extrêmes (froid / chaud);Engelures, gerçures, hypothermie / hyperthermie, malaise, insolation, déshydratation.;A planifier;Tous Responsables POLMAR;P3;A proposer;Adapter les dispositions en fonction des conditions climatiques.;;Aucune;;;
382;72;72;144;3. POLMAR;Centres POLMAR;Centres de Port de Bouc et de Sète (fermeture prévue);24;Risque lié à l'ambiance thermique;Exposition prolongée et intense au soleil (éblouissement, rayonnement solaire, réflexion sur la mer).;Cancer de la peau, brûlures, mélanomes, lésions oculaires.;En cours;Tous Responsables POLMAR;P3;Existante;"- Port de lunettes de soleil (adaptés à la luminosité) et casquette.
- Prise en compte de l’exposition prolongée au soleil dans la programmation des travaux en extérieur.";;Aucune;;;
383;72;72;145;3. POLMAR;Centres POLMAR;Centres de Port de Bouc et de Sète (fermeture prévue);24;Risque lié à l'ambiance thermique;Exposition prolongée et intense au soleil (éblouissement, rayonnement solaire, réflexion sur la mer).;Cancer de la peau, brûlures, mélanomes, lésions oculaires.;A contrôler;Tous Responsables POLMAR;P3;A proposer;Rappel des bonnes pratiques (port de casquette, éviter de travailler torse nu, etc...), renouvellement des dotations d’EPI (lunettes de soleil avec indice UV adapté et crème solaire).;;Aucune;;;
384;16;98;248;3. POLMAR;Centres POLMAR;Centres de Port de Bouc et de Sète (fermeture prévue);25;Risque lié à l'éclairage;Déplacements ou travail dans une zone mal éclairée ou présentant un éblouissement.;Chute, dommages corporels.;En cours;Tous Responsables POLMAR;P3;Existante;"Éclairages extérieurs et des entrepôts entretenu, lampes de poche.";;Aucune;;;
385;16;98;249;3. POLMAR;Centres POLMAR;Centres de Port de Bouc et de Sète (fermeture prévue);25;Risque lié à l'éclairage;Déplacements ou travail dans une zone mal éclairée ou présentant un éblouissement.;Chute, dommages corporels.;A planifier;Tous Responsables POLMAR;P3;A proposer;"- Entretien régulier des systèmes d’éclairage.
- Etude des zones mal éclairées ou présentant un éblouissement (choix d'éclairages adaptés aux locaux et à la tâche).";;Aucune;;;
386;17;20;149;3. POLMAR;Centres POLMAR;Centres de Port de Bouc et de Sète (fermeture prévue);25;Risque lié à l'éclairage;Éclairage trop puissant, trop faible ou non adapté au poste de travail.;Effets oculaires, visuels et généraux (maux de tête, fatigue, agressivité..).;En cours;Tous Responsables POLMAR;P3;Existante;"- Lampes de bureaux d’appoint individuelles, stores aux fenêtres, relamping sur certains sites
- Etude et recommandations formulées sur le type d’éclairage optimal sur certains postes.";;Aucune;;;
387;17;20;39;3. POLMAR;Centres POLMAR;Centres de Port de Bouc et de Sète (fermeture prévue);25;Risque lié à l'éclairage;Éclairage trop puissant, trop faible ou non adapté au poste de travail.;Effets oculaires, visuels et généraux (maux de tête, fatigue, agressivité..).;A contrôler;Tous Responsables POLMAR;P3;A proposer;Généralisation des solutions d'adaptations ergonomiques (consultation des nombreux guides conseils en ligne, voir R.28), étude de l’éclairement du poste de travail (contacter le CP si besoin).;;Aucune;;;
388;120;75;151;3. POLMAR;Centres POLMAR;Centres de Port de Bouc et de Sète (fermeture prévue);26;Risque lié à la qualité de l'air;"- Pollution atmosphérique en constante évolution contenant divers polluants pouvant être à l’origine d’effets sur la santé, sur certains sites le phénomène est accentué par le rejet des navires, le trafic routier dense et les industries environnantes. Interactions possibles entre polluants chimiques, pollens et température.
- Lors de l’utilisation du chariot élévateur à l’intérieur des hangars (voir R.20 et R.4).";Diverses pathologies chroniques (cancers, pathologies cardiovasculaires et respiratoires, irritations oculaires, maux de tête) selon le niveau d’exposition.;En cours;Tous Responsables POLMAR;P2;Existante;"- Surveillance médicale.
- Consultations des sites de surveillance de la qualité de l’air et adaptation des tâches à réaliser.";;Aucune;;;
389;120;75;250;3. POLMAR;Centres POLMAR;Centres de Port de Bouc et de Sète (fermeture prévue);26;Risque lié à la qualité de l'air;"- Pollution atmosphérique en constante évolution contenant divers polluants pouvant être à l’origine d’effets sur la santé, sur certains sites le phénomène est accentué par le rejet des navires, le trafic routier dense et les industries environnantes. Interactions possibles entre polluants chimiques, pollens et température.
- Lors de l’utilisation du chariot élévateur à l’intérieur des hangars (voir R.20 et R.4).";Diverses pathologies chroniques (cancers, pathologies cardiovasculaires et respiratoires, irritations oculaires, maux de tête) selon le niveau d’exposition.;A planifier;Tous Responsables POLMAR;P2;A proposer;Port d'un masque FFP3 (filtration des particules fines).;;Aucune;;;
390;18;21;150;3. POLMAR;Centres POLMAR;Centres de Port de Bouc et de Sète (fermeture prévue);26;Risque lié à la qualité de l'air;Lors de manque d'entretien des climatiseurs + non respect des précautions d'usages (amplitude supérieure à 8°C néfaste à la santé), mauvaise ventilation naturelle ou mécanique.;Problèmes respiratoires et ORL, irritations oculaires ou cutanées, choc thermique, maux de tête.;En cours;Tous Responsables POLMAR;P3;Existante;"- Entretien régulier des climatiseurs (en interne ou par une entreprise extérieure).
- Aération régulière les locaux.
- Respect des amplitudes de réglage.";;Aucune;;;
391;18;21;37;3. POLMAR;Centres POLMAR;Centres de Port de Bouc et de Sète (fermeture prévue);26;Risque lié à la qualité de l'air;Lors de manque d'entretien des climatiseurs + non respect des précautions d'usages (amplitude supérieure à 8°C néfaste à la santé), mauvaise ventilation naturelle ou mécanique.;Problèmes respiratoires et ORL, irritations oculaires ou cutanées, choc thermique, maux de tête.;A contrôler;Tous Responsables POLMAR;P3;A proposer;"- Vigilance sur le réglage de la climatisation: Il est fortement déconseillé de dépasser les 8°C d'écart entre l'intérieur et l'extérieur (ex pour 30°C à l’extérieur il serait raisonnable de se contenter de 22°C minimum à l'intérieur),
- Contrôle des systèmes de renouvellement d'air dans les bureaux (dans le cas de menuiseries modernes/étanches: arrivées d'air et extractions).";;Aucune;;;
392;77;76;153;3. POLMAR;Centres POLMAR;Centres de Port de Bouc et de Sète (fermeture prévue);27;Risque lié au bruit;Environnement bruyant* : bruit émis par les machines, engins.. *Au delà du seuil d’exposition sonore: quotidien (supérieur à 85 dB(a)) ou niveau de pression acoustique de crête (bruit intenses mais courts).;Hypoacousie de perception par lésion cochléaire irréversible, accompagnée ou non d’acouphènes.;En cours;Tous Responsables POLMAR;P3;Existante;"- Information, port des (PICB) protections individuelles contre le bruit.
- Prévenir les autres occupants des nuisances sonores échos possibles (ex : percement de plancher de locaux proches).
- Choix du matériel (insonorisation de certains équipements = protection collective).";;Aucune;;;
393;77;76;251;3. POLMAR;Centres POLMAR;Centres de Port de Bouc et de Sète (fermeture prévue);27;Risque lié au bruit;Environnement bruyant* : bruit émis par les machines, engins.. *Au delà du seuil d’exposition sonore: quotidien (supérieur à 85 dB(a)) ou niveau de pression acoustique de crête (bruit intenses mais courts).;Hypoacousie de perception par lésion cochléaire irréversible, accompagnée ou non d’acouphènes.;A contrôler;Tous Responsables POLMAR;P3;A proposer;"- Afficher le risque sur chaque poste ou équipement (signalétique, pictogramme de rappel).
- Acquisition de casque antibruit avec moyen de communication, de protections auditives adaptées et sur mesure.
- Evaluation à réaliser selon les situations d’expositions remontées (contacter le CP).
- Choix de matériels insonorisés à la conception lors du renouvellement..";;Aucune;;;
394;121;22;155;3. POLMAR;Centres POLMAR;Centres de Port de Bouc et de Sète (fermeture prévue);28;Risque lié au travail sur écran;Travail sur écran plusieurs heures au cours de la journée, mauvaise ergonomie du poste de travail.;"- Fatigue visuelle (maux de tête, picotements, rougeurs et lourdeur des globes oculaires, assèchement de l’oeil).
- Troubles musculo-squelettiques (TMS).";En cours;Tous Responsables POLMAR;P3;Existante;"- Information sur environnement de travail,
- Pauses régulières, alternance des tâches.
- Acquisition, remplacement et adaptation du matériel de bureau afin d’améliorer l’ergonomie (plan de travail ,fauteuil, écrans, portes-documents, repose-pieds..).";;Aucune;;;
395;121;22;494;3. POLMAR;Centres POLMAR;Centres de Port de Bouc et de Sète (fermeture prévue);28;Risque lié au travail sur écran;Travail sur écran plusieurs heures au cours de la journée, mauvaise ergonomie du poste de travail.;"- Fatigue visuelle (maux de tête, picotements, rougeurs et lourdeur des globes oculaires, assèchement de l’oeil).
- Troubles musculo-squelettiques (TMS).";En cours;Tous Responsables POLMAR;P3;A proposer;"- Généralisation des solutions ergonomiques, étude du poste de travail (contacter le CP si besoin).
- Consultation des nombreux guides conseils en ligne .";;Aucune;;;
396;80;79;252;3. POLMAR;Centres POLMAR;Centres de Port de Bouc et de Sète (fermeture prévue);29;Risque lié aux conditions de travail particulières (horaires décalés, astreinte..);Accident causé par le manque de vigilance et la fatigue lors de déplacements de nuit en intervention pendant les astreintes;Dommages corporels, troubles du rythme biologique.;En cours;Tous Responsables POLMAR;P3;Existante;Prise en compte des amplitudes horaires et des durées de repos (Cf.RI relatif à l’aménagement et à la réduction du temps de travail).;;Aucune;;;
398;20;19;159;3. POLMAR;Centres POLMAR;Centres de Port de Bouc et de Sète (fermeture prévue);30;Risque lié aux déplacements internes;"- Circulation à pied sur sol glissant, inégal ou présentant des obstacles pouvant entraîner une chute ou occasionner la torsion d'une articulation ou un choc contre un élément matériel. (Ex : escaliers ou sol irréguliers, encombrement des passages, présence sur le sol de divers objets comme les cartons, archives, les prolongateurs électriques, informatiques et bureautiques.
- Collision avec un véhicule.
- A Sète 4 piliers de la structure non protégés rendent les manoeuvres difficiles.";Lésions corporelles, superficielles ou profondes. ;En cours;Tous Responsables POLMAR;P2;Existante;"- Rangement et nettoyage régulier.


- Installation de goulottes au sol pour la protection et le passage de câbles, rangement des câbles bureautiques, revêtements antidérapants.


- Dégagement des voies de circulation.
- Balisage réflexe (signalétique temporaire) des zones à risques.
";;Aucune;;;
399;20;19;169;3. POLMAR;Centres POLMAR;Centres de Port de Bouc et de Sète (fermeture prévue);30;Risque lié aux déplacements internes;"- Circulation à pied sur sol glissant, inégal ou présentant des obstacles pouvant entraîner une chute ou occasionner la torsion d'une articulation ou un choc contre un élément matériel. (Ex : escaliers ou sol irréguliers, encombrement des passages, présence sur le sol de divers objets comme les cartons, archives, les prolongateurs électriques, informatiques et bureautiques.
- Collision avec un véhicule.
- A Sète 4 piliers de la structure non protégés rendent les manoeuvres difficiles.";Lésions corporelles, superficielles ou profondes. ;En cours;Tous Responsables POLMAR;P3;A proposer;"- Périodes de nettoyage et de rangement à intégrer au planning.


- Baliser les zones à risques.
- Pose systématique de trépied de sécurité (sol glissant) après nettoyage des sols (responsabilité du personnel de nettoyage).
";;Aucune;;;
400;122;99;565;3. POLMAR;Centres POLMAR;Centres de Port de Bouc et de Sète (fermeture prévue);31;Risque lié aux interventions isolées;"Lorsque le travailleur effectue seul des travaux en étant hors de vue ou de voix pendant un certain temps ( la durée d’isolement majorant le risque).";Tous ceux liés à l’absence ou au retard de prise en charge du blessé par les services de secours.;En cours;Tous Responsables POLMAR;P1;Existante;"- Tout moyen de communication permettant un contact régulier, fréquent et un suivi à distance avec l’intervenant isolé,
- signalement d’absence anormale par l’entourage familial.
- Réalisation d’un inventaire des travaux interdits aux travailleurs isolés afin d’éviter toute ambiguïté, tout dépassement et pour amener à une prise de conscience de la problématique, contacts réguliers avec son référent,
- intervention en binôme en cas de travaux évalués dangereux.";;Aucune;;;
401;122;99;253;3. POLMAR;Centres POLMAR;Centres de Port de Bouc et de Sète (fermeture prévue);31;Risque lié aux interventions isolées;"Lorsque le travailleur effectue seul des travaux en étant hors de vue ou de voix pendant un certain temps ( la durée d’isolement majorant le risque).";Tous ceux liés à l’absence ou au retard de prise en charge du blessé par les services de secours.;A contrôler;Tous Responsables POLMAR;P1;A proposer; Vérification si pas de contre-indications médicales (état physique et psychosocial).;;Aucune;;;
402;2;1;11;3. POLMAR;Centres POLMAR;Centres de Port de Bouc et de Sète (fermeture prévue);32;Risque lié aux vibrations;SANS OBJET;SANS OBJET;-1;;0;Existante;AUCUNE / SANS OBJET;;Aucune;;;
403;83;93;165;3. POLMAR;Centres POLMAR;Centres de Port de Bouc et de Sète (fermeture prévue);33;Risques psychosociaux (RPS);"- Travail isolé sur site isolés sur des périodes longues,
- Mauvaise qualité des rapports sociaux et des relations de travail.";Troubles physiques, psychologiques, conduites addictives...;En cours;Tous Responsables POLMAR;P2;Existante;"- Suivi médical du MDP et permanence ASS, groupe de coordination médico-social.


- Affectation sur volontariat pour les postes isolés et communication interne ponctuelle.


- Mise en œuvre d’un plan d’évaluation et de prévention des RPS dans le cadre du plan national d’action, plan d’actions en cours.
";;Aucune;;;
404;83;93;166;3. POLMAR;Centres POLMAR;Centres de Port de Bouc et de Sète (fermeture prévue);33;Risques psychosociaux (RPS);"- Travail isolé sur site isolés sur des périodes longues,
- Mauvaise qualité des rapports sociaux et des relations de travail.";Troubles physiques, psychologiques, conduites addictives...;A contrôler;Tous Responsables POLMAR;P2;A proposer;"- Vérification régulière si pas de contre indications médicale (état psychosocial) pour les agents en situation isolé.
Suivi du plan d’actions RPS :
- remontées systématiques d’incidents,
- formation gestion des mails à proposer.";;Aucune;;;
405;295;25;254;3. POLMAR;Centres POLMAR;Centres de Port de Bouc et de Sète (fermeture prévue);34;Risque agression / agressivité lié au contact avec l'extérieur;Intrusion de personnes extérieures sur certains sites.;Blessures psychiques et/ou physiques.;En cours;Tous Responsables POLMAR;P3;Existante;"- Fermeture des accès, signalétique pour interdire l’accès des sites au public (portail à fermeture automatique, alarme, téléphone portable).
- Procédure interne de signalement des agressions.";;Aucune;;;
406;295;25;255;3. POLMAR;Centres POLMAR;Centres de Port de Bouc et de Sète (fermeture prévue);34;Risque agression / agressivité lié au contact avec l'extérieur;Intrusion de personnes extérieures sur certains sites.;Blessures psychiques et/ou physiques.;A contrôler;Tous Responsables POLMAR;P3;A proposer;"- Étendre l’installation d’une signalétique pour interdire l’accès des sites au public.
- Remontées systématiques d’incidents pour analyse.";;Aucune;;;
407;24;201;48;3. POLMAR;Centres POLMAR;Centres de Port de Bouc et de Sète (fermeture prévue);35;Risque lié à l'alcool, drogues, médicaments, tabac.;"- Consommation de substances psychoactives pouvant altérer les facultés physiques et psychiques de l’individu et entraîner des accidents du travail ou de circulation (manque de vigilance, perte d’équilibre, diminution des réflexes, effet désinhibant conduisant à la prise de risque).
- Tabagisme et vapotage actif, passif.";"- Lésions corporelles, décès, 
- pathologies liées à la consommation de ces substances,
- affections psychiques,
- Tabagisme : maladies, cancers, insuffisance respiratoire.";En cours;Tous Responsables POLMAR;P3;Existante;"- Interdiction de fumer et de vapoter affichée dans certains locaux et lieux de travail.
- Rappel des textes réglementaires.
- Note interne n°270 du 14/03/14 diffusée aux services « politique de la DIRM MED en matière de prévention des risques liés à la consommation d’alcool » .";;Aucune;;;
408;24;201;49;3. POLMAR;Centres POLMAR;Centres de Port de Bouc et de Sète (fermeture prévue);35;Risque lié à l'alcool, drogues, médicaments, tabac.;"- Consommation de substances psychoactives pouvant altérer les facultés physiques et psychiques de l’individu et entraîner des accidents du travail ou de circulation (manque de vigilance, perte d’équilibre, diminution des réflexes, effet désinhibant conduisant à la prise de risque).
- Tabagisme et vapotage actif, passif.";"- Lésions corporelles, décès, 
- pathologies liées à la consommation de ces substances,
- affections psychiques,
- Tabagisme : maladies, cancers, insuffisance respiratoire.";A contrôler;Tous Responsables POLMAR;P3;A proposer;"- Politique de prévention à mettre en place (charte addictions).
- Affichage obligatoire de l’interdiction de fumer et de vapoter dans tous lieux fermés et couverts qui accueillent du public ou qui constituent des lieux de travail (modèle de signalisation fourni sur demande au CP).";;Aucune;;;
409;86;82;260;3. POLMAR;Centres POLMAR;Centres de Port de Bouc et de Sète (fermeture prévue);36;Risque lié à la co-activité et à l'intervention d'entreprises extérieures;Absences de mesures de protections pour prévenir les risques liés aux interférences engendrées par la coactivité sur un même site.;Tous types de dommages (liés à la situation accidentelle imprévue, non évaluée).;En cours;Tous Responsables POLMAR;P3;Existante;"- Formations aux règles de sécurité (plan de prévention) suivi par certains agents.
- Inspections communes au préalable avec aide du document RSICP.
- Plan de prévention dans certains cas.";;Aucune;;;
410;86;82;51;3. POLMAR;Centres POLMAR;Centres de Port de Bouc et de Sète (fermeture prévue);36;Risque lié à la co-activité et à l'intervention d'entreprises extérieures;Absences de mesures de protections pour prévenir les risques liés aux interférences engendrées par la coactivité sur un même site.;Tous types de dommages (liés à la situation accidentelle imprévue, non évaluée).;A planifier;Tous Responsables POLMAR;P3;A proposer;"- Systématisation des inspections et analyses communes préalables (obligation réglementaire) à chaque intervention, pouvant conduire suivant la nature des travaux, à la rédaction d’un plan de prévention (y compris attestation de consignation, protocole de sécurité, permis de feu, etc...).
- Intégration de cette procédure dans les appels d’offres.";;Aucune;;;
411;2;89;11;3. POLMAR;Centres POLMAR;Centres de Port de Bouc et de Sète (fermeture prévue);37;Risque lié à la présence d'animaux;SANS OBJET;Présence d'animaux morts ou vivants dans les entrepôts (oiseaux, rats, chats), matières fécales et urine se reporter au risque 39 risque sanitaire.;-1;Tous Responsables POLMAR;0;Existante;AUCUNE / SANS OBJET;;Aucune;;;
412;123;28;256;3. POLMAR;Centres POLMAR;Centre de Sète (avant fermeture du site);38;Risque routier;Entrée et sortie sur le site de Sète (accès dangereux au bord d’un axe routier rapide et très fréquenté) .;Lésions corporelles, superficielles ou profondes, décès.;En cours;Jennifer LETELLIER;P2;Existante;Vigilance particulière sur cet axe et consignes inhérentes systématiques.;;Aucune;;;
413;88;28;52;3. POLMAR;Centres POLMAR;Centres de Port de Bouc et de Sète (fermeture prévue);38;Risque routier;"- Accident de trajet ou de mission lié à la fréquence et à la longueur des déplacements (particulièrement lors de déplacements pour entraide Sète et Port de Bouc A/R).
- Transport de matériel (remorque double essieu 3,5T).
- Risque accentué par la fatigue, la prise d’alcool ou de médicaments, l’état du véhicule et la météo.
Pour rappel (cf. R.21 risque de chute d’objets) : Le déplacement intempestif d’une charge mal arrimée dans l‘habitacle peut entraîner une perte de contrôle du véhicule.";Lésions corporelles, superficielles ou profondes, décès.;En cours;Tous Responsables POLMAR;P2;Existante;"- Respect du code de la route, prise en compte des recommandations de la prévention routière sur les temps de repos,
- vérification visuelle du véhicule avant chaque déplacement,
- préparation des déplacements,
- suivi et entretien régulier des véhicules, contrôle technique,
- utilisation des outils de (télé)communications (internet, visioconférence) permettant d’éviter certains déplacements,
- trajets sur autoroutes privilégiés (cartes de télépéages généralisées),
- respect de la charte sur l’utilisation des véhicules de service (disponible sur l’intranet, ,http://intra.dram-mediterranee.i2/la-charte-de-bonne-conduite-pour-l-utilisation-d-a1193.html),
- covoiturage,
- conduite des véhicules équipés de boite auto, régulateur de vitesse appréciés.
- en cas de panne, accident, crevaison, panne/erreur de carburant, vol/vandalisme, perte de clés/carte démarrage contacter le n° d’assistance inscrit dans les pochettes véhicules.
- En cas de panne ou d’accident : port du gilet fluorescent, triangle de signalisation, maintien à distance de la chaussée dans l’attente de l’assistance.";;Aucune;;;
414;27;29;665;3. POLMAR;Centres POLMAR;Centres de Port de Bouc et de Sète (fermeture prévue);39;Risque sanitaire : transmission de maladies, infections, allergies.;"Exposition à des agents infectieux (bactéries*, virus*, champignons,parasites) ou allergènes (pollens, insectes..), transmis par contact avec l’environnement, les gens, les animaux, les insectes, la végétation (exemple lors de contact avec des personnes contaminées, des insectes, moisissures, animaux morts, des éléments souillés : poignée de porte, détritus divers, matières fécales).

* Analyse de situations d’expositions et impact épidémique (Ex : Angine, Grippe, Covid..) :
• Exposition par contact interpersonnel: risque de transmission directe par postillons contaminés émis par autrui :
      - Parler projette des postillons à environ 1,5 m,
      - Éternuer, tousser les projette à environ 3-5 m.
• Exposition par contact avec des surfaces contaminées : locaux de travail, matériels, produits : risque de transmission indirecte par manuportage (en se touchant le visage notamment le nez, la bouche, les yeux avec les mains).      
• Impact organisationnel (mode dégradé), associé à une restructuration de l’activité. Il est d’autant plus fort si la réorganisation se fait « à chaud », en réaction, et non sur la base d’une anticipation.";"- Symptômes respiratoires, (asthme, allergies).
- Maladies, infections et intoxications, réactions allergiques, cutanées.
- Transmissibilité à l'homme de différentes formes de virus (Grippe, Covid..), de bactéries, de champignons, de parasites.";En cours;Tous Responsables POLMAR;P2;Existante;"- Lavage des mains régulier pour se décontaminer et éviter de contaminer les autres ou utilisation de produit hydroalcoolique désinfectant (à utiliser sur main non souillées, ces solutions ne remplacent pas l’eau et le savon).




- En général pas de contact des mains souillées avec ses yeux, son nez, sa bouche.
- Respect des mesures barrières.
- Port d’EPI adaptés à la situation (gants jetables, masques de protection respiratoire..).


- Aérosol d’insecticide (dans les véhicules d’intervention).


- Vestiaires, douches, matériel de lavage des vêtements ( travaux salissants).

";;Aucune;;;
415;27;29;176;3. POLMAR;Centres POLMAR;Centres de Port de Bouc et de Sète (fermeture prévue);39;Risque sanitaire : transmission de maladies, infections, allergies.;"Exposition à des agents infectieux (bactéries*, virus*, champignons,parasites) ou allergènes (pollens, insectes..), transmis par contact avec l’environnement, les gens, les animaux, les insectes, la végétation (exemple lors de contact avec des personnes contaminées, des insectes, moisissures, animaux morts, des éléments souillés : poignée de porte, détritus divers, matières fécales).

* Analyse de situations d’expositions et impact épidémique (Ex : Angine, Grippe, Covid..) :
• Exposition par contact interpersonnel: risque de transmission directe par postillons contaminés émis par autrui :
      - Parler projette des postillons à environ 1,5 m,
      - Éternuer, tousser les projette à environ 3-5 m.
• Exposition par contact avec des surfaces contaminées : locaux de travail, matériels, produits : risque de transmission indirecte par manuportage (en se touchant le visage notamment le nez, la bouche, les yeux avec les mains).      
• Impact organisationnel (mode dégradé), associé à une restructuration de l’activité. Il est d’autant plus fort si la réorganisation se fait « à chaud », en réaction, et non sur la base d’une anticipation.";"- Symptômes respiratoires, (asthme, allergies).
- Maladies, infections et intoxications, réactions allergiques, cutanées.
- Transmissibilité à l'homme de différentes formes de virus (Grippe, Covid..), de bactéries, de champignons, de parasites.";A contrôler;Tous Responsables POLMAR;P2;A proposer;"- Prévoir en l’absence de point d’eau sur site d’intervention : un jerrican d’eau, du savon et des essuie-mains à usage unique ou du produit hydroalcooliques désinfectant (les gels anti-bactérien ne remplacent pas l’eau et le savon).


- En période d'épidémie (grippe, Covid..), mise en application :

=> des consignes principales (hygiène des mains, mesures barrières, distanciation physique,…),


=> du plan de continuité d’activité (en fonction des différents niveaux),


=> du plan de reprise des activités et des procédures spécifiques définisant les mesures de protection (organisationnelles, collectives, individuelles..) à mettre en œuvre au sein des services en fonction des diverses activités afin de réduire la propagation du virus (ré-évaluation nécessaire des risques, en incluant les situations liées au Covid-19).


- Remontées des besoins en équipements et protections spécifiques.
";;Aucune;;;
416;29;31;58;3. POLMAR;Centres POLMAR;Centres de Port de Bouc et de Sète (fermeture prévue);39;Risque sanitaire : transmission de maladies, infections, allergies.;Contamination par ingestion accidentelle de bactéries, virus, parasites pathogènes alimentaires, lors de la prise de repas (par défaut d’hygiène : alimentaires, des locaux).;Infections (intoxication) alimentaires.;En cours;Tous Responsables POLMAR;P3;Existante;"- Lavage des mains pour se décontaminer et éviter de contaminer les autres.
- Consommation eau de fontaine filtrée ou minérale+respect des règles d’hygiène alimentaire (nettoyage des surfaces utilisées après repas/café).
- Établissements et locaux tenus dans un état d'hygiène et de salubrité nécessaires à la santé du personnel.";;Aucune;;;
417;29;31;178;3. POLMAR;Centres POLMAR;Centres de Port de Bouc et de Sète (fermeture prévue);39;Risque sanitaire : transmission de maladies, infections, allergies.;Contamination par ingestion accidentelle de bactéries, virus, parasites pathogènes alimentaires, lors de la prise de repas (par défaut d’hygiène : alimentaires, des locaux).;Infections (intoxication) alimentaires.;A contrôler;Tous Responsables POLMAR;P2;A proposer;"- Généralisation des glacières isothermes pour les repas en extérieur (respect de la température de conservation des aliments).


- Prévoir en l’absence de point d’eau sur site d’intervention : un jerrican d’eau, du savon et des essuie-mains à usage unique ou du produit hydroalcooliques désinfectant (les gels anti-bactérien ne remplacent pas l’eau et le savon).
- Assurer le nettoyage des surfaces utilisées après repas/café (réfrigirateurs, tables, cafetières..), fournir le nécessaire.
";;Aucune;;;
418;124;90;180;3. POLMAR;Centres POLMAR;Centres de Port de Bouc et de Sète (fermeture prévue);39;Risque sanitaire : transmission de maladies, infections, allergies.;"Lors d’inhalation d’aérosols émis par la vapeur d’eau chaude sanitaire contaminée par des légionelles* au points d’usages. 
* Le risque de prolifération de la bactérie légionella pneumophila favorisé par une température de l’eau de 25° à 43° (installations d’eau chaude sanitaire, réserve stagnante, cumulus peu utilisés, bras morts).";La contamination bactérienne par les  voies respiratoires provoque la légionellose (pneumopathie pouvant  laisser des séquelles graves sur les plans cardiaques, respiratoires et musculaires et entraîner le décès).;A contrôler;Tous Responsables POLMAR;P2;A proposer;"Démarche et consignes à généraliser :

- Préventive : 

=> vérifications des installations d’eau chaude sanitaire particulièrement si présence de bras morts et/ou peu utilisées,

=> éventuellement analyses de l’eau,

=> surveillance de la température de l’eau chaude sanitaire (45°C minimum en sortie de robinets, douches…),

=> laisser couler l’eau peu utilisés ou après une absence prolongée (pendant 1 minute avant utilisation),

=> détartrer et désinfecter régulièrement les embouts de robinetterie


- Curative : (choc thermique ,chlore).
";;12 mois;24/11/2022;;
419;91;87;181;3. POLMAR;Centres POLMAR;Centres de Port de Bouc et de Sète (fermeture prévue);39;Risque sanitaire : transmission de maladies, infections, allergies.;"Leptospirose* contractée en général lors d’une activité en relation avec un environnement contaminé : eaux , animaux porteurs, déjections de rongeurs, lieux humides.
*maladie bactérienne qui se transmet par contact avec les muqueuses (oeil, bouche, nez...) ou des plaies/égratignures.";Infection bénigne à grave.;En cours;Tous Responsables POLMAR;P3;Existante;"- Port de gant jetables, masques respiratoire, lunettes de protection.


- Lavage des mains pour se décontaminer
et éviter de contaminer les autres.

- Eviter tout contact des mains souillées avec ses yeux, son nez, sa bouche.


- Consultation de la fiche prévention sur l’intranet:
http://intra.dram-mediterranee.i2/fichesprevention-
a1644.html
";;Aucune;;;
420;91;87;182;3. POLMAR;Centres POLMAR;Centres de Port de Bouc et de Sète (fermeture prévue);39;Risque sanitaire : transmission de maladies, infections, allergies.;"Leptospirose* contractée en général lors d’une activité en relation avec un environnement contaminé : eaux , animaux porteurs, déjections de rongeurs, lieux humides.
*maladie bactérienne qui se transmet par contact avec les muqueuses (oeil, bouche, nez...) ou des plaies/égratignures.";Infection bénigne à grave.;A contrôler;Tous Responsables POLMAR;P3;A proposer;"- Consultation du MDP (renseignements sur la vaccination).


- Consulter les mesures individuelles de protection de la fiche prévention sur l’intranet.


- Limiter la pullulation des rongeurs.
";;Aucune;;;
421;92;88;183;3. POLMAR;Centres POLMAR;Centres de Port de Bouc et de Sète (fermeture prévue);39;Risque sanitaire : transmission de maladies, infections, allergies.;Manutention de métaux rouillés, de bois (échardes).;Tétanos, infections, cas rare mais pouvant être mortel.;En cours;Tous Responsables POLMAR;P2;Existante;"- Suivi du MDP : vaccination et rappels.


- Port des EPI (gants) et vêtements de travail adaptés, respect des consignes
";;Aucune;;;
422;92;88;184;3. POLMAR;Centres POLMAR;Centres de Port de Bouc et de Sète (fermeture prévue);39;Risque sanitaire : transmission de maladies, infections, allergies.;Manutention de métaux rouillés, de bois (échardes).;Tétanos, infections, cas rare mais pouvant être mortel.;A contrôler;Tous Responsables POLMAR;P2;A proposer;"Généralisation du suivi (vaccination, rappels).
";;24 mois;24/11/2023;;
423;125;100;257;3. POLMAR;Centres POLMAR;Centre de Port de Bouc;39;Risque sanitaire : transmission de maladies, infections, allergies.;Exposition à divers agents pathogènes lors des interventions sur les pompes de relevage d’eau usées du centre POLMAR de Port de Bouc;"- Agents susceptibles de provoquer une infection, une allergie ou une intoxication.
- Transmission de virus, parasites, pathologies diverses. Maladies (leptospirose, …)";En cours;MAXIME SUROY;P3;Existante;"- EPI (gants, masques, bottes, combinaisons jetables).
- Suivi du MDP.";;Aucune;;;
424;125;100;258;3. POLMAR;Centres POLMAR;Centre de Port de Bouc;39;Risque sanitaire : transmission de maladies, infections, allergies.;Exposition à divers agents pathogènes lors des interventions sur les pompes de relevage d’eau usées du centre POLMAR de Port de Bouc;"- Agents susceptibles de provoquer une infection, une allergie ou une intoxication.
- Transmission de virus, parasites, pathologies diverses. Maladies (leptospirose, …)";A contrôler;MAXIME SUROY;P3;A proposer;"- Port des EPI d'usage: Port de masque FFP2, bottes, combinaisons et gants jetables.
- Consultation du MDP renseignements sur éventuelle vaccination (voir Leptospirose risque 39).
- Faire réaliser l'opération par un prestataire disposant des équipements adaptés au risque.";;Aucune;;;COD 10/06/2025: Les agents n'interviennet plus, un intervenant extérieur opère à la demande
432;88;28;53;3. POLMAR;Centres POLMAR;Centres de Port de Bouc et de Sète (fermeture prévue);38;Risque routier;"- Accident de trajet ou de mission lié à la fréquence et à la longueur des déplacements (particulièrement lors de déplacements pour entraide Sète et Port de Bouc A/R).
- Transport de matériel (remorque double essieu 3,5T).
- Risque accentué par la fatigue, la prise d’alcool ou de médicaments, l’état du véhicule et la météo.
Pour rappel (cf. R.21 risque de chute d’objets) : Le déplacement intempestif d’une charge mal arrimée dans l‘habitacle peut entraîner une perte de contrôle du véhicule.";Lésions corporelles, superficielles ou profondes, décès.;A contrôler;Tous Responsables POLMAR;P2;A proposer;"- Généralisation des mesures existantes.
- Meilleure préparation des déplacements,
- priorité aux transports en commun,
- signalement des anomalies sur les véhicules par tout moyen (mail, carnet de maintenance),
- établir et/ou diffuser un plan de circulation/stationnement par site,
- équiper les véhicules de lingettes nettoyantes vitres (visibilité, buée).
- Sur les sites détachés, désignation d'un référents pour le suivi des véhicules en lien avec la hiérarchie/le SG,
- PPRR à finaliser, sensibilisation aux risques routiers, stages.";;Aucune;;;
435;2;205;11;4. CROSS MED;CROSS MÉDITERRANÉE;La Garde-Aspretto;2;Risque Biologique;SANS OBJET;"Ce risque est celui lié à l’exposition à des agents biologiques*présents dans les matières et matériaux (substances ou déchets infectieux, échantillons biologiques ou culture cellulaire..) manipulés principalement dans l’activité. 
*« Les agents biologiques regroupent tous les micro-organismes, y compris les micro-organismes génétiquement modifiés, les cultures cellulaires et les endoparasites humains susceptibles de provoquer une infection, une allergie ou une intoxication » (code du travail). Pour les risques sanitaires se reporter au risque 39.";-1;;0;Existante;AUCUNE / SANS OBJET;;Aucune;;;
436;30;34;261;4. CROSS MED;CROSS MÉDITERRANÉE;La Garde-Aspretto;3;Risque Chimique;"Inhalation, contact cutané, ingestion accidentelle possible de produits toxiques* dû à de mauvaises conditions de protection, de traitement/manipulation, de stockage, de transport ou d’élimination.
*Agents chimiques Dangereux (à l’état solide, liquide ou gazeux) présents dans les : solvants, peintures, colorants, résines, colles, ciments, fluides, diluants, dégraissants…";Infection, irritation, brûlure chimique, allergie.;En cours;Aymeric LE MASNE DE CHERMONT;P2;Existante;"- Local de stockage dédié (La Garde), port des EPI (lecture FDS), signalisation.
- Port des EPI conseillés dans les FDS, signalisation et étiquetage.
- Lavage des mains pour se décontaminer et éviter de contaminer les autres.";;Aucune;;;
437;30;34;193;4. CROSS MED;CROSS MÉDITERRANÉE;La Garde-Aspretto;3;Risque Chimique;"Inhalation, contact cutané, ingestion accidentelle possible de produits toxiques* dû à de mauvaises conditions de protection, de traitement/manipulation, de stockage, de transport ou d’élimination.
*Agents chimiques Dangereux (à l’état solide, liquide ou gazeux) présents dans les : solvants, peintures, colorants, résines, colles, ciments, fluides, diluants, dégraissants…";Infection, irritation, brûlure chimique, allergie.;A contrôler;Aymeric LE MASNE DE CHERMONT;P2;A proposer;"Sensibilisation et rappel :
- Poursuite de l’analyse du risque : exploitation des FDS (effets sur la santé, stockage, EPI recommandés...) document de synthèse à instaurer et recherche de produits de substitution.
- Généraliser le respect des règles de stockage spécifique (bac de rétention, incompatibilités, ventilation…).
- Traçabilité individuelle des expositions : intégration des données collectées sur les FDS de chaque produit utilisé dans la fiche individuelle de prévention des expositions à certains facteurs de risques (mise à jour annuelle).";;Aucune;;;
438;31;109;464;4. CROSS MED;CROSS MÉDITERRANÉE;La Garde-Aspretto;3;Risque Chimique;Inhalation d’hydrogène/acide sulfurique dégagé par les batteries stationnaires à électrolyte liquide lors de la maintenance (charge, remplissage, contrôle) le remplacement et la manutention.;Irritation, brûlure chimique, allergie.;En cours;Aymeric LE MASNE DE CHERMONT;P3;Existante;"- Respect des consignes FDS : ne pas fumer, ni de flammes nues et d’étincelles, ventilation du local, port des EPI.
- Remplacement des modèles à électrolytes liquide par batteries au gel.
- Lavage des mains pour se décontaminer et éviter de contaminer les autres.";;Aucune;;;
439;31;109;573;4. CROSS MED;CROSS MÉDITERRANÉE;La Garde-Aspretto;3;Risque Chimique;Inhalation d’hydrogène/acide sulfurique dégagé par les batteries stationnaires à électrolyte liquide lors de la maintenance (charge, remplissage, contrôle) le remplacement et la manutention.;Irritation, brûlure chimique, allergie.;A planifier;Aymeric LE MASNE DE CHERMONT;P3;A proposer;"- Analyses des installations de batteries stationnaires, retours attendus pour définir la nécessité de formations des intervenants : dès lors que la tension des batteries stationnaires est supérieure à 60 volts ou dont la capacité totale est supérieure à 275 Ah, la réglementation aux travaux sous tension NFC 18-505-2-3 (installation qui n'a pu être mise hors tension) s'applique.  Sont considérées comme des interventions (intervenant habilité BR) les opérations électriques de courte durée (connexion/déconnexion hors charge et manutention bornes protégées), effectuées sur les circuits de batteries dont les caractéristiques physiques répondent à des éxigences de tension, de section des conducteurs et de protection contre les courts-circuits définies de manière à supprimer ou limiter les risques électriques.
- Poursuivre la généralisation des batteries au gel,
- Respect des règles de transport (2 h après la charge, à vide pour les électrolytes liquide et pôles protégés) et des normes de ventilation des locaux (charge et stockage),
- Port des EPI (cf.indications des FDS): Gants, écran facial ou lunettes de protections, combinaisons anti-acide .
- Généralisation des rinces-oeils.
";;Aucune;;;
440;33;35;262;4. CROSS MED;CROSS MÉDITERRANÉE;La Garde-Aspretto;4;Risque chimique lié à l'utilisation de produits CMR;"- Inhalation, contact cutané, ingestion accidentelle de produits CMR (solvants, peintures, etc) dû à de mauvaises conditions de protection, de traitement/manipulation, de stockage, de transport ou d’élimination.
- Exposition aux hydrocarbures (tous types de moteurs thermiques) : stockage, transport, manipulation de carburant.";Cancer, altérations génétiques héréditaires, altérations de la fertilité.;En cours;Aymeric LE MASNE DE CHERMONT;P2;Existante;- Port des EPI conseillés après exploitation des FDS (effets sur la santé, stockage, EPI recommandés...), signalisation, identification et étiquetage.;;Aucune;;;
441;33;35;70;4. CROSS MED;CROSS MÉDITERRANÉE;La Garde-Aspretto;4;Risque chimique lié à l'utilisation de produits CMR;"- Inhalation, contact cutané, ingestion accidentelle de produits CMR (solvants, peintures, etc) dû à de mauvaises conditions de protection, de traitement/manipulation, de stockage, de transport ou d’élimination.
- Exposition aux hydrocarbures (tous types de moteurs thermiques) : stockage, transport, manipulation de carburant.";Cancer, altérations génétiques héréditaires, altérations de la fertilité.;A contrôler;Aymeric LE MASNE DE CHERMONT;P2;A proposer;"Sensibilisation et rappel :
- Poursuite de l’analyse du risque : exploitation des FDS (effets sur la santé, stockage, EPI recommandés...) document de synthèse à instaurer et recherche de produits de
substitution .
- Traçabilité des expositions : intégration des données collectées sur les FDS de chaque produit utilisé dans la fiche individuelle de prévention des expositions à certains facteurs de risques (mise à jour annuelle).
- Mise aux normes des locaux de peinture et de stockage, réalisation des peintures en extérieur à généraliser";;Aucune;;;
442;158;101;330;4. CROSS MED;CROSS MÉDITERRANÉE;La Garde-Aspretto;4;Risque chimique lié à l'utilisation de produits CMR;"- Inhalation de fumées de soudage électronique.
- Inhalation de particules et de poussières métalliques lors de ponçage, meulage, découpe";Pathologies aiguës ou chronique : irritations, brûlure chimique, allergies, infections pulmonaires, affections oculaires, cutanées, cancers.;En cours;Aymeric LE MASNE DE CHERMONT;P2;Existante;Ventilation des locaux.;;Aucune;;;
443;158;101;263;4. CROSS MED;CROSS MÉDITERRANÉE;La Garde-Aspretto;4;Risque chimique lié à l'utilisation de produits CMR;"- Inhalation de fumées de soudage électronique.
- Inhalation de particules et de poussières métalliques lors de ponçage, meulage, découpe";Pathologies aiguës ou chronique : irritations, brûlure chimique, allergies, infections pulmonaires, affections oculaires, cutanées, cancers.;A contrôler;Aymeric LE MASNE DE CHERMONT;P2;A proposer;"- Prise en compte et adaptation des dispositifs de ventilation et d’aspiration (protections collectives)sur l’ensemble des locaux où sont effectués des soudures électronique étain/plomb).
- Nettoyage régulier des locaux chaudronneries par aspiration (afin d’éviter la remise en suspend dans l’atmosphère des particules), ne pas souffler.";;Aucune;;;
444;159;39;264;4. CROSS MED;CROSS MÉDITERRANÉE;La Garde-Aspretto;4;Risque chimique lié à l'utilisation de produits CMR;"Inhalation de vapeurs de mercure lors d’opération de maintenance à proximité des cuves à mercure des sites SPB équipés d’optiques tournants.";Altérations de la fertilité, (reprotoxique) troubles neurologiques.;En cours;Aymeric LE MASNE DE CHERMONT;P3;Existante;"Campagnes de mesurage réalisées annuellement par organisme accrédité (mesure maxi =15,5 % de la VLEP).
Nouvelles précautions diffusées par le CP (mail 20/05/16) :
- Travaux à réaliser en dehors des périodes estivales, privilégier les heures les moins chaudes.
- Assurer la bonne ventilation du local avant tous travaux ou intervention.
- Éviter de manger et de boire
- Lavage des mains pour se décontaminer et éviter de contaminer les autres
- Avoir à disposition une protection respiratoire adaptée (HGp3) en cas d’incident de débordement ou température élevée et de travail au plus près de la source (cuve).";;Aucune;;;
445;159;39;331;4. CROSS MED;CROSS MÉDITERRANÉE;La Garde-Aspretto;4;Risque chimique lié à l'utilisation de produits CMR;"Inhalation de vapeurs de mercure lors d’opération de maintenance à proximité des cuves à mercure des sites SPB équipés d’optiques tournants.";Altérations de la fertilité, (reprotoxique) troubles neurologiques.;A planifier;Aymeric LE MASNE DE CHERMONT;P3;A proposer;"- Moyen de contrôle de température à mettre à disposition pour les sites SPB  équipés de cuve à mercure,
- Consignes à étendre aux intervenants (entreprises extérieures, idem pour l’accès des partenaires utilisateurs sous convention).
- En cas de constat d’incident de débordement: contacter la hiérarchie, le service SPB et le CP.
- En situation de doute d’exposition prendre contact avec le médecin de prévention pour analyses d’urines et sanguines.";;Aucune;;;
446;128;92;265;4. CROSS MED;CROSS MÉDITERRANÉE;La Garde-Aspretto;5;Risque de brûlure thermique;"- Lors d’utilisation de machines à moteur thermique (tondeuses, débroussailleuse, groupes électrogène) : contact accidentel avec bloc moteur et l’échappement.
- Lors d’utilisation de certain appareils électriques (fer à repasser, fer à souder..).";Brûlures plus ou moins graves.;En cours;Aymeric LE MASNE DE CHERMONT;P3;Existante;Lecture des consignes d’utilisation des équipements, port des EPI (gants) et vêtements de travail recommandés.;;Aucune;;;
447;129;92;266;4. CROSS MED;CROSS MÉDITERRANÉE;La Garde;5;Risque de brûlure thermique;Préparation des repas en cuisine : utilisation des élément chauffants ( fours, friteuses, grill…).;Brûlures plus ou moins graves.;En cours;Aymeric LE MASNE DE CHERMONT;P3;Existante;"- Port de vêtements de travail et des EPI adaptés.
- Vigilance du personnel.";;Aucune;;;
448;129;92;267;4. CROSS MED;CROSS MÉDITERRANÉE;La Garde;5;Risque de brûlure thermique;Préparation des repas en cuisine : utilisation des élément chauffants ( fours, friteuses, grill…).;Brûlures plus ou moins graves.;En cours;Aymeric LE MASNE DE CHERMONT;P3;A proposer;Rappel ou affichage des mesures de prévention en cuisine.;;Aucune;;;
449;130;111;268;4. CROSS MED;CROSS MÉDITERRANÉE;La Garde;6;Risque électrique;Contact (direct ou indirect) accidentel lors du lavage en cuisine.;Electrocution (décés), électrisation: fibrillation, lésions internes ou externes. Brûlures par arc électrique, incendie, explosion.;En cours;Aymeric LE MASNE DE CHERMONT;P2;Existante;"- Maintient en conformité des installations électriques + vérification périodique annuelle.
- Système de coupure d’urgence localisé.";;Aucune;;;
450;130;111;269;4. CROSS MED;CROSS MÉDITERRANÉE;La Garde;6;Risque électrique;Contact (direct ou indirect) accidentel lors du lavage en cuisine.;Electrocution (décés), électrisation: fibrillation, lésions internes ou externes. Brûlures par arc électrique, incendie, explosion.;A contrôler;Aymeric LE MASNE DE CHERMONT;P1;A proposer;"- Suivi des vérifications périodique annuelle obligatoire des installations électriques à renseigner dans la fiche sécurité du DUERP puis mise en conformité des installations.
- Assurer le maintient de l’indice de protection (projections d’eau) du matériel électrique (fermeture des portes de coffrets),
- signalement systématique à la hiérarchie de l’état du matériel électrique endommagé pour remplacement.";;Aucune;;;
451;41;111;85;4. CROSS MED;CROSS MÉDITERRANÉE;La Garde-Aspretto;6;Risque électrique;Interventions, travaux d'entretien, de maintenance, connexions, déconnexions du matériel, des équipements ou des installations : électriques (Basse Tension) y compris à sources autonomes (onduleur, groupe éléctrogène..).;Electrocution (décés), électrisation: fibrillation, lésions internes ou externes. Brûlures par arc électrique, incendie, explosion.;En cours;Aymeric LE MASNE DE CHERMONT;P2;Existante;"Respect de la démarche d’habilitation du personnel électricien/non électricien :
=>analyse de l’activité, prise en compte des compétences, aptitudes, expérience, savoir être, contre-indications médicales.., vérification de l’adéquation entre activité, compétences et aptitudes,
=> Formations au préalable à l’habilitation électrique renouvelées périodiquement (recommandation 3 ans),
=> avis du formateur,
=> établissement du titre d’habilitation (validé par signature de l’employeur et du titulaire),
=> fourniture et port des EPI par le titulaire (liste établie selon le titre).

- Information, respect des consignes d'intervention (hors tension, pas de port de bijoux, pas d’intervention en cas d’intempéries éclair, tonnerre), port des EPI réglementaires (gants, écran facial..) adaptés aux opérations (ex : au voisinage des PNST), consignations nécessaires.";;Aucune;;;
452;41;111;86;4. CROSS MED;CROSS MÉDITERRANÉE;La Garde-Aspretto;6;Risque électrique;Interventions, travaux d'entretien, de maintenance, connexions, déconnexions du matériel, des équipements ou des installations : électriques (Basse Tension) y compris à sources autonomes (onduleur, groupe éléctrogène..).;Electrocution (décés), électrisation: fibrillation, lésions internes ou externes. Brûlures par arc électrique, incendie, explosion.;A contrôler;Aymeric LE MASNE DE CHERMONT;P1;A proposer;"- Délivrer, maintenir ou renouveller les titres d'habilitation ( validation par signature de l'employeur et du titulaire), renseigner le détail dans la fiche sécurité DUERP,
- Désignation du personnel.
- Renouveler et fournir les équipements de protection individuels, collectifs et le matériel de protection spécifique (VAT, gants isolés, écran facial...) au besoin, à la demande de l'agent habilité.
- Qualification des nouveaux arrivants, compagnonnage, formation.
- Signalisation du risque et des locaux réservés aux électriciens.
- Intervention hors tension, consignation des installations, port des EPI, pose de dispositifs isolants (au voisinage)...
- Une instruction de sécurité (sous forme de consignes, d'affichage) est conseillée dans le cas de présence de ré-enclecheur, onduleurs, convertisseurs, groupes électrogène.

";;Aucune;;;
453;5;111;270;4. CROSS MED;CROSS MÉDITERRANÉE;La Garde;6;Risque électrique;"- Contact direct (pièces nues sous tension accessibles) ou indirect (masses mises inopinément sous tension) accidentel dû à la défaillance du matériel, des équipements ou des installations électriques :
=> utilisation de matériel électrique non conforme : obsolète ou détérioré (fil dénudé, défaut d’isolation,…),
=> défaut de : conformité (ex : manque de continuité de liaison à la terre), matérialisation de la zone de voisinage, isolement des parties actives sur les installations et équipements.
- Mauvais usage (surcharge) de multiprises et prolongateurs.";Electrocution (décés), électrisation: fibrillation, lésions internes ou externes. Brûlures par arc électrique, incendie, explosion.;A contrôler;Aymeric LE MASNE DE CHERMONT;P3;Existante;"-Maintient des portes des tableaux et coffrets en position fermée.
- Vérification visuelle de l’état du matériel électrique (ex :prolongateurs) avant usage, signalement de l’état du matériel endommagé à la hiérarchie et remplacement.
-Acquisition de matériel conforme à la norme en vigueur, respect de la puissance maximale indiquée sur les prolongateurs et multiprises.
- Vérification périodique des installations électriques, mise en conformité des installations (attente de retour).";;6 mois;03/09/2023;;
454;5;111;87;4. CROSS MED;CROSS MÉDITERRANÉE;La Garde;6;Risque électrique;"- Contact direct (pièces nues sous tension accessibles) ou indirect (masses mises inopinément sous tension) accidentel dû à la défaillance du matériel, des équipements ou des installations électriques :
=> utilisation de matériel électrique non conforme : obsolète ou détérioré (fil dénudé, défaut d’isolation,…),
=> défaut de : conformité (ex : manque de continuité de liaison à la terre), matérialisation de la zone de voisinage, isolement des parties actives sur les installations et équipements.
- Mauvais usage (surcharge) de multiprises et prolongateurs.";Electrocution (décés), électrisation: fibrillation, lésions internes ou externes. Brûlures par arc électrique, incendie, explosion.;A planifier;Aymeric LE MASNE DE CHERMONT;P2;A proposer;"- Vérifications des installations électriques périodique annuelle obligatoire, à renseigner dans la fiche sécurité du DUERP puis mise en conformité des installations
- Utilisation du matériel conformément aux spécifications du fabricant.
- Privilégier l’achat de matériel classe II notamment lors de l’utilisation de groupes électrogènes portatifs.
- Remplacement des installations BT par des installations TBT (surtout en milieu humide) lorsque cela est réalisable.";;6 mois;03/09/2023;;
455;42;49;88;4. CROSS MED;CROSS MÉDITERRANÉE;La Garde-Aspretto;7;Risque explosion;"- Court-circuit entre les deux pôles lors de la maintenance (charge, contrôle et remplacement) et de la manutention des batteries stationnaires 
- Dégagement d’hydrogène lors de la charge des modèles à électrolyte liquide.";Lésions dues à la projections de particules solides ou liquides.;En cours;Aymeric LE MASNE DE CHERMONT;P3;Existante;"Batterie :
- Maintient des protections des pôles (caches bornes y compris lors du transport), vérification des branchements avant connexion (hors charge),
- ne pas porter d’éléments conducteurs (bracelet, montre, bague..)
- laisser reposer après la charge avant transport,
- charge dans un local suffisamment ventilé (voir norme et recommandations fabricant, FDS),
- outils de connections isolés (clefs, tournevis).";;Aucune;;;
456;42;49;210;4. CROSS MED;CROSS MÉDITERRANÉE;La Garde-Aspretto;7;Risque explosion;"- Court-circuit entre les deux pôles lors de la maintenance (charge, contrôle et remplacement) et de la manutention des batteries stationnaires 
- Dégagement d’hydrogène lors de la charge des modèles à électrolyte liquide.";Lésions dues à la projections de particules solides ou liquides.;En cours;Aymeric LE MASNE DE CHERMONT;P3;A proposer;" Information et rappels des consignes à respecter :
- Protection isolée des pôles + et - (caches bornes) à installer et à maintenir sur les batteries,
- Charge dans un local suffisamment ventilé,
- Consignes au personnel, formation, outils de connections isolés (clefs, tournevis), pose de signalétique.
- Etude en cours de la réglementation travaux sous tension (NFC 18-505-2-3), attentes de retours d'analyses des installations de batteries.";;Aucune;;;
457;132;112;271;4. CROSS MED;CROSS MÉDITERRANÉE;La Garde-Aspretto;7;Risque explosion;Lors de l’approvisionnement en carburant de G-E, petits appareils thermique d’entretien.;Brûlures et lésions.;En cours;Aymeric LE MASNE DE CHERMONT;P3;Existante;"- Installation d’extincteurs à proximité,
- vannes d’arrêt,
- signalisation d’interdiction de fumer.";;Aucune;;;
458;132;112;272;4. CROSS MED;CROSS MÉDITERRANÉE;La Garde-Aspretto;7;Risque explosion;Lors de l’approvisionnement en carburant de G-E, petits appareils thermique d’entretien.;Brûlures et lésions.;En cours;Aymeric LE MASNE DE CHERMONT;P3;A proposer;"- Généraliser l’installation d’extincteurs à proximité.
- Prestation à faire réaliser par une entreprise spécialisée pour les gros approvisionnements.
- Sensibilisation aux risques.";;Aucune;;;
459;43;49;273;4. CROSS MED;CROSS MÉDITERRANÉE;La Garde-Aspretto;7;Risque explosion;Stockage de produits chimiques incompatibles.;Lésions dues à la projections de particules solides ou liquides.;En cours;Aymeric LE MASNE DE CHERMONT;P2;Existante;Locaux de stockage séparés à rayonnage, bac de rétention, exploitation des FDS (vérification des incompatibilités).;;Aucune;;;
460;43;49;274;4. CROSS MED;CROSS MÉDITERRANÉE;La Garde-Aspretto;7;Risque explosion;Stockage de produits chimiques incompatibles.;Lésions dues à la projections de particules solides ou liquides.;A contrôler;Aymeric LE MASNE DE CHERMONT;P2;A proposer;"- Vérification des locaux de stockage pour mises aux normes si nécessaire (matériel ATEX).
- Poursuite de l’exploitation des fiches de données de sécurité et vérification de la compatibilitée de stockage.";;Aucune;;;
461;133;49;275;4. CROSS MED;CROSS MÉDITERRANÉE;La Garde;7;Risque explosion;En cas de fuite de gaz : chaudière, foyer en cuisine.;Lésions dues à la projections de particules solides ou liquides.;En cours;Aymeric LE MASNE DE CHERMONT;P3;Existante;"- Contrat d’entretien et de maintenance,
-Respect des interdictions de fumer,
- Vanne de coupure gaz à l’extérieur au niveau du stockage des bouteilles.";;Aucune;;;
462;133;49;276;4. CROSS MED;CROSS MÉDITERRANÉE;La Garde;7;Risque explosion;En cas de fuite de gaz : chaudière, foyer en cuisine.;Lésions dues à la projections de particules solides ou liquides.;A contrôler;Aymeric LE MASNE DE CHERMONT;P3;A proposer;"-Vérification régulière de la canalisation de gaz de ville sur sa partie privative,
- Suivi périodique des moyens d’extinction adaptés.";;Aucune;;;
463;132;11;271;4. CROSS MED;CROSS MÉDITERRANÉE;La Garde-Aspretto;8;Risque Incendie;Lors de l’approvisionnement en carburant de G-E, petits appareils thermique d’entretien.;Brûlures légères à graves, dommages, lésions, décés.;En cours;Aymeric LE MASNE DE CHERMONT;P3;Existante;"- Installation d’extincteurs à proximité,
- vannes d’arrêt,
- signalisation d’interdiction de fumer.";;Aucune;;;
464;132;11;272;4. CROSS MED;CROSS MÉDITERRANÉE;La Garde-Aspretto;8;Risque Incendie;Lors de l’approvisionnement en carburant de G-E, petits appareils thermique d’entretien.;Brûlures légères à graves, dommages, lésions, décés.;En cours;Aymeric LE MASNE DE CHERMONT;P3;A proposer;"- Généraliser l’installation d’extincteurs à proximité.
- Prestation à faire réaliser par une entreprise spécialisée pour les gros approvisionnements.
- Sensibilisation aux risques.";;Aucune;;;
465;101;11;88;4. CROSS MED;CROSS MÉDITERRANÉE;La Garde-Aspretto;8;Risque Incendie;"- Court-circuit : batteries/accumulateurs entre deux pôles ou sur une installation électrique.
- Coup de foudre, défaillance des équipements ou des installations électriques.";Brûlures légères à graves, dommages, lésions, décés.;En cours;Aymeric LE MASNE DE CHERMONT;P3;Existante;"Batterie :
- Maintient des protections des pôles (caches bornes y compris lors du transport), vérification des branchements avant connexion (hors charge),
- ne pas porter d’éléments conducteurs (bracelet, montre, bague..)
- laisser reposer après la charge avant transport,
- charge dans un local suffisamment ventilé (voir norme et recommandations fabricant, FDS),
- outils de connections isolés (clefs, tournevis).";;Aucune;;;
466;101;11;210;4. CROSS MED;CROSS MÉDITERRANÉE;La Garde-Aspretto;8;Risque Incendie;"- Court-circuit : batteries/accumulateurs entre deux pôles ou sur une installation électrique.
- Coup de foudre, défaillance des équipements ou des installations électriques.";Brûlures légères à graves, dommages, lésions, décés.;En cours;Aymeric LE MASNE DE CHERMONT;P2;A proposer;" Information et rappels des consignes à respecter :
- Protection isolée des pôles + et - (caches bornes) à installer et à maintenir sur les batteries,
- Charge dans un local suffisamment ventilé,
- Consignes au personnel, formation, outils de connections isolés (clefs, tournevis), pose de signalétique.
- Etude en cours de la réglementation travaux sous tension (NFC 18-505-2-3), attentes de retours d'analyses des installations de batteries.";;Aucune;;;
467;46;11;277;4. CROSS MED;CROSS MÉDITERRANÉE;La Garde;8;Risque Incendie;Feu de broussailles accidentel, incendie de forêt (lors de travaux générant des étincelles).;Brûlures légères à graves, dommages, lésions, décés.;En cours;Aymeric LE MASNE DE CHERMONT;P2;Existante;"- Débroussaillages réguliers sur tout le site conformément aux obligations imposées sur la zone.
- Borne incendie et matériel d’extinction à proximité.";;Aucune;;;
468;46;11;278;4. CROSS MED;CROSS MÉDITERRANÉE;La Garde;8;Risque Incendie;Feu de broussailles accidentel, incendie de forêt (lors de travaux générant des étincelles).;Brûlures légères à graves, dommages, lésions, décés.;En cours;Aymeric LE MASNE DE CHERMONT;P2;A proposer;"- Finalisation de la nouvelle procédure incendie.
- Respect des arrêtés sécheresse et des obligations de débroussaillage dans les zones réglementées.";;Aucune;;;
469;134;11;279;4. CROSS MED;CROSS MÉDITERRANÉE;La Garde;8;Risque Incendie;Incendie dans la salle technique et la salle d’archive située sous le PC opérationnel (surcharge des circuits, échauffements dus à un défaut de serrage).;Brûlures légères à graves, dommages, lésions, décés.;En cours;Aymeric LE MASNE DE CHERMONT;P3;Existante;Alarme de détection incendie;;Aucune;;;
470;134;11;280;4. CROSS MED;CROSS MÉDITERRANÉE;La Garde;8;Risque Incendie;Incendie dans la salle technique et la salle d’archive située sous le PC opérationnel (surcharge des circuits, échauffements dus à un défaut de serrage).;Brûlures légères à graves, dommages, lésions, décés.;En cours;Aymeric LE MASNE DE CHERMONT;P3;A proposer;Projet d'installation d'un dispositif fixe d'extintion.;;Aucune;;;
471;135;112;281;4. CROSS MED;CROSS MÉDITERRANÉE;La Garde;8;Risque Incendie;Cuisine : feu de friteuse, départ de feu sur les différents appareils de cuisson (gazinière, grill, four).;Brûlures et lésions.;En cours;Aymeric LE MASNE DE CHERMONT;P2;Existante;"- Dispositif d’arrêt automatique de la friteuse par thermostat, 
- Acquisition d’une couverture anti-feu.
- Dispositif de sécurité thermo-couple sur la gazinière.
- Vanne d’arrêt de gaz cuisine localisé.
- Détection incendie dans la cuisine.
- Moyens d’extinction à proximité.";;Aucune;;;
472;135;112;282;4. CROSS MED;CROSS MÉDITERRANÉE;La Garde;8;Risque Incendie;Cuisine : feu de friteuse, départ de feu sur les différents appareils de cuisson (gazinière, grill, four).;Brûlures et lésions.;A planifier;Aymeric LE MASNE DE CHERMONT;P2;A proposer;Former le personnel à la manipulation d’extincteurs.;;Aucune;;;
473;136;112;283;4. CROSS MED;CROSS MÉDITERRANÉE;La Garde-Aspretto;8;Risque Incendie;Fer à souder, fer à repasser non éteint après utilisation;Brûlures et lésions.;En cours;Aymeric LE MASNE DE CHERMONT;P3;Existante;"- Détection incendie dans l'atelier du service technique et dans les chambres (La Garde).
- Blocs autonomes d’éclairage de sécurité.";;Aucune;;;
474;136;112;284;4. CROSS MED;CROSS MÉDITERRANÉE;La Garde-Aspretto;8;Risque Incendie;Fer à souder, fer à repasser non éteint après utilisation;Brûlures et lésions.;A planifier;Aymeric LE MASNE DE CHERMONT;P3;A proposer;Former le personnel à la manipulation d’extincteurs.;;Aucune;;;
475;2;1;11;4. CROSS MED;CROSS MÉDITERRANÉE;La Garde-Aspretto;9;Risque Rayonnement Optiques Artificiels: DEL/Eclairage à forte luminance/Laser;SANS OBJET;SANS OBJET;-1;0;0;Existante;AUCUNE / SANS OBJET;;Aucune;;;
476;2;1;11;4. CROSS MED;CROSS MÉDITERRANÉE;La Garde-Aspretto;10;Risque lié à l'utilisation de produits pyrotechniques;SANS OBJET;SANS OBJET;-1;Aymeric LE MASNE DE CHERMONT;0;Existante;AUCUNE / SANS OBJET;;Aucune;;;
477;137;54;285;4. CROSS MED;CROSS MÉDITERRANÉE;La Garde-Aspretto;11;Risque lié à la manipulation d'outils;Utilisation d’outillage manuel ou électroportatif lors de travaux (service technique et cellule infra).;Coupures, contusions, écrasement, lésions diverses.;En cours;Aymeric LE MASNE DE CHERMONT;P2;Existante;Port des EPI (gants de protection), respect des consignes d’utilisation.;;Aucune;;;
478;137;54;104;4. CROSS MED;CROSS MÉDITERRANÉE;La Garde-Aspretto;11;Risque lié à la manipulation d'outils;Utilisation d’outillage manuel ou électroportatif lors de travaux (service technique et cellule infra).;Coupures, contusions, écrasement, lésions diverses.;A contrôler;Aymeric LE MASNE DE CHERMONT;P2;A proposer;"- Utilisation des outils conformément à l’usage pour lequel ils sont destinés.
- Généraliser les protections individuelles oculaires à correction adaptée selon les besoins évalués.";;Aucune;;;
479;138;55;653;4. CROSS MED;CROSS MÉDITERRANÉE;La Garde-Aspretto;12;Risque lié aux automatismes;"Réenclencheur automatique de disjoncteur, G-E (automate), optique tournant de phare (sites SPB).";Écrasement, lésions légères à graves, électrisation, électrocution.;A contrôler;Aymeric LE MASNE DE CHERMONT;P2;Existante;"- Consignation des circuits électriques commandés par inverseur de sources, automates et réenclencheurs auto avant toute intervention,  entretien et vérification,
- respect des procédures d’arrêt (déverrouillage mécanique,..).";;Aucune;;;
480;138;55;654;4. CROSS MED;CROSS MÉDITERRANÉE;La Garde-Aspretto;12;Risque lié aux automatismes;"Réenclencheur automatique de disjoncteur, G-E (automate), optique tournant de phare (sites SPB).";Écrasement, lésions légères à graves, électrisation, électrocution.;A planifier;Aymeric LE MASNE DE CHERMONT;P2;A proposer;"- Suivi de la maintenance/vérification des systèmes, respect des procédures d'arrêt et de consignation.
- Affichage des consignes + signalétique.
- Suivi des formations, recyclages H-E. ";;12 mois;03/03/2024;;
481;139;105;286;4. CROSS MED;CROSS MÉDITERRANÉE;La Garde;13;Risque lié aux fluides et équipements sous-pression ;Utilisation du compresseur d’air.;Lésions corprelles, superficielles ou profondes, lésions auditives.;En cours;Aymeric LE MASNE DE CHERMONT;P2;Existante;Surveillance visuelle de l’état du matériel, port des EPI suivant les notices d’utilisation. ;;Aucune;;;
482;2;1;11;4. CROSS MED;CROSS MÉDITERRANÉE;La Garde-Aspretto;14;Risque lié aux gestes répétitifs;SANS OBJET;SANS OBJET;-1;0;0;Existante;AUCUNE / SANS OBJET;;Aucune;;;
483;140;56;287;4. CROSS MED;CROSS MÉDITERRANÉE;La Garde-Aspretto;15;Risque lié aux postures de travail;"- Posture assisse prolongée en poste de quart (sous-cross > sur 7h environ 6h sur écran).
- Mauvaise posture lors de travaux d’entretien ou de maintenance (ST/infra) et de préparation des repas (cuisine).";Douleurs dorso-lombaire, tendinites, maladies professionnelles.;En cours;Aymeric LE MASNE DE CHERMONT;P3;Existante;"- Ergonomie des postes de travail en salle PC opérationnel (niveau des écran sur les consoles, sièges, souris..).
- Sièges ergonomiques.";;Aucune;;;
484;140;56;288;4. CROSS MED;CROSS MÉDITERRANÉE;La Garde-Aspretto;15;Risque lié aux postures de travail;"- Posture assisse prolongée en poste de quart (sous-cross > sur 7h environ 6h sur écran).
- Mauvaise posture lors de travaux d’entretien ou de maintenance (ST/infra) et de préparation des repas (cuisine).";Douleurs dorso-lombaire, tendinites, maladies professionnelles.;A contrôler;Aymeric LE MASNE DE CHERMONT;P2;A proposer;"- Etude ergonomique des postes de travail si nécessaire.
- Mettre en place stage PRAP (Prévention des risques liés à l’activité physique). ";;Aucune;;;
485;141;58;289;4. CROSS MED;CROSS MÉDITERRANÉE;La Garde-Aspretto;16;Risque lié aux rayonnements ionisants et non ionisants (électromagnétiques);Exposition aux rayonnements électromagnétiques à haute fréquences (émetteurs, récepteurs du site de la Garde, d’Aspretto, relais sur sites déportés), lors de pénétration accidentelle dans une zone d’émission non ou mal balisée.;Effets nocifs à long terme (cataracte, impact sur la reproduction, nécroses, brûlures, augmentation du risque de cancer).;En cours;Aymeric LE MASNE DE CHERMONT;P2;Existante;"- Danger d’exposition affiché à Aspretto et La Garde (signalétique, périmètre, diagramme de rayonnement..), application des procédures(arrêt émission) avant intervention,
- Informations des opérateurs extérieurs lors d’interventions à proximité des émetteurs-récepteurs.";;Aucune;;;
486;141;58;293;4. CROSS MED;CROSS MÉDITERRANÉE;La Garde-Aspretto;16;Risque lié aux rayonnements ionisants et non ionisants (électromagnétiques);Exposition aux rayonnements électromagnétiques à haute fréquences (émetteurs, récepteurs du site de la Garde, d’Aspretto, relais sur sites déportés), lors de pénétration accidentelle dans une zone d’émission non ou mal balisée.;Effets nocifs à long terme (cataracte, impact sur la reproduction, nécroses, brûlures, augmentation du risque de cancer).;A contrôler;Aymeric LE MASNE DE CHERMONT;P2;A proposer;"- Matérialisation des zones de danger (émissions) et affichage sur sites déportés et navtex (La Garde),
- Prise en compte au niveau du suivi médical.";;Aucune;;;
487;10;14;670;4. CROSS MED;CROSS MÉDITERRANÉE;La Garde;16;Risque lié aux rayonnements ionisants et non ionisants (électromagnétiques);Inhalation du radon (gaz radioactif d’origine naturelle essentiellement présent dans le sol) concentré (niveau de référence inférieur à 300Bq/m3 en moyenne annuelle) dans des lieux confinés (sous-sols et rdc mal aérés) pendant une durée importante.;A long terme peut être la cause de cancers du poumon (en fonction de la concentration dans les locaux et du temps d'exposition).;Clôturée;Aymeric LE MASNE DE CHERMONT;P3;Existante;"Mesures réalisées pose du 16/10/22 au 05/01/23 de détecteurs dans sous-sol de 14 locaux. (sans fenêtre, sans vmc) Absence de point de mesure supérieur à 300 Bq.m-3:
Les activités volumiques en radon mesurées dans les locaux de travail sont toutes inférieures au niveau de référence de 300 Bq/m3 en moyenne annuelle.
Fin de la démarche (sauf si modifications du lieu ou conditions de travail), pas de mesure de réduction du risque.";;Aucune;;;
488;10;14;670;4. CROSS MED;CROSS MÉDITERRANÉE;La Garde;16;Risque lié aux rayonnements ionisants et non ionisants (électromagnétiques);Inhalation du radon (gaz radioactif d’origine naturelle essentiellement présent dans le sol) concentré (niveau de référence inférieur à 300Bq/m3 en moyenne annuelle) dans des lieux confinés (sous-sols et rdc mal aérés) pendant une durée importante.;A long terme peut être la cause de cancers du poumon (en fonction de la concentration dans les locaux et du temps d'exposition).;A contrôler;Aymeric LE MASNE DE CHERMONT;P3;A proposer;"Mesures réalisées pose du 16/10/22 au 05/01/23 de détecteurs dans sous-sol de 14 locaux. (sans fenêtre, sans vmc) Absence de point de mesure supérieur à 300 Bq.m-3:
Les activités volumiques en radon mesurées dans les locaux de travail sont toutes inférieures au niveau de référence de 300 Bq/m3 en moyenne annuelle.
Fin de la démarche (sauf si modifications du lieu ou conditions de travail), pas de mesure de réduction du risque.";;Aucune;;;
489;142;63;294;4. CROSS MED;CROSS MÉDITERRANÉE;La Garde-Aspretto;17;Risque manutention manuelle;Manutention, port de charges : batteries et émetteurs (service technique) parfois sur accès difficile, transport.;Douleurs dorso-lombaire, tendinites, écrasement, maladies professionnelle.;En cours;Aymeric LE MASNE DE CHERMONT;P3;Existante;"- Port des EPI (Chaussures de sécurité, gants de manutention).
- Utilisation d'outils d'aide à la manutention (diable, etc...), travail en binôme.";;Aucune;;;
490;142;63;290;4. CROSS MED;CROSS MÉDITERRANÉE;La Garde-Aspretto;17;Risque manutention manuelle;Manutention, port de charges : batteries et émetteurs (service technique) parfois sur accès difficile, transport.;Douleurs dorso-lombaire, tendinites, écrasement, maladies professionnelle.;En cours;Aymeric LE MASNE DE CHERMONT;P3;A proposer;"- Répartition et fractionnement des charges si possible,
- Stage PRAP (prévention des risques liès à l’activité physique).";;Aucune;;;
491;2;1;11;4. CROSS MED;CROSS MÉDITERRANÉE;La Garde-Aspretto;18;Risque manutention mécanique et au levage;SANS OBJET;SANS OBJET;-1;0;0;Existante;AUCUNE / SANS OBJET;;Aucune;;;
492;143;19;295;4. CROSS MED;CROSS MÉDITERRANÉE;La Garde-Aspretto;19;Risque mécanique;Utilisation d’outillages électroportatifs et thermique (perceuse, débroussailleuse,...) par le service technique et infra.;Lésions corporelles, superficielles ou profondes. ;En cours;Aymeric LE MASNE DE CHERMONT;P3;Existante;"- Maintient des carters et protections des organes en mouvement,
- port des EPI indiqués dans les manuels fabricants, respect des consignes de sécurité.";;Aucune;;;
493;143;19;123;4. CROSS MED;CROSS MÉDITERRANÉE;La Garde-Aspretto;19;Risque mécanique;Utilisation d’outillages électroportatifs et thermique (perceuse, débroussailleuse,...) par le service technique et infra.;Lésions corporelles, superficielles ou profondes. ;En cours;Aymeric LE MASNE DE CHERMONT;P3;A proposer;"- Formation aux nouveaux arrivants.
- Généraliser les protections individuelles oculaires à correction adaptée selon les besoins évalués.
- Surveillance de l’état de conformité des machines et des outillages.
- Mise en place de protections sur les parties tranchantes quand l’appareil n’est pas utilisé.";;Aucune;;;
494;144;67;296;4. CROSS MED;CROSS MÉDITERRANÉE;La Garde-Aspretto;20;Risque d'asphyxie;Fuite d’échappement d’un groupe électrogène installé dans un local.;Maux de tête, troubles divers, malaise, séquelles graves, décès.;En cours;Aymeric LE MASNE DE CHERMONT;P3;Existante;Vérification et entretien des échappements et des arrivées d’air des locaux de groupe électrogène.;;Aucune;;;
495;144;67;296;4. CROSS MED;CROSS MÉDITERRANÉE;La Garde-Aspretto;20;Risque d'asphyxie;Fuite d’échappement d’un groupe électrogène installé dans un local.;Maux de tête, troubles divers, malaise, séquelles graves, décès.;En cours;Aymeric LE MASNE DE CHERMONT;P3;A proposer;Vérification et entretien des échappements et des arrivées d’air des locaux de groupe électrogène.;;Aucune;;;
496;145;19;297;4. CROSS MED;CROSS MÉDITERRANÉE;La Garde;21;Risque de chute d'objet;"Projection de cailloux ou d’objets divers lors de atterrissage et décollage d’un hélicoptère à proximité de la drop zone.";Lésions corporelles, superficielles ou profondes. ;En cours;Aymeric LE MASNE DE CHERMONT;P3;Existante;Procédure d’évacuation du périmètre par diffusion générale d’une annonce sur le site de La Garde;;Aucune;;;
498;63;68;126;4. CROSS MED;CROSS MÉDITERRANÉE;La Garde-Aspretto;21;Risque de chute d'objet;"- Lors d’intervention en hauteur (chute accidentelle d’outils et/ou de matériel sur toute personne située au dessous).
- Lors de manutention de matériel et de matériaux, entreposage inapproprié en hauteur de matériel en entrepôts, atelier et bureaux.
- Lors de transport de matériel non fixé à l'arrière des véhicules (voir R.38)";Lésions corporelles, superficielles ou profondes, décès (accident de la route).;En cours;Aymeric LE MASNE DE CHERMONT;P2;Existante;"- Balisage de chantier ou des zones à risque, maintient des plinthes en partie basse des gardes corps
- rangement des entrepôts, ateliers (rayonnage adaptés à la charge) et bureaux,
- port des EPI d’usage,
- sanglage, arrimage des matériels et des charges pendant le transport.";;Aucune;;;
499;63;68;298;4. CROSS MED;CROSS MÉDITERRANÉE;La Garde-Aspretto;21;Risque de chute d'objet;"- Lors d’intervention en hauteur (chute accidentelle d’outils et/ou de matériel sur toute personne située au dessous).
- Lors de manutention de matériel et de matériaux, entreposage inapproprié en hauteur de matériel en entrepôts, atelier et bureaux.
- Lors de transport de matériel non fixé à l'arrière des véhicules (voir R.38)";Lésions corporelles, superficielles ou profondes, décès (accident de la route).;En cours;Aymeric LE MASNE DE CHERMONT;P3;A proposer;Veiller à la mise en application des mesures actuelles (existantes).;;Aucune;;;
500;146;69;299;4. CROSS MED;CROSS MÉDITERRANÉE;La Garde-Aspretto;22;Risque de chute de hauteur et de plain pied;Lors des interventions et travaux sur les sites déportés (établissements de signalisation maritime en mer ou à terre, sites militaires, TDF...)chargé plus ou moins de matériel.;Lésions corporelles, superficielles ou profondes, noyade.;En cours;Aymeric LE MASNE DE CHERMONT;P2;Existante;"- Vérification visuelle de l’état des protections collectives avant l’intervention,
- port des EPI adaptés aux travaux en hauteur.
- évolution dans des conditions météorologiques favorables.
- Création et diffusion d’une fiche procédure « travaux en hauteur » mise en ligne sur l’intranet. 
- Concernant la périodicité de formation : celle-ci est fixée à 5 ans dans le plan de la DIRM MED. 
- Mode opératoire adopté: éviter de monter chargé d’outils (fractionnement des charges).";;Aucune;;;
501;146;69;300;4. CROSS MED;CROSS MÉDITERRANÉE;La Garde-Aspretto;22;Risque de chute de hauteur et de plain pied;Lors des interventions et travaux sur les sites déportés (établissements de signalisation maritime en mer ou à terre, sites militaires, TDF...)chargé plus ou moins de matériel.;Lésions corporelles, superficielles ou profondes, noyade.;A contrôler;Aymeric LE MASNE DE CHERMONT;P3;A proposer;"- Généralisation des formations aux travaux en hauteur (port, vérification et suivi des EPI),
- missions à réaliser obligatoirement en binôme.
- En cas de travaux de courte durée ou moyen d’accès : l’échelle doit correctement être installée sur un support stable et être fixée/calée au pied ou en tête.";;Aucune;;;
502;147;69;301;4. CROSS MED;CROSS MÉDITERRANÉE;La Garde-Aspretto;22;Risque de chute de hauteur et de plain pied;Embarquement à bord des navires, débarquement sur digues, enrochements.;Lésions corporelles, superficielles ou profondes, noyade.;En cours;Aymeric LE MASNE DE CHERMONT;P2;Existante;"- Port des EPI recommandés,
- coordination avec le pilote,
- prise en compte de la météo,
- prise en compte de la difficulté d’accès pour orienter le type de matériel à installé (ex : matériel plus léger).";;Aucune;;;
503;147;69;302;4. CROSS MED;CROSS MÉDITERRANÉE;La Garde-Aspretto;22;Risque de chute de hauteur et de plain pied;Embarquement à bord des navires, débarquement sur digues, enrochements.;Lésions corporelles, superficielles ou profondes, noyade.;En cours;Aymeric LE MASNE DE CHERMONT;P2;A proposer;"- Évaluation au préalable si possible des conditions d’accès.
- Généralisation des chaussures anti-dérapantes à étudier.";;Aucune;;;
504;148;19;303;4. CROSS MED;CROSS MÉDITERRANÉE;La Garde-Aspretto;22;Risque de chute de hauteur et de plain pied;"- Lors de la maintenance des installations radio situées en hauteur :
=> sur les toits terrasse des PC opérationnels,
=> sur les sites déportés.
- lors du nettoyage des façades et des gouttières (infra à La Garde).  ";Lésions corporelles, superficielles ou profondes. ;En cours;Aymeric LE MASNE DE CHERMONT;P3;Existante;"- Accès en toiture La Garde condamné (absence de protection périphérique, présences de câbles sur le sol) et à Aspretto restreint, intervention sous conditions, signalétique en place.
- Création et diffusion d’une fiche procédure « travaux en hauteur » mise en ligne sur l’intranet.
- Port des EPI recommandés,
- Evolution dans des conditions météorologiques favorables.";;Aucune;;;
505;148;19;304;4. CROSS MED;CROSS MÉDITERRANÉE;La Garde-Aspretto;22;Risque de chute de hauteur et de plain pied;"- Lors de la maintenance des installations radio situées en hauteur :
=> sur les toits terrasse des PC opérationnels,
=> sur les sites déportés.
- lors du nettoyage des façades et des gouttières (infra à La Garde).  ";Lésions corporelles, superficielles ou profondes. ;En cours;Aymeric LE MASNE DE CHERMONT;P2;A proposer;"- Etude de la sécurisation du toit terrasse du PC opérationnel La Garde et toit du sous CROSS (gardes corps, point d’ancrage pour le port d’EPI anti-chute, missions en binôme.).
- Étude sur les sites déportés.";;Aucune;;;
506;149;70;138;4. CROSS MED;CROSS MÉDITERRANÉE;La Garde-Aspretto;23;Risque de noyade;Chute accidentelle à l’eau lors des interventions de maintenance du service technique sur les sites déportés en mer : embarquement/débarquement, d’un navire, circulation en bordure de quai.;Hypothermie, lésions cérébrales, pulmonaires, problèmes cardiaques, décès.;En cours;Aymeric LE MASNE DE CHERMONT;P2;Existante;"- Interventions uniquement de jour avec port de gilet auto-gonflant (150 N).
- Utilisation de chaussures de sécurité à semelles antidérapantes.
- Coordination avec le pilote, vigilance, prise en compte de la météo, du trafic maritime (vagues de sillage), entretien des coupées,
- nettoyage de la surface des quais de débarquement.
- Prise en compte de la difficulté d’accès pour orienter le type de matériel à installé (ex : matériel plus léger, démontable..).";;Aucune;;;
507;149;70;305;4. CROSS MED;CROSS MÉDITERRANÉE;La Garde-Aspretto;23;Risque de noyade;Chute accidentelle à l’eau lors des interventions de maintenance du service technique sur les sites déportés en mer : embarquement/débarquement, d’un navire, circulation en bordure de quai.;Hypothermie, lésions cérébrales, pulmonaires, problèmes cardiaques, décès.;En cours;Aymeric LE MASNE DE CHERMONT;P2;A proposer;"- Evaluation au préalable des conditions d’accès.
- Généralisation des chaussures à semelles antidérapantes à étudier.
- Avant toute utilisation du VFI , la notice d’utilisation doit être lue attentivement, si besoin former et informer le personnel sur les conditions d’utilisation et d’entretien (autocontrôle entre visites fabricant, stockage..).
- Port du VFI en bordure de quai.";;Aucune;;;
509;150;71;306;4. CROSS MED;CROSS MÉDITERRANÉE;La Garde-Aspretto;24;Risque lié à l'ambiance thermique;Travail (service technique et infra) dans des conditions de températures extrêmes (froid / chaud).;Engelures, gerçures, hypothermie / hyperthermie, malaise, insolation, déshydratation.;En cours;Aymeric LE MASNE DE CHERMONT;P2;Existante;"- Port des vêtements adaptés aux ambiances thermiques (lunettes, gants, combinaisons pour le froid, chaussures de sécurité pour le froid, bonnet), mise à disposition de boissons.
- Aménagements des horaires de travail en été (dans certains services, cf. RI chap 3.3 et 1.10).
- Prise en compte des ambiances thermiques dans la planification des tâches (limitation du temps d’exposition, interventions aux heures les plus clémentes).";;Aucune;;;
510;150;71;307;4. CROSS MED;CROSS MÉDITERRANÉE;La Garde-Aspretto;24;Risque lié à l'ambiance thermique;Travail (service technique et infra) dans des conditions de températures extrêmes (froid / chaud).;Engelures, gerçures, hypothermie / hyperthermie, malaise, insolation, déshydratation.;En cours;Aymeric LE MASNE DE CHERMONT;P2;A proposer;"- Fourniture de vêtements chauds à généraliser sur le site du CROSS en Corse.
- Adapter les dispositions en fonction des conditions climatiques.";;Aucune;;;
511;72;72;308;4. CROSS MED;CROSS MÉDITERRANÉE;La Garde-Aspretto;24;Risque lié à l'ambiance thermique;Exposition prolongée et intense au soleil (éblouissement, rayonnement solaire, réflexion sur la mer).;Cancer de la peau, brûlures, mélanomes, lésions oculaires.;En cours;Aymeric LE MASNE DE CHERMONT;P3;Existante;"- Port de lunettes de soleil (adaptés à la luminosité) et casquette.
- Prise en compte de l’exposition prolongée au soleil dans la programmation des travaux en extérieur, horaires aménagés.";;Aucune;;;
512;72;72;145;4. CROSS MED;CROSS MÉDITERRANÉE;La Garde-Aspretto;24;Risque lié à l'ambiance thermique;Exposition prolongée et intense au soleil (éblouissement, rayonnement solaire, réflexion sur la mer).;Cancer de la peau, brûlures, mélanomes, lésions oculaires.;En cours;Aymeric LE MASNE DE CHERMONT;P2;A proposer;Rappel des bonnes pratiques (port de casquette, éviter de travailler torse nu, etc...), renouvellement des dotations d’EPI (lunettes de soleil avec indice UV adapté et crème solaire).;;Aucune;;;
513;160;19;309;4. CROSS MED;CROSS MÉDITERRANÉE;La Garde-Aspretto;25;Risque lié à l'éclairage;Déplacements ou travail dans une zone mal éclairée.;Lésions corporelles, superficielles ou profondes. ;En cours;Aymeric LE MASNE DE CHERMONT;P2;Existante;"- Lampe portable (frontale à privilégier avec piles de remplacement, indispensable dans la dotation) et projecteurs d’appoint.
- Entretien et rénovation de l’éclairage extérieur (La Garde).";;Aucune;;;
514;160;19;148;4. CROSS MED;CROSS MÉDITERRANÉE;La Garde-Aspretto;25;Risque lié à l'éclairage;Déplacements ou travail dans une zone mal éclairée.;Lésions corporelles, superficielles ou profondes. ;En cours;Aymeric LE MASNE DE CHERMONT;P2;A proposer;"- Recensement et étude des zones mal éclairées.
- Entretien réglier des systèmes d'éclairage.";;Aucune;;;
515;17;20;310;4. CROSS MED;CROSS MÉDITERRANÉE;La Garde-Aspretto;25;Risque lié à l'éclairage;Éclairage trop puissant, trop faible ou non adapté au poste de travail.;Effets oculaires, visuels et généraux (maux de tête, fatigue, agressivité..).;En cours;Aymeric LE MASNE DE CHERMONT;P2;Existante;"- Etude et recommandations formulées sur le type d’éclairage optimal sur certains postes.
- Aménagements de certains postes (installation de lampes d’appoint, pose de stores aux fenêtres),
- Installation de lampes d’appoint, pose de stores, film filtre spécial sur vitre sur les postes du PC opérationnel.";;Aucune;;;
516;17;20;39;4. CROSS MED;CROSS MÉDITERRANÉE;La Garde-Aspretto;25;Risque lié à l'éclairage;Éclairage trop puissant, trop faible ou non adapté au poste de travail.;Effets oculaires, visuels et généraux (maux de tête, fatigue, agressivité..).;En cours;Aymeric LE MASNE DE CHERMONT;P2;A proposer;Généralisation des solutions d'adaptations ergonomiques (consultation des nombreux guides conseils en ligne, voir R.28), étude de l’éclairement du poste de travail (contacter le CP si besoin).;;Aucune;;;
518;151;103;311;4. CROSS MED;CROSS MÉDITERRANÉE;La Garde;26;Risque lié à la qualité de l'air;Mauvaises odeurs dues au réseau d’évacuation, infrastructure vétuste (La Garde). ;Odeurs incommodantes, nausées.;En cours;Aymeric LE MASNE DE CHERMONT;P3;Existante;"- Etude et solution technique chiffrée par un professionnel.
- Aération régulière les locaux.
";;Aucune;;;
519;151;103;312;4. CROSS MED;CROSS MÉDITERRANÉE;La Garde;26;Risque lié à la qualité de l'air;Mauvaises odeurs dues au réseau d’évacuation, infrastructure vétuste (La Garde). ;Odeurs incommodantes, nausées.;En cours;Aymeric LE MASNE DE CHERMONT;P3;A proposer;"- Poursuite des investigations sur la recherche des causes.
- Étude d’amélioration de la ventilation.";;Aucune;;;
520;18;21;150;4. CROSS MED;CROSS MÉDITERRANÉE;La Garde-Aspretto;26;Risque lié à la qualité de l'air;Lors de manque d'entretien des climatiseurs + non respect des précautions d'usages (amplitude supérieure à 8°C néfaste à la santé), mauvaise ventilation naturelle ou mécanique.;Problèmes respiratoires et ORL, irritations oculaires ou cutanées, choc thermique, maux de tête.;En cours;Aymeric LE MASNE DE CHERMONT;P3;Existante;"- Entretien régulier des climatiseurs (en interne ou par une entreprise extérieure).
- Aération régulière les locaux.
- Respect des amplitudes de réglage.";;Aucune;;;
521;18;21;314;4. CROSS MED;CROSS MÉDITERRANÉE;La Garde-Aspretto;26;Risque lié à la qualité de l'air;Lors de manque d'entretien des climatiseurs + non respect des précautions d'usages (amplitude supérieure à 8°C néfaste à la santé), mauvaise ventilation naturelle ou mécanique.;Problèmes respiratoires et ORL, irritations oculaires ou cutanées, choc thermique, maux de tête.;En cours;Aymeric LE MASNE DE CHERMONT;P3;A proposer;"Veiller au respect de l'amplitude maxi en été.";;Aucune;;;
522;326;76;313;4. CROSS MED;CROSS MÉDITERRANÉE;La Garde-Aspretto;27;Risque lié au bruit;"Environnement bruyant* bruit émis par:
- manoeuvre d’hélicoptère,
- groupe électrogène,
- hotte aspirante en cuisine,
- divers électroportatifs.
*Au delà du seuil d’exposition sonore: quotidien (supérieur à 85 dB(a)) ou niveau de pression acoustique de crête (bruit intenses mais courts).";Hypoacousie de perception par lésion cochléaire irréversible, accompagnée ou non d’acouphènes.;En cours;Aymeric LE MASNE DE CHERMONT;P3;Existante;"- Selon le cas port port des (PICB) protections individuelles contre le bruit,
- procédure d’éloignement de la drop zone lors de l’atterrissage et du décollage d’un hélicoptère";;Aucune;;;
523;326;76;315;4. CROSS MED;CROSS MÉDITERRANÉE;La Garde-Aspretto;27;Risque lié au bruit;"Environnement bruyant* bruit émis par:
- manoeuvre d’hélicoptère,
- groupe électrogène,
- hotte aspirante en cuisine,
- divers électroportatifs.
*Au delà du seuil d’exposition sonore: quotidien (supérieur à 85 dB(a)) ou niveau de pression acoustique de crête (bruit intenses mais courts).";Hypoacousie de perception par lésion cochléaire irréversible, accompagnée ou non d’acouphènes.;En cours;Aymeric LE MASNE DE CHERMONT;P2;A proposer;"- Étude sur la réduction du bruit en cuisine à réaliser, choix de matériels insonorisés à la conception lors du renouvellement.
- Renouveler les protections auditives adaptées et sur mesure.
- Étude des postes exposés au bruit : Affichage du risque sur chaque poste ou équipement (signalétique, pictogramme de rappel).
-Evaluation à réaliser selon les situations d’expositions remontées (contacter le CP).";;Aucune;;;
524;161;22;332;4. CROSS MED;CROSS MÉDITERRANÉE;La Garde-Aspretto;28;Risque lié au travail sur écran;Travail sur un écran plusieurs heures au PC opérationnel (consoles) ou au bureau, mauvaise ergonomie du poste. ;"- Fatigue visuelle (maux de tête, picotements, rougeurs et lourdeur des globes oculaires, assèchement de l’oeil).
- Troubles musculo-squelettiques (TMS).";En cours;Aymeric LE MASNE DE CHERMONT;P2;Existante;"- Information sur environnement de travail, 
- Pauses régulières, alternance des tâches.
- Acquisition, remplacement et adaptation du matériel de bureau afin d’améliorer l’ergonomie (plan de travail ,fauteuil, écrans, portes-documents, repose-pieds..).
- Aménagement des consoles PC opérationnel, souris ergonomiques, écrans, installation de lampes d’appoint, pose de stores, film filtre spécial sur vitres, fauteuils ergonomiques.";;Aucune;;;
525;161;22;494;4. CROSS MED;CROSS MÉDITERRANÉE;La Garde-Aspretto;28;Risque lié au travail sur écran;Travail sur un écran plusieurs heures au PC opérationnel (consoles) ou au bureau, mauvaise ergonomie du poste. ;"- Fatigue visuelle (maux de tête, picotements, rougeurs et lourdeur des globes oculaires, assèchement de l’oeil).
- Troubles musculo-squelettiques (TMS).";En cours;Aymeric LE MASNE DE CHERMONT;P3;A proposer;"- Généralisation des solutions ergonomiques, étude du poste de travail (contacter le CP si besoin).
- Consultation des nombreux guides conseils en ligne .";;Aucune;;;
526;327;79;316;4. CROSS MED;CROSS MÉDITERRANÉE;La Garde-Aspretto;29;Risque lié aux conditions de travail particulières (horaires décalés, astreinte..);Accident causé par le manque de vigilance et la fatigue lors d’horaires décalés, travail de nuit, déplacements de nuit du domicile au CROSS pendant les astreintes.;Dommages corporels, troubles du rythme biologique.;En cours;Aymeric LE MASNE DE CHERMONT;P2;Existante;Régime de travail prévoyant des récupérations après les vacations;;Aucune;;;
527;327;79;317;4. CROSS MED;CROSS MÉDITERRANÉE;La Garde-Aspretto;29;Risque lié aux conditions de travail particulières (horaires décalés, astreinte..);Accident causé par le manque de vigilance et la fatigue lors d’horaires décalés, travail de nuit, déplacements de nuit du domicile au CROSS pendant les astreintes.;Dommages corporels, troubles du rythme biologique.;En cours;Aymeric LE MASNE DE CHERMONT;P2;A proposer;Récupération après les permanences officiers sauf nécessité de service.;;Aucune;;;
528;152;19;318;4. CROSS MED;CROSS MÉDITERRANÉE;La Garde-Aspretto;30;Risque lié aux déplacements internes;"- Circulation à pied sur sol glissant, inégal ou présentant des obstacles (ex : encombrement, cailloux..) pouvant entraîner une chute ou occasionner la torsion d'une articulation ou un choc contre un élément matériel dans les locaux (escaliers, atelier, magasin, bureau..) et les aires de travail. 
- Collision avec un véhicule.";Lésions corporelles, superficielles ou profondes. ;En cours;Aymeric LE MASNE DE CHERMONT;P2;Existante;"- Rangement et nettoyage régulier des locaux (ateliers, bureaux..).
- Rangement des câbles bureautiques. 
- Dégagement des voies de circulation.
- Entretien régulier des sols (planéité) et des marches d’escaliers.
- Balisage réflexe (signalétique temporaire) des zones à risques.
- Site La Garde :
=> Cuisine : carrelage antidérapant et port de chaussures à semelle antidérapante du personnel,
=> pose d’un revêtement antidérapant sur les marches d’escalier métallique carré officier,
=> bassin : carrelage antidérapant , bâche de rotection, horaires d’ouverture, consignes d’accès établies, profondeur limitée, clôture de l’enceinte.
=> Entretien et rénovation de l’éclairage du site, balisage des chemins d’accès piétons, mise en place de gardes corps et grillage,
=> Planches du balcon de la villa officiers remplacées,
=> l’accès du souterrain est fermé à clef, consignes en cas d’accès nécessaire.";;Aucune;;;
529;152;19;333;4. CROSS MED;CROSS MÉDITERRANÉE;La Garde-Aspretto;30;Risque lié aux déplacements internes;"- Circulation à pied sur sol glissant, inégal ou présentant des obstacles (ex : encombrement, cailloux..) pouvant entraîner une chute ou occasionner la torsion d'une articulation ou un choc contre un élément matériel dans les locaux (escaliers, atelier, magasin, bureau..) et les aires de travail. 
- Collision avec un véhicule.";Lésions corporelles, superficielles ou profondes. ;En cours;Aymeric LE MASNE DE CHERMONT;P1;A proposer;"- Périodes de nettoyage et de rangement à intégrer au planning.
- Généralisation des revêtements antidérapants sur les nez de marches et de pose de signalétique indiquant le danger.
- Généralisation des passages de câbles, le rangement des câbles bureautique est à ne pas négliger.
- Anticipation de l’espace d’archivage (y compris archives vivantes).
- Mise en sécurité des accès prévue à l’occasion du projet d’extension,
- Vérification visuelle régulière de l’état des protections collectives.
- Pose systématique de trépied de sécurité (sol glissant) après nettoyage des sols (responsabilité du personnel de nettoyage).
- Remplacement des planches en bois endommagées au sol entre cuisine et salle repas.";;12 mois;03/03/2024;;
530;153;80;319;4. CROSS MED;CROSS MÉDITERRANÉE;La Garde-Aspretto;31;Risque lié aux interventions isolées;"Lorsque sur les sites déportés un agent du service technique intervient seul pendant un certain temps, dans un environnement où il ne peut être vu et entendu directement par d’autres et où la probabilité de visite est faible (la durée d’isolement majorant le risque).";Tous ceux liés au fait que l’agent ne dispose pas de la possibilité de recours en cas d’aléas, d’accident ou de malaise.;En cours;Aymeric LE MASNE DE CHERMONT;P3;Existante;"- Déplacements en binôme pour les travaux dangereux (exemple : travaux électrique, en hauteur, etc).
-Téléphones mobiles, tout moyen de communication permettant un contact régulier, fréquent et un suivi à distance avec les intervenants isolés, protocole de signalement (début d’intervention, fin d’intervention).
-Aspretto : intervention uniquement le jour, contact régulier du technicien pendant l’intervention avec le centre secondaire, téléphone équipé d’un dispositif d’Alarme pour travailleur Isolé (DATI), accompagnement si possible par un agent du sous CROSS.";;Aucune;;;
531;153;80;320;4. CROSS MED;CROSS MÉDITERRANÉE;La Garde-Aspretto;31;Risque lié aux interventions isolées;"Lorsque sur les sites déportés un agent du service technique intervient seul pendant un certain temps, dans un environnement où il ne peut être vu et entendu directement par d’autres et où la probabilité de visite est faible (la durée d’isolement majorant le risque).";Tous ceux liés au fait que l’agent ne dispose pas de la possibilité de recours en cas d’aléas, d’accident ou de malaise.;En cours;Aymeric LE MASNE DE CHERMONT;P3;A proposer;"- Recherche de concours possibles de la part d’autres services de l’État, extension du partenariat.
-Partenariat en cours en Corse et à Port Vendres (Néolous).
-Information ( voir document INRS ED6288 site web) et instructions sur l’organisation et mesures aux agents susceptibles d’intervenir dans ces situations,
-définition explicite des tâches assignées afin d’éviter toute ambiguïté, tout dépassement et pour amener à une prise de conscience de la problématique.
-Intervenir dans des conditions météorologiques favorables.";;Aucune;;;
533;2;1;11;4. CROSS MED;CROSS MÉDITERRANÉE;La Garde-Aspretto;32;Risque lié aux vibrations;SANS OBJET;SANS OBJET;-1;0;0;Existante;AUCUNE / SANS OBJET;;Aucune;;;
534;154;108;321;4. CROSS MED;CROSS MÉDITERRANÉE;La Garde-Aspretto;33;Risques psychosociaux (RPS);"- Stress accru lors de la période estivale,
-agression verbales pour les équipes de quart parlant avec les requérants lors des opérations (charge émotionnelle en cas d’événements graves, difficulté du contact avec les familles de victimes),
-manque d’accompagnement dans les réformes,
-surcharge mentale.
- Mauvaise qualité des rapports sociaux et des relations de travail.";Troubles physiques, psychologiques, conduites addictives, trouble du sommeil.;En cours;Aymeric LE MASNE DE CHERMONT;P2;Existante;"- Communication interne après le quart, écoute des officiers.
- Formation gestion du stress à l’attention des CMS par l’ENSAM.
- Evaluation des RPS (questionnaire d’enquête mai 2017).";;Aucune;;;
535;154;108;322;4. CROSS MED;CROSS MÉDITERRANÉE;La Garde-Aspretto;33;Risques psychosociaux (RPS);"- Stress accru lors de la période estivale,
-agression verbales pour les équipes de quart parlant avec les requérants lors des opérations (charge émotionnelle en cas d’événements graves, difficulté du contact avec les familles de victimes),
-manque d’accompagnement dans les réformes,
-surcharge mentale.
- Mauvaise qualité des rapports sociaux et des relations de travail.";Troubles physiques, psychologiques, conduites addictives, trouble du sommeil.;En cours;Aymeric LE MASNE DE CHERMONT;P2;A proposer;"- Mise en place de panneaux anti-bruit (communication avec requérants).
- Réflexion à conduire sur la réalisation d’une procédure d’orientation en vue d’une prise en charge psychologique en fonction des nécessités.
- Généralisation de la formation gestion du stress pour les CMS.
- Démarche d’évaluation et de prévention des risques psychosociaux, plan d’action en cours .
";;Aucune;;;
537;2;1;11;4. CROSS MED;CROSS MÉDITERRANÉE;La Garde-Aspretto;34;Risque agression / agressivité lié au contact avec l'extérieur;SANS OBJET;SANS OBJET;-1;Aymeric LE MASNE DE CHERMONT;0;Existante;AUCUNE / SANS OBJET;;Aucune;;;
538;24;201;48;4. CROSS MED;CROSS MÉDITERRANÉE;La Garde-Aspretto;35;Risque lié à l'alcool, drogues, médicaments, tabac.;"- Consommation de substances psychoactives pouvant altérer les facultés physiques et psychiques de l’individu et entraîner des accidents du travail ou de circulation (manque de vigilance, perte d’équilibre, diminution des réflexes, effet désinhibant conduisant à la prise de risque).
- Tabagisme et vapotage actif, passif.";"- Lésions corporelles, décès, 
- pathologies liées à la consommation de ces substances,
- affections psychiques,
- Tabagisme : maladies, cancers, insuffisance respiratoire.";En cours;Aymeric LE MASNE DE CHERMONT;P3;Existante;"- Interdiction de fumer et de vapoter affichée dans certains locaux et lieux de travail.
- Rappel des textes réglementaires.
- Note interne n°270 du 14/03/14 diffusée aux services « politique de la DIRM MED en matière de prévention des risques liés à la consommation d’alcool » .";;Aucune;;;
539;24;201;49;4. CROSS MED;CROSS MÉDITERRANÉE;La Garde-Aspretto;35;Risque lié à l'alcool, drogues, médicaments, tabac.;"- Consommation de substances psychoactives pouvant altérer les facultés physiques et psychiques de l’individu et entraîner des accidents du travail ou de circulation (manque de vigilance, perte d’équilibre, diminution des réflexes, effet désinhibant conduisant à la prise de risque).
- Tabagisme et vapotage actif, passif.";"- Lésions corporelles, décès, 
- pathologies liées à la consommation de ces substances,
- affections psychiques,
- Tabagisme : maladies, cancers, insuffisance respiratoire.";En cours;Aymeric LE MASNE DE CHERMONT;P3;A proposer;"- Politique de prévention à mettre en place (charte addictions).
- Affichage obligatoire de l’interdiction de fumer et de vapoter dans tous lieux fermés et couverts qui accueillent du public ou qui constituent des lieux de travail (modèle de signalisation fourni sur demande au CP).";;Aucune;;;
540;155;82;323;4. CROSS MED;CROSS MÉDITERRANÉE;La Garde-Aspretto;36;Risque lié à la co-activité et à l'intervention d'entreprises extérieures;Absences de mesures de protections pour prévenir les risques liés aux interférences engendrées par la co-activité sur un même site.;Tous types de dommages (liés à la situation accidentelle imprévue, non évaluée).;En cours;Aymeric LE MASNE DE CHERMONT;P3;Existante;"- Prise en compte des situations de Co-activité :
- inspections communes au préalable avec aide du document RSICP,
- Plan de prévention dans certains cas.";;Aucune;;;
541;155;82;51;4. CROSS MED;CROSS MÉDITERRANÉE;La Garde-Aspretto;36;Risque lié à la co-activité et à l'intervention d'entreprises extérieures;Absences de mesures de protections pour prévenir les risques liés aux interférences engendrées par la co-activité sur un même site.;Tous types de dommages (liés à la situation accidentelle imprévue, non évaluée).;En cours;Aymeric LE MASNE DE CHERMONT;P3;A proposer;"- Systématisation des inspections et analyses communes préalables (obligation réglementaire) à chaque intervention, pouvant conduire suivant la nature des travaux, à la rédaction d’un plan de prévention (y compris attestation de consignation, protocole de sécurité, permis de feu, etc...).
- Intégration de cette procédure dans les appels d’offres.";;Aucune;;;
542;156;83;173;4. CROSS MED;CROSS MÉDITERRANÉE;La Garde-Aspretto;37;Risque lié à la présence d'animaux;Attaque de goélands en période de nidification.;Blessures.;En cours;Aymeric LE MASNE DE CHERMONT;P3;A proposer;"- Port d'un moyen de protection lorsque le risque est avéré (casque).
";;Aucune;;;
543;162;28;52;4. CROSS MED;CROSS MÉDITERRANÉE;La Garde-Aspretto;38;Risque routier;"- Accident de trajet ou de mission lié à la fréquence et à la longueur des déplacements.
- Risque accentué par la fatigue, la prise d’alcool ou de médicaments l’usage du téléphone en conduisant et suivant l’état du véhicule.
Pour rappel (cf. R.21 risque de chute d’objets) : Le déplacement intempestif d’une charge mal arrimée dans l‘habitacle peut entraîner une perte de contrôle du véhicule. 
Déplacements fréquents du commis du cross (courrier, courses, transport de personnel).
";Lésions corporelles, superficielles ou profondes, décès.;En cours;Aymeric LE MASNE DE CHERMONT;P2;Existante;"- Respect du code de la route, prise en compte des recommandations de la prévention routière sur les temps de repos,
- vérification visuelle du véhicule avant chaque déplacement,
- préparation des déplacements,
- suivi et entretien régulier des véhicules, contrôle technique,
- utilisation des outils de (télé)communications (internet, visioconférence) permettant d’éviter certains déplacements,
- trajets sur autoroutes privilégiés (cartes de télépéages généralisées),
- respect de la charte sur l’utilisation des véhicules de service (disponible sur l’intranet, ,http://intra.dram-mediterranee.i2/la-charte-de-bonne-conduite-pour-l-utilisation-d-a1193.html),
- covoiturage,
- conduite des véhicules équipés de boite auto, régulateur de vitesse appréciés.
- en cas de panne, accident, crevaison, panne/erreur de carburant, vol/vandalisme, perte de clés/carte démarrage contacter le n° d’assistance inscrit dans les pochettes véhicules.
- En cas de panne ou d’accident : port du gilet fluorescent, triangle de signalisation, maintien à distance de la chaussée dans l’attente de l’assistance.";;Aucune;;;
544;162;28;671;4. CROSS MED;CROSS MÉDITERRANÉE;La Garde-Aspretto;38;Risque routier;"- Accident de trajet ou de mission lié à la fréquence et à la longueur des déplacements.
- Risque accentué par la fatigue, la prise d’alcool ou de médicaments l’usage du téléphone en conduisant et suivant l’état du véhicule.
Pour rappel (cf. R.21 risque de chute d’objets) : Le déplacement intempestif d’une charge mal arrimée dans l‘habitacle peut entraîner une perte de contrôle du véhicule. 
Déplacements fréquents du commis du cross (courrier, courses, transport de personnel).
";Lésions corporelles, superficielles ou profondes, décès.;A contrôler;Aymeric LE MASNE DE CHERMONT;P2;A proposer;"Généralisation des mesures existantes:
- Meilleure préparation des déplacements,
- utilisation de véhicules adaptés en fonction des missions et des sites (sous-cross Aspretto),
- priorité aux transports en commun,
- signalement des anomalies sur les véhicules par tout moyen (mail, carnet de maintenance),
- établir et/ou diffuser un plan de circulation/stationnement par site,
- équiper les véhicules de lingettes nettoyantes vitres (visibilité, buée).
- Désignation d'un référents pour le suivi des véhicules en lien avec la hiérarchie/le SG,
- PPRR à finaliser, sensibilisation aux risques routiers, stages.";;Aucune;;;
545;27;29;324;4. CROSS MED;CROSS MÉDITERRANÉE;La Garde-Aspretto;39;Risque sanitaire : transmission de maladies, infections, allergies.;"Exposition à des agents infectieux (bactéries*, virus*, champignons,parasites) ou allergènes (pollens, insectes..), transmis par contact avec l’environnement, les gens, les animaux, les insectes, la végétation (exemple lors de contact avec des personnes contaminées, des insectes, moisissures, animaux morts, des éléments souillés : poignée de porte, détritus divers, matières fécales).

* Analyse de situations d’expositions et impact épidémique (Ex : Angine, Grippe, Covid..) :
• Exposition par contact interpersonnel: risque de transmission directe par postillons contaminés émis par autrui :
      - Parler projette des postillons à environ 1,5 m,
      - Éternuer, tousser les projette à environ 3-5 m.
• Exposition par contact avec des surfaces contaminées : locaux de travail, matériels, produits : risque de transmission indirecte par manuportage (en se touchant le visage notamment le nez, la bouche, les yeux avec les mains).      
• Impact organisationnel (mode dégradé), associé à une restructuration de l’activité. Il est d’autant plus fort si la réorganisation se fait « à chaud », en réaction, et non sur la base d’une anticipation.";"- Symptômes respiratoires, (asthme, allergies).
- Maladies, infections et intoxications, réactions allergiques, cutanées.
- Transmissibilité à l'homme de différentes formes de virus (Grippe, Covid..), de bactéries, de champignons, de parasites.";En cours;Aymeric LE MASNE DE CHERMONT;P2;Existante;"- Lavage des mains régulier pour se décontaminer et éviter de contaminer les autres ou utilisation de produit hydroalcoolique désinfectant (à utiliser sur main non souillées, ces solutions ne remplacent pas l’eau et le savon).
- En général pas de contact des mains souillées avec ses yeux, son nez, sa bouche.
- Port d’EPI adaptés à la situation (exemple dans le cas de retrait de nids de chenilles processionnaires : gants jetables, masques de protection respiratoire, combinaison).
- Pose de pièges à chenilles processionnaires écologiques sur les arbres.
- Bombes insecticides à disposition, traitement périodique du vide sanitaire sous le bâtiment vie, répulsif anti-moustique.
- Vestiaires, douches, matériel de lavage des vêtements (entretien régulier des sanitaires contrôle de la qualité de l’eau).
- Procédure en cas de symptômes (consultation d’un médecin, éloignement du lieu de travail).
- Eclairage à détection automatiques installés dans certains services (conseillé dans les salles d’eau).
- Rénovation des locaux d’hébergement.";;Aucune;;;
546;27;29;176;4. CROSS MED;CROSS MÉDITERRANÉE;La Garde-Aspretto;39;Risque sanitaire : transmission de maladies, infections, allergies.;"Exposition à des agents infectieux (bactéries*, virus*, champignons,parasites) ou allergènes (pollens, insectes..), transmis par contact avec l’environnement, les gens, les animaux, les insectes, la végétation (exemple lors de contact avec des personnes contaminées, des insectes, moisissures, animaux morts, des éléments souillés : poignée de porte, détritus divers, matières fécales).

* Analyse de situations d’expositions et impact épidémique (Ex : Angine, Grippe, Covid..) :
• Exposition par contact interpersonnel: risque de transmission directe par postillons contaminés émis par autrui :
      - Parler projette des postillons à environ 1,5 m,
      - Éternuer, tousser les projette à environ 3-5 m.
• Exposition par contact avec des surfaces contaminées : locaux de travail, matériels, produits : risque de transmission indirecte par manuportage (en se touchant le visage notamment le nez, la bouche, les yeux avec les mains).      
• Impact organisationnel (mode dégradé), associé à une restructuration de l’activité. Il est d’autant plus fort si la réorganisation se fait « à chaud », en réaction, et non sur la base d’une anticipation.";"- Symptômes respiratoires, (asthme, allergies).
- Maladies, infections et intoxications, réactions allergiques, cutanées.
- Transmissibilité à l'homme de différentes formes de virus (Grippe, Covid..), de bactéries, de champignons, de parasites.";A contrôler;Aymeric LE MASNE DE CHERMONT;P2;A proposer;"- Prévoir en l’absence de point d’eau sur site d’intervention : un jerrican d’eau, du savon et des essuie-mains à usage unique ou du produit hydroalcooliques désinfectant (les gels anti-bactérien ne remplacent pas l’eau et le savon).


- En période d'épidémie (grippe, Covid..), mise en application :

=> des consignes principales (hygiène des mains, mesures barrières, distanciation physique,…),


=> du plan de continuité d’activité (en fonction des différents niveaux),


=> du plan de reprise des activités et des procédures spécifiques définisant les mesures de protection (organisationnelles, collectives, individuelles..) à mettre en œuvre au sein des services en fonction des diverses activités afin de réduire la propagation du virus (ré-évaluation nécessaire des risques, en incluant les situations liées au Covid-19).


- Remontées des besoins en équipements et protections spécifiques.
";;Aucune;;;
548;29;31;325;4. CROSS MED;CROSS MÉDITERRANÉE;La Garde-Aspretto;39;Risque sanitaire : transmission de maladies, infections, allergies.;Contamination par ingestion accidentelle de bactéries, virus, parasites pathogènes alimentaires, lors de la prise de repas (par défaut d’hygiène : alimentaires, des locaux).;Infections (intoxication) alimentaires.;En cours;Aymeric LE MASNE DE CHERMONT;P2;Existante;"- Lavage des mains pour se décontaminer et éviter de contaminer les autres.
- Consommation eau minérale + respect des règles d’hygiène alimentaire (nettoyage, propreté).
- Établissements et locaux tenus dans un état d'hygiène et de salubrité nécessaires à la santé du personnel.
- Réalisations en cours des préconisations de la DDPP pour la cuisine de La Garde : mise en place de robinets à commande au genou, accès direct aux toilettes, achat de nouveaux frigos. ";;Aucune;;;
549;29;31;326;4. CROSS MED;CROSS MÉDITERRANÉE;La Garde-Aspretto;39;Risque sanitaire : transmission de maladies, infections, allergies.;Contamination par ingestion accidentelle de bactéries, virus, parasites pathogènes alimentaires, lors de la prise de repas (par défaut d’hygiène : alimentaires, des locaux).;Infections (intoxication) alimentaires.;En cours;Aymeric LE MASNE DE CHERMONT;P2;A proposer;"- Généralisation des glacières isothermes pour les repas en extérieur (respect de la température de conservation des aliments).


- Prévoir en l’absence de point d’eau sur site d’intervention : un jerrican d’eau, du savon et des essuie-mains à usage unique ou du produit hydroalcooliques désinfectant (les gels anti-bactérien ne remplacent pas l’eau et le savon).
- Finalisation des prescriptions de la DDPP";;Aucune;;;
550;90;90;179;4. CROSS MED;CROSS MÉDITERRANÉE;La Garde-Aspretto;39;Risque sanitaire : transmission de maladies, infections, allergies.;"Lors d’inhalation d’aérosols émis par la vapeur d’eau chaude sanitaire contaminée par des légionelles* au points d’usages. 
* Le risque de prolifération de la bactérie légionella pneumophila favorisé par une température de l’eau de 25° à 43° (installations d’eau chaude sanitaire, réserve stagnante, cumulus peu utilisés, bras morts.";La contamination bactérienne par les  voies respiratoires provoque la légionellose (pneumopathie pouvant  laisser des séquelles graves sur les plans cardiaques, respiratoires et musculaires et entraîner le décès).;En cours;Aymeric LE MASNE DE CHERMONT;P1;Existante;"Démarche préventive et curative réalisée sur certains sites.
";;Aucune;;;
551;90;90;180;4. CROSS MED;CROSS MÉDITERRANÉE;La Garde-Aspretto;39;Risque sanitaire : transmission de maladies, infections, allergies.;"Lors d’inhalation d’aérosols émis par la vapeur d’eau chaude sanitaire contaminée par des légionelles* au points d’usages. 
* Le risque de prolifération de la bactérie légionella pneumophila favorisé par une température de l’eau de 25° à 43° (installations d’eau chaude sanitaire, réserve stagnante, cumulus peu utilisés, bras morts.";La contamination bactérienne par les  voies respiratoires provoque la légionellose (pneumopathie pouvant  laisser des séquelles graves sur les plans cardiaques, respiratoires et musculaires et entraîner le décès).;En cours;Aymeric LE MASNE DE CHERMONT;P1;A proposer;"Démarche et consignes à généraliser :

- Préventive : 

=> vérifications des installations d’eau chaude sanitaire particulièrement si présence de bras morts et/ou peu utilisées,

=> éventuellement analyses de l’eau,

=> surveillance de la température de l’eau chaude sanitaire (45°C minimum en sortie de robinets, douches…),

=> laisser couler l’eau peu utilisés ou après une absence prolongée (pendant 1 minute avant utilisation),

=> détartrer et désinfecter régulièrement les embouts de robinetterie


- Curative : (choc thermique ,chlore).
";;Aucune;;;
552;91;87;327;4. CROSS MED;CROSS MÉDITERRANÉE;La Garde-Aspretto;39;Risque sanitaire : transmission de maladies, infections, allergies.;"Leptospirose* contractée en général lors d’une activité en relation avec un environnement contaminé : eaux , animaux porteurs, déjections de rongeurs, lieux humides.
*maladie bactérienne qui se transmet par contact avec les muqueuses (oeil, bouche, nez...) ou des plaies/égratignures.";Infection bénigne à grave.;En cours;Aymeric LE MASNE DE CHERMONT;P3;Existante;"- Campagnes de dératisation (Site du fort Sainte marguerite). 
- Lavage des mains pour se décontaminer et éviter de contaminer les autres.
- Port de gant jetables, masques respiratoire, lunettes de protection.
- Eviter tout contact des mains souillées avec ses yeux, son nez, sa bouche.
- Consultation de la fiche prévention sur l’intranet: http://intra.dram-mediterranee.i2/fichesprevention-a1644.html";;Aucune;;;
553;91;87;182;4. CROSS MED;CROSS MÉDITERRANÉE;La Garde-Aspretto;39;Risque sanitaire : transmission de maladies, infections, allergies.;"Leptospirose* contractée en général lors d’une activité en relation avec un environnement contaminé : eaux , animaux porteurs, déjections de rongeurs, lieux humides.
*maladie bactérienne qui se transmet par contact avec les muqueuses (oeil, bouche, nez...) ou des plaies/égratignures.";Infection bénigne à grave.;En cours;Aymeric LE MASNE DE CHERMONT;P3;A proposer;"- Consultation du MDP (renseignements sur la vaccination).


- Consulter les mesures individuelles de protection de la fiche prévention sur l’intranet.


- Limiter la pullulation des rongeurs.
";;Aucune;;;
554;92;104;183;4. CROSS MED;CROSS MÉDITERRANÉE;La Garde-Aspretto;39;Risque sanitaire : transmission de maladies, infections, allergies.;Manutention de métaux rouillés, de bois (échardes).;Tétanos, infections cutanées.;En cours;Aymeric LE MASNE DE CHERMONT;P2;Existante;"- Suivi du MDP : vaccination et rappels.


- Port des EPI (gants) et vêtements de travail adaptés, respect des consignes
";;Aucune;;;
555;92;104;328;4. CROSS MED;CROSS MÉDITERRANÉE;La Garde-Aspretto;39;Risque sanitaire : transmission de maladies, infections, allergies.;Manutention de métaux rouillés, de bois (échardes).;Tétanos, infections cutanées.;En cours;Aymeric LE MASNE DE CHERMONT;P2;A proposer;Vérification du suivi médical et vaccinations;;Aucune;;;
563;2;205;11;5. NAVIRE DCS;PATROUILLEUR GYPTIS;Secteur d'intervention du navire et de son équipage;2;Risque Biologique;SANS OBJET;"Ce risque est celui lié à l’exposition à des agents biologiques*présents dans les matières et matériaux (substances ou déchets infectieux, échantillons biologiques ou culture cellulaire..) manipulés principalement dans l’activité. 
*« Les agents biologiques regroupent tous les micro-organismes, y compris les micro-organismes génétiquement modifiés, les cultures cellulaires et les endoparasites humains susceptibles de provoquer une infection, une allergie ou une intoxication » (code du travail). Pour les risques sanitaires se reporter au risque 39.";-1;;0;Existante;AUCUNE / SANS OBJET;;Aucune;;;
564;164;77;630;5. NAVIRE DCS;PATROUILLEUR GYPTIS;Secteur d'intervention du navire et de son équipage;3;Risque Chimique;"Lors de travaux d'entretien et maintenance, nettoyage des locaux : Inhalation, contact cutané, ingestion accidentelle de produits toxiques* dû à de mauvaises conditions de protection, de traitement/manipulation, de stockage, de transport ou d’élimination.
*Agents chimiques Dangereux (à l’état solide, liquide ou gazeux) présents dans les : solvants, peintures, anti-rouille, acétone, acide chlorhydrique, résines, colles, fluides, diluants, dégraissants, peintures…";Irritation, intoxication, inhalations toxiques, infection, brûlure chimique, allergies.;En cours;GUY.F- LE GUILLOU.R;P2;Existante;"- Collecte et lecture des fiches données sécurité (FDS) : port des EPI recommandés, respect des consignes et vérification des compatibilités de stockage, recherche de produits de substitution.
- Lavage des mains pour se décontaminer et éviter de contaminer les autres.";;Aucune;;;
566;164;77;577;5. NAVIRE DCS;PATROUILLEUR GYPTIS;Secteur d'intervention du navire et de son équipage;3;Risque Chimique;"Lors de travaux d'entretien et maintenance, nettoyage des locaux : Inhalation, contact cutané, ingestion accidentelle de produits toxiques* dû à de mauvaises conditions de protection, de traitement/manipulation, de stockage, de transport ou d’élimination.
*Agents chimiques Dangereux (à l’état solide, liquide ou gazeux) présents dans les : solvants, peintures, anti-rouille, acétone, acide chlorhydrique, résines, colles, fluides, diluants, dégraissants, peintures…";Irritation, intoxication, inhalations toxiques, infection, brûlure chimique, allergies.;A contrôler;GUY.F- LE GUILLOU.R;P2;A proposer; Collecte et lecture des fiches données sécurité (FDS) : port des EPI recommandés, respect des consignes et vérification des compatibilités de stockage, recherche de produits de substitution, pour intégration dans le FPE. ;;Aucune;;;
567;315;116;628;5. NAVIRE DCS;PATROUILLEUR GYPTIS;Secteur d'intervention du navire et de son équipage;3;Risque Chimique;Inhalation de gaz dégagé par les batteries d'accumulateurs au gel lors de contrôle des éléments (peu probable mais possible).;Irritation, brûlures, inhalations toxiques.;En cours;GUY.F- LE GUILLOU.R;P3;Existante;"- Lavage des mains pour se décontaminer et éviter de contaminer les autres.
- Maintenance, manutention, remplacement de batteries d'accus (tx sous tension) réaliser par un prestataire sous contrat.
";;Aucune;;;
568;315;116;629;5. NAVIRE DCS;PATROUILLEUR GYPTIS;Secteur d'intervention du navire et de son équipage;3;Risque Chimique;Inhalation de gaz dégagé par les batteries d'accumulateurs au gel lors de contrôle des éléments (peu probable mais possible).;Irritation, brûlures, inhalations toxiques.;A planifier;GUY.F- LE GUILLOU.R;P3;A proposer;"- Laisser ventiler le local avant les contrôles.
- Collecte et lecture des fiches données sécurité (FDS) : port des EPI recommandés, respect des consignes et vérification des compatibilités de stockage, pour intégration dans la FPE.
Opérations possibles sur batteries/accus par un chargé d’intervention (BR) :
- Connexion/déconnexion circuit ouvert (hors charge, dans ce cas vérifier organe d’ouverture),
- Manutention uniquement bornes protégées contre les contacts direct.";;Aucune;;;
569;165;117;336;5. NAVIRE DCS;PATROUILLEUR GYPTIS;Secteur d'intervention du navire et de son équipage;3;Risque Chimique;"Lors du travail en salle des machines, présence de graisses, huiles, additif (Adblue), gas-oil (ex: lors des vidanges) salissures.
";"Irritation, intoxication, brûlures, inhalations toxiques.";En cours;GUY.F- LE GUILLOU.R;P3;Existante;"- Lecture FDS (toxicologie) Adblue, information, respect des consignes, port des EPI (recommandés dans les FDS).
- Lavage des mains pour se décontaminer et éviter de contaminer les autres.";;Aucune;;;
570;165;117;577;5. NAVIRE DCS;PATROUILLEUR GYPTIS;Secteur d'intervention du navire et de son équipage;3;Risque Chimique;"Lors du travail en salle des machines, présence de graisses, huiles, additif (Adblue), gas-oil (ex: lors des vidanges) salissures.
";"Irritation, intoxication, brûlures, inhalations toxiques.";A contrôler;GUY.F- LE GUILLOU.R;P3;A proposer; Collecte et lecture des fiches données sécurité (FDS) : port des EPI recommandés, respect des consignes et vérification des compatibilités de stockage, recherche de produits de substitution, pour intégration dans le FPE. ;;Aucune;;;
571;163;35;334;5. NAVIRE DCS;PATROUILLEUR GYPTIS;Secteur d'intervention du navire et de son équipage;4;Risque chimique lié à l'utilisation de produits CMR;"Lors de travaux d'entretien et de maintenance courante et lors de l'arrêt technique du PAM : Inhalation, contact cutané, ingestion accidentelle de produits CMR dû à de mauvaises conditions de protection, de traitement/manipulation, de stockage, de transport ou d’élimination (solvants, certaines peintures, hydrocarbures, GASOIL…). 
- Exposition aux hydrocarbures (tous types de moteurs thermiques) : stockage, transport, manipulation de carburant.";Cancer, altérations génétiques héréditaires, altérations de la fertilité.;En cours;GUY.F- LE GUILLOU.R;P2;Existante;"- Collecte et lecture des fiches données sécurité (FDS) GASOIL: identifications des divers dangers: port des EPI recommandés, respect des consignes et vérification des compatibilités de stockage.
- Lavage des mains pour se décontaminer et éviter de contaminer les autres.";;Aucune;;;
572;163;35;577;5. NAVIRE DCS;PATROUILLEUR GYPTIS;Secteur d'intervention du navire et de son équipage;4;Risque chimique lié à l'utilisation de produits CMR;"Lors de travaux d'entretien et de maintenance courante et lors de l'arrêt technique du PAM : Inhalation, contact cutané, ingestion accidentelle de produits CMR dû à de mauvaises conditions de protection, de traitement/manipulation, de stockage, de transport ou d’élimination (solvants, certaines peintures, hydrocarbures, GASOIL…). 
- Exposition aux hydrocarbures (tous types de moteurs thermiques) : stockage, transport, manipulation de carburant.";Cancer, altérations génétiques héréditaires, altérations de la fertilité.;A contrôler;GUY.F- LE GUILLOU.R;P2;A proposer; Collecte et lecture des fiches données sécurité (FDS) : port des EPI recommandés, respect des consignes et vérification des compatibilités de stockage, recherche de produits de substitution, pour intégration dans le FPE. ;;Aucune;;;
573;166;118;338;5. NAVIRE DCS;PATROUILLEUR GYPTIS;Secteur d'intervention du navire et de son équipage;5;Risque de brûlure thermique;Lors de la préparation des repas (plaques de cuisson, four, friteuse...).;Brûlures superficielles ou profondes, lésions oculaires;En cours;GUY.F- LE GUILLOU.R;P2;Existante;"- Respect des consignes, port des EPI (ex: gants anti-chaleur) indiqués sur les notices/manuels d'utilisation des fabricants d'équipements. 
- Utilisation des systèmes anti-roulis,
- Extincteur et couverture anti-feu à proximité.";;Aucune;;;
574;167;118;578;5. NAVIRE DCS;PATROUILLEUR GYPTIS;Secteur d'intervention du navire et de son équipage;5;Risque de brûlure thermique;Lors de ronde/travail en salle des machines, à proximité d’éléments chauds, rupture de tuyauteries.;Brûlures superficielles ou profondes, lésions oculaires;En cours;GUY.F- LE GUILLOU.R;P2;Existante;"- Information, respect des consignes, port des EPI.
- Parties chaudes calorifugées.";;Aucune;;;
575;167;118;579;5. NAVIRE DCS;PATROUILLEUR GYPTIS;Secteur d'intervention du navire et de son équipage;5;Risque de brûlure thermique;Lors de ronde/travail en salle des machines, à proximité d’éléments chauds, rupture de tuyauteries.;Brûlures superficielles ou profondes, lésions oculaires;A contrôler;GUY.F- LE GUILLOU.R;P2;A proposer;Danger points chauds : maintient en état des calorifuges.;;Aucune;;;
576;168;118;580;5. NAVIRE DCS;PATROUILLEUR GYPTIS;Secteur d'intervention du navire et de son équipage;5;Risque de brûlure thermique;"Lors de travaux d'entretien, maintenance, soudage, coups d'arc, piquage, meulage, tronçonnage : projection de particules.";Brûlures superficielles ou profondes, lésions oculaires;A contrôler;GUY.F- LE GUILLOU.R;P3;Existante;Information, permis de travail dangereux, respect des consignes port des EPI.;;Aucune;;;
577;169;111;581;5. NAVIRE DCS;PATROUILLEUR GYPTIS;Secteur d'intervention du navire et de son équipage;6;Risque électrique;"Travaux d'entretien, maintenance, connexions, déconnexions du matériel, des équipements électriques (Basse Tension en courant alternatif et continu), contrôle des sources autonomes (batteries, panneaux photovoltaïques).
Ex : connexions électriques (400 volts) patrouilleur sur le quai.";Electrocution (décés), électrisation: fibrillation, lésions internes ou externes. Brûlures par arc électrique, incendie, explosion.;En cours;GUY.F- LE GUILLOU.R;P2;Existante;"- Remplir un permis de travail dangereux avant de travailler sur une installation électrique.
- Maintenance, manutention, remplacement batteries d'accus (tx sous tension) réaliser par un prestataire sous contrat.
- La connectique des 6 panneaux photovoltaïques (sources d'énergie autonome) est conforme, nettoyage sans risque.";;Aucune;;;
578;169;111;582;5. NAVIRE DCS;PATROUILLEUR GYPTIS;Secteur d'intervention du navire et de son équipage;6;Risque électrique;"Travaux d'entretien, maintenance, connexions, déconnexions du matériel, des équipements électriques (Basse Tension en courant alternatif et continu), contrôle des sources autonomes (batteries, panneaux photovoltaïques).
Ex : connexions électriques (400 volts) patrouilleur sur le quai.";Electrocution (décés), électrisation: fibrillation, lésions internes ou externes. Brûlures par arc électrique, incendie, explosion.;En cours;GUY.F- LE GUILLOU.R;P1;A proposer;"- Les agents réalisant des interventions électriques doivent être habilités et porter leurs EPI lors des opérations (en complément une instruction permanente de sécurité peu faire l'objet d'un affichage).
- Vérifier et maintenir la signalisation du risque et des locaux réservés aux électriciens. 
Opérations possibles sur batteries / accus par un chargé d'intervention (BR) :
- Connexion / déconnexion circuit ouvert (hors charge, dans ce cas vérifier organe d'ouverture),
- Manutention uniquement bornes protégées contre les contacts direct.";;Aucune;;;
579;5;111;343;5. NAVIRE DCS;PATROUILLEUR GYPTIS;Secteur d'intervention du navire et de son équipage;6;Risque électrique;"- Contact direct (pièces nues sous tension accessibles) ou indirect (masses mises inopinément sous tension) accidentel dû à la défaillance du matériel, des équipements ou des installations électriques :
=> utilisation de matériel électrique non conforme : obsolète ou détérioré (fil dénudé, défaut d’isolation,…),
=> défaut de : conformité (ex : manque de continuité de liaison à la terre), matérialisation de la zone de voisinage, isolement des parties actives sur les installations et équipements.
- Mauvais usage (surcharge) de multiprises et prolongateurs.";Electrocution (décés), électrisation: fibrillation, lésions internes ou externes. Brûlures par arc électrique, incendie, explosion.;En cours;GUY.F- LE GUILLOU.R;P3;Existante;"- Vérification visuelle de l’état du matériel électrique (ex :prolongateurs) avant usage, signalement de l’état du matériel endommagé à la hiérarchie et remplacement.
- Acquisition de matériel conforme à la norme en vigueur, respect de la puissance maximale indiquée sur les prolongateurs et multiprises.
- Maintenance périodique des installations électriques.
- Remplir un permis de travail dangereux avant de travailler sur une installation électrique.
- Maintient des portes des tableaux et coffrets en position fermée.";;Aucune;;;
580;5;111;583;5. NAVIRE DCS;PATROUILLEUR GYPTIS;Secteur d'intervention du navire et de son équipage;6;Risque électrique;"- Contact direct (pièces nues sous tension accessibles) ou indirect (masses mises inopinément sous tension) accidentel dû à la défaillance du matériel, des équipements ou des installations électriques :
=> utilisation de matériel électrique non conforme : obsolète ou détérioré (fil dénudé, défaut d’isolation,…),
=> défaut de : conformité (ex : manque de continuité de liaison à la terre), matérialisation de la zone de voisinage, isolement des parties actives sur les installations et équipements.
- Mauvais usage (surcharge) de multiprises et prolongateurs.";Electrocution (décés), électrisation: fibrillation, lésions internes ou externes. Brûlures par arc électrique, incendie, explosion.;A planifier;GUY.F- LE GUILLOU.R;P3;A proposer;"- Habilitation électrique de tous les agents en lien avec leur fonction à bord du PAM.
- Suivi de la maintenance périodique et de la vérification du matériel normalisé.
- Opérations possibles sur batteries/accus par un chargé d’intervention (BR) :
=> Connexion/déconnexion circuit ouvert (hors charge),
=> Manutention uniquement bornes protégées contre les contacts direct.
";;12 mois;03/03/2024;;
581;300;120;584;5. NAVIRE DCS;PATROUILLEUR GYPTIS;Secteur d'intervention du navire et de son équipage;7;Risque explosion;Explosions suite à un incendie ou une fuite de gaz (O2 médical);Brûlures/blessures...;En cours;GUY.F- LE GUILLOU.R;P3;Existante;Information, exercices incendie réguliers.;;Aucune;;;
582;172;121;347;5. NAVIRE DCS;PATROUILLEUR GYPTIS;Secteur d'intervention du navire et de son équipage;7;Risque explosion;"Explosion dû au stockage de munitions à bord (arme à feu).";Brûlures/blessures et sauvegarde du navire;En cours;GUY.F- LE GUILLOU.R;P3;Existante;Conditionnement en armoire forte noyable.;;Aucune;;;
583;301;120;350;5. NAVIRE DCS;PATROUILLEUR GYPTIS;Secteur d'intervention du navire et de son équipage;7;Risque explosion;Court circuit sur circuit autonome (batteries entre deux pôles), très faible dégagement d’hydrogène lors de la charge.;Brûlures/blessures...;En cours;GUY.F- LE GUILLOU.R;P3;Existante;"Batterie :
- Maintient des portes (local batteries) fermées,
- ne pas porter d’éléments conducteurs (bracelet, montre, bague..)
- laisser reposer après la charge avant transport,
- charge dans un local suffisamment ventilé (voir norme et recommandations fabricant, FDS),
- outils de connections isolés (clefs, tournevis).";;Aucune;;;
584;301;120;585;5. NAVIRE DCS;PATROUILLEUR GYPTIS;Secteur d'intervention du navire et de son équipage;7;Risque explosion;Court circuit sur circuit autonome (batteries entre deux pôles), très faible dégagement d’hydrogène lors de la charge.;Brûlures/blessures...;A contrôler;GUY.F- LE GUILLOU.R;P3;A proposer;"Opérations possibles sur batteries/accus par un chargé d'intervention (BR) :
- Connexion/déconnexion circuit ouvert (hors charge),
- Manutention uniquement bornes protégées contre les contacts direct.";;Aucune;;;
585;173;11;349;5. NAVIRE DCS;PATROUILLEUR GYPTIS;Secteur d'intervention du navire et de son équipage;8;Risque Incendie;"Utilisation de produits inflammables, travail par points chaud lors de travaux d'entretien et maintenance (soudage, meulage, piquage, incendie salle des machines).";Brûlures légères à graves, dommages, lésions, décés.;En cours;GUY.F- LE GUILLOU.R;P2;Existante;"- Respect et maintien de la conformité incendie, information, respect des consignes.
- Remplir un permis de travail dangereux.
- Extincteur à proximité.
- Entraînement à la lutte contre le feu (exercice incendie).";;Aucune;;;
586;174;11;586;5. NAVIRE DCS;PATROUILLEUR GYPTIS;Secteur d'intervention du navire et de son équipage;8;Risque Incendie;"Court-circuit sur installation électrique, circuit autonome des batteries (accumulateurs à gel étanche) entre deux pôles, peu de dégagement d’hydrogène lors de la charge.
- Défaillance des équipements ou des intallations électriques.";Brûlures légères à graves, dommages, lésions, décés.;En cours;GUY.F- LE GUILLOU.R;P3;Existante;"- Ne pas porter d’éléments conducteurs (bracelet, montre, bague..),
- Charge dans un local suffisamment ventilé,
- Outils de connections isolés (clefs, tournevis).
- Vérification visuelle de l’état du matériel électrique (ex :prolongateurs) avant usage, signalement de l’état du matériel endommagé à la hiérarchie et remplacement.
- Acquisition de matériel conforme à la norme en vigueur, respect de la puissance maximale indiquée sur les prolongateurs et multiprises.
- Maintenance périodique des installations électriques.
- Maintient des portes des tableaux et coffrets en position fermée.";;Aucune;;;
587;174;11;585;5. NAVIRE DCS;PATROUILLEUR GYPTIS;Secteur d'intervention du navire et de son équipage;8;Risque Incendie;"Court-circuit sur installation électrique, circuit autonome des batteries (accumulateurs à gel étanche) entre deux pôles, peu de dégagement d’hydrogène lors de la charge.
- Défaillance des équipements ou des intallations électriques.";Brûlures légères à graves, dommages, lésions, décés.;A contrôler;GUY.F- LE GUILLOU.R;P3;A proposer;"Opérations possibles sur batteries/accus par un chargé d'intervention (BR) :
- Connexion/déconnexion circuit ouvert (hors charge),
- Manutention uniquement bornes protégées contre les contacts direct.";;Aucune;;;
588;302;26;587;5. NAVIRE DCS;PATROUILLEUR GYPTIS;Secteur d'intervention du navire et de son équipage;9;Risque Rayonnement Optiques Artificiels: DEL/Eclairage à forte luminance/Laser;Projecteurs LED ponts à forte luminance.;Conséquences d'un éblouissement (chute, trébuchement, manque de vigilance temporaire...);En cours;GUY.F- LE GUILLOU.R;P3;Existante;Réglettes d'éclairage intermédiaires (indirectes) installées en parties basses sur ponts. ;;Aucune;;;
589;175;122;352;5. NAVIRE DCS;PATROUILLEUR GYPTIS;Secteur d'intervention du navire et de son équipage;10;Risque lié à l'utilisation de produits pyrotechniques;Utilisation lance amarres, signaux de détresse.;Brûlures, lésions graves à légères.;En cours;GUY.F- LE GUILLOU.R;P3;Existante;Suivi du stock et enlèvement fusées périmées, information, respect des consignes, port des EPI.;;Aucune;;;
590;175;122;589;5. NAVIRE DCS;PATROUILLEUR GYPTIS;Secteur d'intervention du navire et de son équipage;10;Risque lié à l'utilisation de produits pyrotechniques;Utilisation lance amarres, signaux de détresse.;Brûlures, lésions graves à légères.;A planifier;GUY.F- LE GUILLOU.R;P3;A proposer;Choix du fournisseur incluant le reçyclage des fusées périmées;;Aucune;;;
591;176;123;354;5. NAVIRE DCS;PATROUILLEUR GYPTIS;Secteur d'intervention du navire et de son équipage;11;Risque lié à la manipulation d'outils;Lors de la préparation des repas (ustensiles de cuisine dangereux, tranchants).;Coupures, lésions.;En cours;GUY.F- LE GUILLOU.R;P3;Existante;"- Respect des consignes, port d’EPI.
- Utilisation des systèmes anti-roulis.";;Aucune;;;
592;177;124;590;5. NAVIRE DCS;PATROUILLEUR GYPTIS;Secteur d'intervention du navire et de son équipage;11;Risque lié à la manipulation d'outils;Lors de l’utilisation d’armes à feu sur stand de tir agréé sous convention.;"Dommages liés au maniement des armes : brûlures, blessure par balle, lésion oculaires, décès.";En cours;GUY.F- LE GUILLOU.R;P3;Existante;Information, respect de la note tchnique du 6 septembre 2019 relative à l'armement au sein des unités du dispositif de surveillance et de contrôle des affaires maritimes, port des EPI.;;Aucune;;;
593;303;125;452;5. NAVIRE DCS;PATROUILLEUR GYPTIS;Secteur d'intervention du navire et de son équipage;11;Risque lié à la manipulation d'outils;Lors de l'utilisation d'outil manuel ou électroportatif pour les travaux d'entretien, maintenance pont et machine.;Coupures, contusions, écrasement, lésion de la peau, atteintes oculaires.;En cours;GUY.F- LE GUILLOU.R;P3;Existante;"Port des EPI recommandés sur les notices fabricants, respect des consignes d’utilisation.";;Aucune;;;
594;303;125;356;5. NAVIRE DCS;PATROUILLEUR GYPTIS;Secteur d'intervention du navire et de son équipage;11;Risque lié à la manipulation d'outils;Lors de l'utilisation d'outil manuel ou électroportatif pour les travaux d'entretien, maintenance pont et machine.;Coupures, contusions, écrasement, lésion de la peau, atteintes oculaires.;A contrôler;GUY.F- LE GUILLOU.R;P3;A proposer;Proposition de lunettes de protection à correction de vue.;;Aucune;;;
598;179;19;357;5. NAVIRE DCS;PATROUILLEUR GYPTIS;Secteur d'intervention du navire et de son équipage;13;Risque lié aux fluides et équipements sous-pression ;"Lors de l’utilisation du nettoyeur haute pression";Lésions corporelles, superficielles ou profondes. ;En cours;GUY.F- LE GUILLOU.R;P3;Existante;"Port des EPI recommandés sur les notices fabricants, respect des consignes.";;Aucune;;;
599;179;19;592;5. NAVIRE DCS;PATROUILLEUR GYPTIS;Secteur d'intervention du navire et de son équipage;13;Risque lié aux fluides et équipements sous-pression ;"Lors de l’utilisation du nettoyeur haute pression";Lésions corporelles, superficielles ou profondes. ;A contrôler;GUY.F- LE GUILLOU.R;P3;A proposer;Une notice de poste par machine est recommandée.;;Aucune;;;
600;180;19;359;5. NAVIRE DCS;PATROUILLEUR GYPTIS;Secteur d'intervention du navire et de son équipage;13;Risque lié aux fluides et équipements sous-pression ;"Lors du travail ou des rondes en salle des machines, bossoir, rupture de tuyauterie (huile ou eau des moteurs) sous pression.";Lésions corporelles, superficielles ou profondes. ;En cours;GUY.F- LE GUILLOU.R;P3;Existante;Information, respect des consignes, port des EPI, surveillance de l’état du matériel.;;Aucune;;;
601;2;1;11;5. NAVIRE DCS;PATROUILLEUR GYPTIS;Secteur d'intervention du navire et de son équipage;14;Risque lié aux gestes répétitifs;SANS OBJET;SANS OBJET;-1;0;0;Existante;AUCUNE / SANS OBJET;;Aucune;;;
602;181;126;360;5. NAVIRE DCS;PATROUILLEUR GYPTIS;Secteur d'intervention du navire et de son équipage;15;Risque lié aux postures de travail;"Mouvements répétés et parfois violents du navire/annexe imposés par les mouvements de la mer : roulis ou tangage";"Douleurs musculaires, lombalgies, traumatismes articulaires (genoux, hanches).";En cours;GUY.F- LE GUILLOU.R;P3;Existante;"- Adapter autant que faire se peut, la vitesse et la route du navire/annexe.
- Fauteuils ""suspendus""en passerelle.";;Aucune;;;
603;182;127;361;5. NAVIRE DCS;PATROUILLEUR GYPTIS;Secteur d'intervention du navire et de son équipage;15;Risque lié aux postures de travail;Lors de travaux d'entretien, maintenance, maniement de charges, risque de mauvaise posture.;Douleurs dorso-lombaire, tendinites, maladies professionnelle.;En cours;GUY.F- LE GUILLOU.R;P3;Existante;Information sur le risque.;;Aucune;;;
604;182;127;593;5. NAVIRE DCS;PATROUILLEUR GYPTIS;Secteur d'intervention du navire et de son équipage;15;Risque lié aux postures de travail;Lors de travaux d'entretien, maintenance, maniement de charges, risque de mauvaise posture.;Douleurs dorso-lombaire, tendinites, maladies professionnelle.;A contrôler;GUY.F- LE GUILLOU.R;P3;A proposer;Au besoin dotation en harnais de force (prévention protection lombaires) voir avec le CP.;;Aucune;;;
605;304;128;594;5. NAVIRE DCS;PATROUILLEUR GYPTIS;Secteur d'intervention du navire et de son équipage;16;Risque lié aux rayonnements ionisants et non ionisants (électromagnétiques);Exposition accidentelle aux rayonnements électromagnétiques du radar sur le toit de la timonerie ou dans la mâture.;Possibilité d’effets à long terme et aléatoires.;En cours;GUY.F- LE GUILLOU.R;P3;Existante;Radar stoppées avant accès sur le toit de la timonerie;;Aucune;;;
607;184;130;365;5. NAVIRE DCS;PATROUILLEUR GYPTIS;Secteur d'intervention du navire et de son équipage;17;Risque manutention manuelle;"Port de charges diverses lors de travaux d'entretien, maintenance, avitaillement (bidons d’huiles, etc..).";"Douleurs dorso-lombaire, tendinites, contusions, coincement, écrasement.";En cours;GUY.F- LE GUILLOU.R;P3;Existante;"- Information, respect des consignes, port des EPI.
- Fractionnement des charges dans la mesure du possible.";;Aucune;;;
608;184;130;595;5. NAVIRE DCS;PATROUILLEUR GYPTIS;Secteur d'intervention du navire et de son équipage;17;Risque manutention manuelle;"Port de charges diverses lors de travaux d'entretien, maintenance, avitaillement (bidons d’huiles, etc..).";"Douleurs dorso-lombaire, tendinites, contusions, coincement, écrasement.";A planifier;GUY.F- LE GUILLOU.R;P3;A proposer;"- Etude du conditionnement à la commande. 
- Au besoin dotation en harnais de force (prévention protection lombaires) voir avec le CP.";;Aucune;;;
609;185;198;596;5. NAVIRE DCS;PATROUILLEUR GYPTIS;Secteur d'intervention du navire et de son équipage;17;Risque manutention manuelle;"Amarrage/largage : manutention des aussières.";Douleurs dorso-lombaire, coincement, écrasement, entraînement accidentel.;En cours;GUY.F- LE GUILLOU.R;P2;Existante;Information, respect des consignes (surveillance mutuelle), port des EPI;;Aucune;;;
610;185;198;593;5. NAVIRE DCS;PATROUILLEUR GYPTIS;Secteur d'intervention du navire et de son équipage;17;Risque manutention manuelle;"Amarrage/largage : manutention des aussières.";Douleurs dorso-lombaire, coincement, écrasement, entraînement accidentel.;A contrôler;GUY.F- LE GUILLOU.R;P2;A proposer;Au besoin dotation en harnais de force (prévention protection lombaires) voir avec le CP.;;Aucune;;;
611;186;129;598;5. NAVIRE DCS;PATROUILLEUR GYPTIS;Secteur d'intervention du navire et de son équipage;17;Risque manutention manuelle;Mouillage/relevage de l'ancre.;Coincement, écrasement, entraînement accidentel, projection de poussière dans les yeux.;En cours;GUY.F- LE GUILLOU.R;P3;Existante;Information, respect des consignes, port des EPI.;;Aucune;;;
613;187;131;597;5. NAVIRE DCS;PATROUILLEUR GYPTIS;Secteur d'intervention du navire et de son équipage;17;Risque manutention manuelle;Remorquage/ prise de remorque. ;Douleurs dorso-lombaire, coincement, écrasement, entraînement accidentel. Heurt du fait de la rupture de la remorque;En cours;GUY.F- LE GUILLOU.R;P3;Existante;Information, respect des consignes, port des EPI. Ligne de vie et harnais par mauvaise conditions météo.;;Aucune;;;
615;188;199;598;5. NAVIRE DCS;PATROUILLEUR GYPTIS;Secteur d'intervention du navire et de son équipage;17;Risque manutention manuelle;"Manipulation des caisses de poissons lors des contrôles.";Douleurs dorso-lombaire, contusions, coincement, écrasement.;En cours;GUY.F- LE GUILLOU.R;P3;Existante;Information, respect des consignes, port des EPI.;;Aucune;;;
616;188;199;593;5. NAVIRE DCS;PATROUILLEUR GYPTIS;Secteur d'intervention du navire et de son équipage;17;Risque manutention manuelle;"Manipulation des caisses de poissons lors des contrôles.";Douleurs dorso-lombaire, contusions, coincement, écrasement.;A contrôler;GUY.F- LE GUILLOU.R;P3;A proposer;Au besoin dotation en harnais de force (prévention protection lombaires) voir avec le CP.;;Aucune;;;
619;190;132;598;5. NAVIRE DCS;PATROUILLEUR GYPTIS;Secteur d'intervention du navire et de son équipage;18;Risque manutention mécanique et au levage;"Mise à l'eau / embarquement de l'annexe.";Tous dommages liés au heurt par une masse en mouvement (annexe, grue, croc);En cours;GUY.F- LE GUILLOU.R;P2;Existante;Information, respect des consignes, port des EPI.;;Aucune;;;
621;305;133;598;5. NAVIRE DCS;PATROUILLEUR GYPTIS;Secteur d'intervention du navire et de son équipage;18;Risque manutention mécanique et au levage;Débarquement, embarquement radeaux de suivie.;"Ecchymose, fractures, traumatismes crâniens, séquelles pouvant être importantes.";En cours;GUY.F- LE GUILLOU.R;P3;Existante;Information, respect des consignes, port des EPI.;;Aucune;;;
623;192;134;599;5. NAVIRE DCS;PATROUILLEUR GYPTIS;Secteur d'intervention du navire et de son équipage;18;Risque manutention mécanique et au levage;"Risques de collision avec un engin de manutention lors des contrôles sur les navires (panneau chalutiers, chariot élévateurs) ou les structures à terre.";Tous dommages liés au heurt par une masse en mouvement.;En cours;GUY.F- LE GUILLOU.R;P2;Existante;Information, respect des consignes, vigilance, port des EPI.;;Aucune;;;
624;193;199;377;5. NAVIRE DCS;PATROUILLEUR GYPTIS;Secteur d'intervention du navire et de son équipage;19;Risque mécanique;Virage des engins de pêche avec vire filet.;Douleurs dorso-lombaire, contusions, coincement, écrasement.;En cours;GUY.F- LE GUILLOU.R;P3;Existante;"- Information, respect des consignes, port des EPI.
- Surveillance mutuelle.";;Aucune;;;
625;194;135;378;5. NAVIRE DCS;PATROUILLEUR GYPTIS;Secteur d'intervention du navire et de son équipage;19;Risque mécanique;Lors de rondes ou travail en salle des machines.;"Entraînement accidentel par pièces mobiles des moteurs (courroie, arbre d’entraînement…), écrasement.";En cours;GUY.F- LE GUILLOU.R;P3;Existante;"Protection des organes en mouvement par des carters (dispositifs de protection) et vigilance.";;Aucune;;;
627;306;96;600;5. NAVIRE DCS;PATROUILLEUR GYPTIS;Secteur d'intervention du navire et de son équipage;20;Risque d'asphyxie;Opérations de maintenance et de contrôle d’espaces clos visitables tels que caisses et soutes, où peuvent se produire des émissions de monoxyde de carbone.;Asphyxie et autres dommages liés à l’excès de CO (monoxyde de carbone).;En cours;GUY.F- LE GUILLOU.R;P3;Existante;Espaces clos repérés et fermés, respect des consignes, permis de travail dangereux.;;Aucune;;;
628;306;96;601;5. NAVIRE DCS;PATROUILLEUR GYPTIS;Secteur d'intervention du navire et de son équipage;20;Risque d'asphyxie;Opérations de maintenance et de contrôle d’espaces clos visitables tels que caisses et soutes, où peuvent se produire des émissions de monoxyde de carbone.;Asphyxie et autres dommages liés à l’excès de CO (monoxyde de carbone).;A planifier;GUY.F- LE GUILLOU.R;P3;A proposer;"- Acquisition d’un détecteur monogaz (monoxyde de carbone).
- Avant opérations de visite espaces clos : ventilation, contrôle des teneurs en monoxyde de carbone, balisage.
- Pendant opérations de visite espaces clos : conserver ventilation, surveillant extérieur, limitation de durée.";;12 mois;30/08/2023;;
629;307;137;602;5. NAVIRE DCS;PATROUILLEUR GYPTIS;Secteur d'intervention du navire et de son équipage;21;Risque de chute d'objet;Lors de la mise à l'eau / embarquement de l'annexe (chute du matériel de contrôle embarqué).;Lésions corporelles de graves à légères.;En cours;GUY.F- LE GUILLOU.R;P3;Existante;Information, respect des consignes (se tenir en retrait de la zone de manoeuvre, sanglage et arrimage du matériel), port des EPI.;;Aucune;;;
631;308;137;384;5. NAVIRE DCS;PATROUILLEUR GYPTIS;Secteur d'intervention du navire et de son équipage;21;Risque de chute d'objet;En cas de mouvements répétés et parfois violents du navire/annexe imposés par les mouvements de la mer : roulis ou tangage.;Lésions corporelles de graves à légères.;En cours;GUY.F- LE GUILLOU.R;P3;Existante;"-Utilisation des systèmes anti-roulis.
-Stockage organisé (calage, pas de charge en hauteur..)";;Aucune;;;
632;196;137;604;5. NAVIRE DCS;PATROUILLEUR GYPTIS;Secteur d'intervention du navire et de son équipage;22;Risque de chute de hauteur et de plain pied;Débarquement, embarquement des canots de survie.;Lésions corporelles de graves à légères.;En cours;GUY.F- LE GUILLOU.R;P3;Existante;Opération réalisée par un prestataire.;;Aucune;;;
634;309;137;603;5. NAVIRE DCS;PATROUILLEUR GYPTIS;Secteur d'intervention du navire et de son équipage;22;Risque de chute de hauteur et de plain pied;Embarquement/débarquement dans l'annexe.;Lésions corporelles de graves à légères.;En cours;GUY.F- LE GUILLOU.R;P2;Existante;Respect des consignes, port des EPI;;Aucune;;;
636;310;137;387;5. NAVIRE DCS;PATROUILLEUR GYPTIS;Secteur d'intervention du navire et de son équipage;22;Risque de chute de hauteur et de plain pied;Lors de travaux d'entretien et de maintenance, rondes, déplacements à bord, contrôles à terre, arrêt technique.;Lésions corporelles de graves à légères.;En cours;GUY.F- LE GUILLOU.R;P3;Existante;"-Information, respect des consignes, port des EPI.
-Mise en place de protection au niveau de la plage arrière bâbord et à l'étrave.";;Aucune;;;
638;311;137;605;5. NAVIRE DCS;PATROUILLEUR GYPTIS;Secteur d'intervention du navire et de son équipage;22;Risque de chute de hauteur et de plain pied;Travaux de mature, sur le toit de la timonerie.;Lésions corporelles de graves à légères.;En cours;GUY.F- LE GUILLOU.R;P3;Existante;Information permis de travail dangereux, respect des consignes : port des EPI de travaux en hauteur (harnais, sangle crochets...), point d'ancrages.;;Aucune;;;
639;311;137;606;5. NAVIRE DCS;PATROUILLEUR GYPTIS;Secteur d'intervention du navire et de son équipage;22;Risque de chute de hauteur et de plain pied;Travaux de mature, sur le toit de la timonerie.;Lésions corporelles de graves à légères.;A contrôler;GUY.F- LE GUILLOU.R;P3;A proposer;Vérification avant et après usage des EPI travaux en hauteur et des points d’ancrages, respect des conditions de stockages de ces EPI et choix de la taille la mieux adaptée.;;Aucune;;;
640;199;137;391;5. NAVIRE DCS;PATROUILLEUR GYPTIS;Secteur d'intervention du navire et de son équipage;22;Risque de chute de hauteur et de plain pied;Accès à la salle des machines ou à tout autre niveau inférieur par les échelles, risque de glissades pour cause de roulis ou de présence de gas-oil, d'huile renversés sur le sol.;Lésions corporelles de graves à légères.;En cours;GUY.F- LE GUILLOU.R;P2;Existante;"- Signalisation,
- maintient des échelles en bon état de propreté,
- port de chaussures de sécurité avec semelles antidérapantes.";;Aucune;;;
641;312;137;598;5. NAVIRE DCS;PATROUILLEUR GYPTIS;Secteur d'intervention du navire et de son équipage;22;Risque de chute de hauteur et de plain pied;Intervention sur les feux de navigation (ailerons passerelle);Lésions corporelles de graves à légères.;En cours;GUY.F- LE GUILLOU.R;P3;Existante;Information, respect des consignes, port des EPI.;;Aucune;;;
642;235;137;633;5. NAVIRE DCS;PATROUILLEUR GYPTIS;Secteur d'intervention du navire et de son équipage;22;Risque de chute de hauteur et de plain pied;"Embarquement / débarquement / accostage des navires contrôlés : utilisation des échelles de quai.";Lésions corporelles de graves à légères.;En cours;GUY.F- LE GUILLOU.R;P2;Existante;Information, port des EPI;;Aucune;;;
643;200;138;634;5. NAVIRE DCS;PATROUILLEUR GYPTIS;Secteur d'intervention du navire et de son équipage;23;Risque de noyade;"Opération de contrôle des pêches : utilisation de l'annexe, utilisation d’échelle de quai ou accostage.";Chute à la mer : hydrocution, hypothermie, lésions cérébrales, pulmonaires, problèmes cardiaques, décès.;En cours;GUY.F- LE GUILLOU.R;P2;Existante;Respect des consignes, port de EPI.;;Aucune;;;
645;317;138;635;5. NAVIRE DCS;PATROUILLEUR GYPTIS;Secteur d'intervention du navire et de son équipage;23;Risque de noyade;Lors des différentes manœuvres et opérations sur aires de manœuvres;Chute à la mer : hydrocution, hypothermie, lésions cérébrales, pulmonaires, problèmes cardiaques, décès.;En cours;GUY.F- LE GUILLOU.R;P2;Existante;Respect des consignes, ligne de vie par mauvais temps et port des EPI.;;Aucune;;;
649;203;138;400;5. NAVIRE DCS;PATROUILLEUR GYPTIS;Secteur d'intervention du navire et de son équipage;23;Risque de noyade;Voie d'eau (collision, choc avec élément extérieur sur coque ou rupture de vanne).;Chute à la mer : hydrocution, hypothermie, lésions cérébrales, pulmonaires, problèmes cardiaques, décès.;En cours;GUY.F- LE GUILLOU.R;P2;Existante;Maintien en état de conformité du navire, formation du personnel de quart passerelle, respect des consignes, port des équipements individuels de sauvetage si abandon du navire, formation de l'équipage aux Techniques Individuelles de Survie ;;Aucune;;;
657;206;141;405;5. NAVIRE DCS;PATROUILLEUR GYPTIS;Secteur d'intervention du navire et de son équipage;24;Risque lié à l'ambiance thermique;"- Lors du contrôle des pêches à terre, contrôle à bord, magasins de marée et GMS,
- Lors d’inspections de chambres froides ou cales réfrigérées, alternance températures extrêmes.";Engelures, gerçures liées au froid, choc thermique.;En cours;GUY.F- LE GUILLOU.R;P3;Existante;Respect des consignes, port des EPI;;Aucune;;;
659;207;71;407;5. NAVIRE DCS;PATROUILLEUR GYPTIS;Secteur d'intervention du navire et de son équipage;24;Risque lié à l'ambiance thermique;"Travail en extérieur dans des conditions de températures extrêmes (hiver / été).";Engelures, gerçures, hypothermie / hyperthermie, malaise, insolation, déshydratation.;En cours;GUY.F- LE GUILLOU.R;P3;Existante;"- Ports de vêtement de travail adaptés fournis par le service: bonnet, veste, gants, casquette…
- Hydratation régulière, boissons chaudes.
- Dispositions adaptées en fonction des conditions climatiques.";;Aucune;;;
660;72;72;408;5. NAVIRE DCS;PATROUILLEUR GYPTIS;Secteur d'intervention du navire et de son équipage;24;Risque lié à l'ambiance thermique;Exposition prolongée et intense au soleil (éblouissement, rayonnement solaire, réflexion sur la mer).;Cancer de la peau, brûlures, mélanomes, lésions oculaires.;En cours;GUY.F- LE GUILLOU.R;P3;Existante;Protection de la peau à l'aide de crème écran total, port d'une casquette, lunettes protection UV conformes et adaptées.;;Aucune;;;
662;208;140;410;5. NAVIRE DCS;PATROUILLEUR GYPTIS;Secteur d'intervention du navire et de son équipage;24;Risque lié à l'ambiance thermique;Travail / rondes en salle des machines.;Déshydratation, coup de chaleur.;En cours;GUY.F- LE GUILLOU.R;P2;Existante;Information, limiter le temps d'exposition, ventilation de la zone, hydratation régulière.;;Aucune;;;
663;160;142;147;5. NAVIRE DCS;PATROUILLEUR GYPTIS;Secteur d'intervention du navire et de son équipage;25;Risque lié à l'éclairage;Déplacements ou travail dans une zone mal éclairée.;Lésions corporelles de graves à légères et dommages liés à une chute à la mer.;En cours;GUY.F- LE GUILLOU.R;P3;Existante;Lampe de poche (frontale à privilégier) avec piles de remplacement (indispensable dans la dotation).;;Aucune;;;
664;209;143;608;5. NAVIRE DCS;PATROUILLEUR GYPTIS;Secteur d'intervention du navire et de son équipage;26;Risque lié à la qualité de l'air;"Exposition aux gaz d’échappement des moteurs diesel de propulsion lors des manœuvres et patrouilles en mer.";"-Gène, affection respiratoire, maux de têtes, vomissements,
-Développement de cancer possible.";En cours;GUY.F- LE GUILLOU.R;P3;Existante;"- Information aux agents, 
- Révision périodique des moteurs,
- MPX et GE conformes à la norme IMO Tier III";;Aucune;;;
666;210;144;414;5. NAVIRE DCS;PATROUILLEUR GYPTIS;Secteur d'intervention du navire et de son équipage;26;Risque lié à la qualité de l'air;Entraînement au tir.;"Inhalation de fumées toxiques et absorption de particules de plomb.";En cours;GUY.F- LE GUILLOU.R;P3;Existante;Information, respect des consignes, ventilation du local.;;Aucune;;;
669;318;76;611;5. NAVIRE DCS;PATROUILLEUR GYPTIS;Secteur d'intervention du navire et de son équipage;27;Risque lié au bruit;"Environnement bruyant* lors des rondes en salle des machines..
*Au delà du seuil d'exposition sonore: quotidien (superieur à 85 dB(a)) ou niveau de pression acoustique de crête (bruit intenses mais courts).";Hypoacousie de perception par lésion cochléaire irréversible, accompagnée ou non d’acouphènes.;En cours;GUY.F- LE GUILLOU.R;P2;Existante;"- Mesure bruit hors salle des machines conformes à la résolution. A468 XII°de l'OMI réalisées lors des essais mer 02/22 (rapport n°NVS-19018-R4-A).
- Information, respect des consignes, port des EPI.
- Pictogramme de protection contre le bruit affichés sur les portes d'accès aux locaux machines.";;Aucune;;;
670;318;76;610;5. NAVIRE DCS;PATROUILLEUR GYPTIS;Secteur d'intervention du navire et de son équipage;27;Risque lié au bruit;"Environnement bruyant* lors des rondes en salle des machines..
*Au delà du seuil d'exposition sonore: quotidien (superieur à 85 dB(a)) ou niveau de pression acoustique de crête (bruit intenses mais courts).";Hypoacousie de perception par lésion cochléaire irréversible, accompagnée ou non d’acouphènes.;A contrôler;GUY.F- LE GUILLOU.R;P2;A proposer;Dotation en casque anti-bruit, évaluer les besoins en protections individuelles moulées.;;Aucune;;;
671;211;76;609;5. NAVIRE DCS;PATROUILLEUR GYPTIS;Secteur d'intervention du navire et de son équipage;27;Risque lié au bruit;"Environnement bruyant* lors d'entraînement au tir.
*Au delà du seuil d’ exposition sonore: quotidien (supérieur à 85 dB(a)) ou niveau de pression acoustique de crête (bruit intenses mais courts).";Hypoacousie de perception par lésion cochléaire irréversible, accompagnée ou non d’acouphènes.;En cours;GUY.F- LE GUILLOU.R;P3;Existante;Respect des consignes, port des protections auditives.;;Aucune;;;
672;212;145;417;5. NAVIRE DCS;PATROUILLEUR GYPTIS;Secteur d'intervention du navire et de son équipage;28;Risque lié au travail sur écran;"Mauvaise ergonomie du poste (reflets sur écran, éclairage et siège inapproprié, écran mal placé, …) lors de ces situations :
-Travail sur écran plusieurs heures au cours de la journées pour l'exécution de tâches administratives.
-Détection, veille, quart en passerelle sur écran de navigation et radar.";"- Fatigue visuelle (maux de tête, picotements, rougeurs et lourdeur des globes oculaires, assèchement de l’œil).
- Troubles musculo-squelettiques ( poignets, nuque, épaules, région lombaire)";En cours;GUY.F- LE GUILLOU.R;P3;Existante;Pauses régulières, alternance des tâches.;;Aucune;;;
673;212;145;612;5. NAVIRE DCS;PATROUILLEUR GYPTIS;Secteur d'intervention du navire et de son équipage;28;Risque lié au travail sur écran;"Mauvaise ergonomie du poste (reflets sur écran, éclairage et siège inapproprié, écran mal placé, …) lors de ces situations :
-Travail sur écran plusieurs heures au cours de la journées pour l'exécution de tâches administratives.
-Détection, veille, quart en passerelle sur écran de navigation et radar.";"- Fatigue visuelle (maux de tête, picotements, rougeurs et lourdeur des globes oculaires, assèchement de l’œil).
- Troubles musculo-squelettiques ( poignets, nuque, épaules, région lombaire)";A contrôler;GUY.F- LE GUILLOU.R;P3;A proposer;Etude de l'ergonomie des postes de travail sur écran au besoin.;;Aucune;;;
674;213;146;613;5. NAVIRE DCS;PATROUILLEUR GYPTIS;Secteur d'intervention du navire et de son équipage;29;Risque lié aux conditions de travail particulières (horaires décalés, astreinte..);Risque hyperbare lors de plongée d’entraînement ou d'intervention;Ostéonécrose aseptique, otite, hypoacousie, embolie gazeuse traumatique, prurits, maladies de décompression, hypothermie, noyade.;En cours;GUY.F- LE GUILLOU.R;P3;Existante;"- Suivi médical régulier, stages de recyclage, entraînement régulier, respect de la réglementation hyperbare, et des tables de décompression.
- Une annexe équipée d'une bouée de type silzig est à l'eau lorsque le navire est en mer ou parée à être mise à l'eau lorsque le navire est à quai, lors d’intervention en milieu hyperbare exécuté avec immersion.";;Aucune;;;
675;214;147;637;5. NAVIRE DCS;PATROUILLEUR GYPTIS;Secteur d'intervention du navire et de son équipage;29;Risque lié aux conditions de travail particulières (horaires décalés, astreinte..);"- Horaires décalés, ou atypiques.
- Éloignement en mer.";Risques psychosociaux, troubles du rythme biologique, dommages corporels.;En cours;GUY.F- LE GUILLOU.R;P3;Existante;"- Respect des règlements en vigueur et du cadrage ARTT des agents affectés à bord des patrouilleurs des affaires maritimes.
- Moyens nécessaires pour assurer les premiers secours des agents (médical 1 et 2) et les autres seront formés aux PSC1.
- Défibrillateur installé à bord.";;Aucune;;;
676;214;147;616;5. NAVIRE DCS;PATROUILLEUR GYPTIS;Secteur d'intervention du navire et de son équipage;29;Risque lié aux conditions de travail particulières (horaires décalés, astreinte..);"- Horaires décalés, ou atypiques.
- Éloignement en mer.";Risques psychosociaux, troubles du rythme biologique, dommages corporels.;A planifier;GUY.F- LE GUILLOU.R;P3;A proposer;"- A terme tous l'équipage devra être formé à minima au PSE1,
- Reçyclages réguliers conseillés,
- Assurer la maintenance batterie du défibrilateur. ";;Aucune;;;
678;217;148;423;5. NAVIRE DCS;PATROUILLEUR GYPTIS;Secteur d'intervention du navire et de son équipage;31;Risque lié aux interventions isolées;"Ronde et déplacement sur le pont par mauvais temps.";Tous ceux liés au fait que l’agent ne dispose pas de la possibilité de recours en cas d’aléas, d’accident ou de malaise (les risques sont cumulés lors de cette activité).;En cours;GUY.F- LE GUILLOU.R;P2;Existante;Surveillance visuelle et par l'intermédiaire de caméras, port chaussures à semelles antidérapantes et du gilet auto-gonflant, respect de l’ordre de service, signalement début et fin de ronde auprès du chef de quart, harnais et ligne de vie.;;Aucune;;;
679;216;148;424;5. NAVIRE DCS;PATROUILLEUR GYPTIS;Secteur d'intervention du navire et de son équipage;31;Risque lié aux interventions isolées;Ronde en salle des machines.;Tous ceux liés au fait que l’agent ne dispose pas de la possibilité de recours en cas d’aléas, d’accident ou de malaise (les risques sont cumulés lors de cette activité).;En cours;GUY.F- LE GUILLOU.R;P2;Existante;"- Surveillance visuelle et par l'intermédiaire de caméras. 
- Les consignes générales sont évoquées dans l'ordre de service.";;Aucune;;;
681;218;149;617;5. NAVIRE DCS;PATROUILLEUR GYPTIS;Secteur d'intervention du navire et de son équipage;32;Risque lié aux vibrations;Vibrations régulièrement transmises à l’ensemble du corps du personnel à bord du PAM moteur lancés.;Apparition de troubles musculo-squelettiques et vasculaires.;Clôturée;GUY.F- LE GUILLOU.R;P3;Existante;Mesures vibrations conforme à la réglementation (décret 2005-748 < 0,5m/s²) réalisées lors des essais mer 02/22 (rapport n° NVS-19018-R4-A).;;Aucune;;;
683;219;149;455;5. NAVIRE DCS;PATROUILLEUR GYPTIS;Secteur d'intervention du navire et de son équipage;32;Risque lié aux vibrations;Vibrations transmises à l’ensemble du corps des agents à bord de l’annexe.;Apparition de troubles musculo-squelettiques et vasculaires.;En cours;GUY.F- LE GUILLOU.R;P2;Existante;Utilisation des moteurs principaux en utilisant si possible l'allure où les vibrations se font le moins ressentir.;;Aucune;;;
684;219;149;618;5. NAVIRE DCS;PATROUILLEUR GYPTIS;Secteur d'intervention du navire et de son équipage;32;Risque lié aux vibrations;Vibrations transmises à l’ensemble du corps des agents à bord de l’annexe.;Apparition de troubles musculo-squelettiques et vasculaires.;En cours;GUY.F- LE GUILLOU.R;P2;A proposer;Exposition à intégrer dans la FPE, ré-évaluer par rapport aux résultats des mesures réalisées.;;Aucune;;;
685;220;150;429;5. NAVIRE DCS;PATROUILLEUR GYPTIS;Secteur d'intervention du navire et de son équipage;33;Risques psychosociaux (RPS);Promiscuité. ;Tensions au sein de l’équipage, stress et agressivité;En cours;GUY.F- LE GUILLOU.R;P3;Existante;Écoute et communication.;;Aucune;;;
686;221;151;430;5. NAVIRE DCS;PATROUILLEUR GYPTIS;Secteur d'intervention du navire et de son équipage;33;Risques psychosociaux (RPS);Surcharge de travail, objectifs insuffisamment définis, éventuelles relations difficiles avec la hiérarchie, manque d’autonomie, mauvaise qualité des rapports sociaux et des relations de travail.;Troubles physiques, psychologiques : surcharge mentale, stress, dépression nerveuse, psychopathologies.;En cours;GUY.F- LE GUILLOU.R;P3;Existante;"- Écoute et communication, suivi médical du MDP et permanence ASS, groupe de coordination médico-social.
- Mise en œuvre d’un plan d’évaluation et de prévention des RPS dans le cadre du plan national d’action, plan d’actions en cours.";;Aucune;;;
688;222;158;432;5. NAVIRE DCS;PATROUILLEUR GYPTIS;Secteur d'intervention du navire et de son équipage;34;Risque agression / agressivité lié au contact avec l'extérieur;"Agressions verbales et/ou physiques des usagers lors des contrôles.";Blessures physiques ou psychiques des personnes concernées. ;En cours;GUY.F- LE GUILLOU.R;P2;Existante;"-Information, procédure interne de signalement des agressions (DCS), fiche réflexes agressions (MTES) et circulaire du 2/11/2020 et du 9/02/2018.
- Entraînement des agents à l’usage des armes.
- Référent arme au sein de l’équipage.";;Aucune;;;
689;222;158;619;5. NAVIRE DCS;PATROUILLEUR GYPTIS;Secteur d'intervention du navire et de son équipage;34;Risque agression / agressivité lié au contact avec l'extérieur;"Agressions verbales et/ou physiques des usagers lors des contrôles.";Blessures physiques ou psychiques des personnes concernées. ;En cours;GUY.F- LE GUILLOU.R;P2;A proposer;"- Remontées des incidents systématiques. 
- Circulaire du 2/11/2020 (à spécifier au CP) ";;Aucune;;;
690;223;201;434;5. NAVIRE DCS;PATROUILLEUR GYPTIS;Secteur d'intervention du navire et de son équipage;35;Risque lié à l'alcool, drogues, médicaments, tabac.;"Consommation de substances pouvant altérer les facultés physiques et psychiques de l’individu et entraîner des accidents du travail ou de circulation (manque de vigilance, perte d’équilibre, diminution des réflexes, effet désinhibant conduisant à la prise de risque).
- Tabagisme et vapotage actif, passif.";"- Lésions corporelles, décès, 
- pathologies liées à la consommation de ces substances,
- affections psychiques,
- Tabagisme : maladies, cancers, insuffisance respiratoire.";En cours;GUY.F- LE GUILLOU.R;P3;Existante;"- Interdiction de fumer et de vapoter à bord,
- Rappel des textes réglementaires,
- Note interne n°270 du 14/03/14 diffusée aux services « politique de la DIRM MED en matière de prévention des risques liés à la consommation d’alcool » .";;Aucune;;;
692;224;27;620;5. NAVIRE DCS;PATROUILLEUR GYPTIS;Secteur d'intervention du navire et de son équipage;36;Risque lié à la co-activité et à l'intervention d'entreprises extérieures;"Absences de mesures de protections pour prévenir les risques liés aux interférences engendrées par la co-activité sur un même site :
Méconnaissance des locaux, des consignes, absence d’inspection commune au préalable avant travaux.";Tous types de dommages liés à la nature de la catastrophe ou l'événement;En cours;GUY.F- LE GUILLOU.R;P2;Existante;Information sur les risques pouvant interférer chaque activité EE/EU, inspections communes au préalable, rédaction d’un permis de travail dangereux avant toute activité dangereuse (travaux : en hauteur/par point chaud/électrique/en espace clos);;Aucune;;;
694;225;153;437;5. NAVIRE DCS;PATROUILLEUR GYPTIS;Secteur d'intervention du navire et de son équipage;37;Risque lié à la présence d'animaux;Contact avec des espèces de poissons dangereuses lors des contrôles sur les navires ou dans les GMS.;"Morsure, piqûre, blessure, griffure, coupure, transmission de maladies infectieuses.";En cours;GUY.F- LE GUILLOU.R;P3;Existante;"- Port des EPI (gants), formation à la reconnaissance des espèces. 
- Information, respect des consignes";;Aucune;;;
695;226;154;632;5. NAVIRE DCS;PATROUILLEUR GYPTIS;Secteur d'intervention du navire et de son équipage;37;Risque lié à la présence d'animaux;Présence de chiens agressifs sur les navires, dans les locaux contrôlés ou lors de patrouilles à terre.;Risque morsure, blessure, griffure, coupure. Transmission de maladies infectieuses.;En cours;GUY.F- LE GUILLOU.R;P2;Existante;Utilisation de gaz incapacitant.;;Aucune;;;
697;227;155;440;5. NAVIRE DCS;PATROUILLEUR GYPTIS;Secteur d'intervention du navire et de son équipage;38;Risque routier;Trajet véhicule personnel domicile travail A/R, risque d’accident de la circulation accentué par la fatigue, la prise d’alcool ou de certains médicaments et l’état du véhicule.;"Lésions corporelles légères à graves ou décès";En cours;GUY.F- LE GUILLOU.R;P2;Existante;Respect des temps de repos, rythmes de travail. ;;Aucune;;;
698;227;155;621;5. NAVIRE DCS;PATROUILLEUR GYPTIS;Secteur d'intervention du navire et de son équipage;38;Risque routier;Trajet véhicule personnel domicile travail A/R, risque d’accident de la circulation accentué par la fatigue, la prise d’alcool ou de certains médicaments et l’état du véhicule.;"Lésions corporelles légères à graves ou décès";A planifier;GUY.F- LE GUILLOU.R;P2;A proposer;Un PPRR doit être établit à l’échelle de la DIRM Med.;;Aucune;;;
699;228;155;441;5. NAVIRE DCS;PATROUILLEUR GYPTIS;Secteur d'intervention du navire et de son équipage;38;Risque routier;Accident lié à la fréquence et à la longueur des déplacements lors de l’utilisation du véhicule de service pour patrouille et contrôles à terre.;"Lésions corporelles légères à graves ou décès";En cours;GUY.F- LE GUILLOU.R;P2;Existante;"- Respect des rythmes de travail,du code de la route, prise en compte des recommandations de la prévention routière sur les temps de repos,
- vérification visuelle du véhicule avant chaque déplacement, 
- préparation des déplacements,
- suivi et entretien régulier des véhicules, contrôle technique,
- trajets sur autoroutes privilégiés (cartes de télépéages généralisées),
- respect de la charte sur l’utilisation des véhicules de service (disponible sur l’intranet),
- en cas de panne, accident, crevaison, panne/erreur de carburant, vol/vandalisme, perte de clés/carte démarrage contacter le n°d’assistance inscrit dans les pochettes véhicules,
- En cas de panne ou d’accident : port du gilet fluorescent, triangle de signalisation, maintien à distance de la chaussée dans l’attente de l’assistance.";;Aucune;;;
700;228;155;621;5. NAVIRE DCS;PATROUILLEUR GYPTIS;Secteur d'intervention du navire et de son équipage;38;Risque routier;Accident lié à la fréquence et à la longueur des déplacements lors de l’utilisation du véhicule de service pour patrouille et contrôles à terre.;"Lésions corporelles légères à graves ou décès";A planifier;GUY.F- LE GUILLOU.R;P2;A proposer;Un PPRR doit être établit à l’échelle de la DIRM Med.;;Aucune;;;
701;230;156;446;5. NAVIRE DCS;PATROUILLEUR GYPTIS;Secteur d'intervention du navire et de son équipage;39;Risque sanitaire : transmission de maladies, infections, allergies.;"Exposition à des agents infectieux ou allergènes pouvant être présents à bord (exposition accentuée par le système de climatisation du bord).";"Allergies, pathologies infectieuses aiguës ou chroniques.";En cours;GUY.F- LE GUILLOU.R;P3;Existante;"- Aération, ventilation,
- climatisation, désinfection régulière des échangeurs aéro-réfrigérants de l'installation de climatisation du bord. 
-Contrôle qualité de l’eau.";;Aucune;;;
703;229;29;444;5. NAVIRE DCS;PATROUILLEUR GYPTIS;Secteur d'intervention du navire et de son équipage;39;Risque sanitaire : transmission de maladies, infections, allergies.;"Exposition à des agents infectieux (bactéries*, virus*, champignons, parasites) ou allergènes (pollens, insectes..), transmis par contact avec l’environnement, les gens, les animaux, les insectes, la végétation (exemple lors de contact avec des personnes contaminées, des insectes, moisissures, oiseaux morts, des éléments souillés : poignée de porte, détritus divers, matières fécales).
Vie en vase clos à bord du patrouilleur (la promiscuité favorise la propagation de maladies, épidémie).

* Analyse de situations d’expositions et impact épidémique (Ex : Angine, Grippe, Covid..)
• Exposition par contact interpersonnel: risque de transmission directe par postillons contaminés émis par autrui :
      - Parler projette des postillons à environ 1,5 m,
      - Éternuer, tousser les projette à environ 3-5 m.
• Exposition par contact avec des surfaces contaminées : locaux de travail, matériels, produits : risque de transmission indirecte par manuportage (en se touchant le visage notamment le nez, la bouche, les yeux avec les mains).      
• Impact organisationnel (mode dégradé), associé à une restructuration de l’activité. Il est d’autant plus fort si la réorganisation se fait « à chaud », en réaction, et non sur la base d’une anticipation.";"- Symptômes respiratoires, (asthme, allergies).
- Maladies, infections et intoxications, réactions allergiques, cutanées.
- Transmissibilité à l'homme de différentes formes de virus (Grippe, Covid..), de bactéries, de champignons, de parasites.";En cours;GUY.F- LE GUILLOU.R;P2;Existante;"- Lavage des mains régulier pour se décontaminer et éviter de contaminer les autres ou utilisation de produit hydroalcoolique désinfectant (à utiliser sur main non souillées, ces solutions ne remplacent pas l’eau et le savon).
- Port d’EPI adaptés à la situation (gants jetables, masques de protection respiratoire..).
- En général pas de contact des mains souillées avec ses yeux, son nez, sa bouche.
- Vestiaires, douches,
- aération, ventilation régulière, nettoyage des locaux,
- information, ne pas embarquer un agent lorsqu'il est malade. ";;Aucune;;;
704;231;31;622;5. NAVIRE DCS;PATROUILLEUR GYPTIS;Secteur d'intervention du navire et de son équipage;39;Risque sanitaire : transmission de maladies, infections, allergies.;"Contamination par ingestion accidentelle de bactéries, virus, parasites pathogènes alimentaires, lors de la prise de repas : 
- par défaut d’hygiène alimentaires, des locaux,
- stockage des repas pour la semaine dans le réfrigérateur du bord.";Infections (intoxication) alimentaires.;En cours;GUY.F- LE GUILLOU.R;P3;Existante;"- Formation HACCP pour les cuisiniers
- Lavage des mains pour se décontaminer et éviter de contaminer les autres.
- Consommation eau minérale + respect des normes sanitaires,(hygiène, température, dates de péremption).
- Établissements et locaux tenus dans un état d'hygiène et de salubrité nécessaires à la santé du personnel.";;Aucune;;;
705;232;157;447;5. NAVIRE DCS;PATROUILLEUR GYPTIS;Secteur d'intervention du navire et de son équipage;39;Risque sanitaire : transmission de maladies, infections, allergies.;Remplissage des cuves eau douce par le réseau de la ville qui vient du quai.;Risque d'affection bactériologiques.;En cours;GUY.F- LE GUILLOU.R;P3;Existante;"- Consommation d'eau minérale.
- Purge du tuyau avant remplissage, analyse régulière, traitement de l'eau au chlore. ";;Aucune;;;
706;233;90;445;5. NAVIRE DCS;PATROUILLEUR GYPTIS;Secteur d'intervention du navire et de son équipage;39;Risque sanitaire : transmission de maladies, infections, allergies.;"Lors d’inhalation d’aérosols émis par la vapeur d’eau chaude sanitaire contaminée par des légionelles* au points d’usages. 
* Le risque de prolifération de la bactérie légionella pneumophila favorisé par une température de l’eau de 25° à 43° (installations d’eau chaude sanitaire, réserve stagnante, cumulus peu utilisés, bras morts).";La contamination bactérienne par les  voies respiratoires provoque la légionellose (pneumopathie pouvant  laisser des séquelles graves sur les plans cardiaques, respiratoires et musculaires et entraîner le décès).;En cours;GUY.F- LE GUILLOU.R;P2;Existante;"- Traitement préventif de l’eau au chlore, analyses,
- traitement curatif choc chlore, thermique.";;Aucune;;;
708;234;87;449;5. NAVIRE DCS;PATROUILLEUR GYPTIS;Secteur d'intervention du navire et de son équipage;39;Risque sanitaire : transmission de maladies, infections, allergies.;"Risque de leptospirose*, plongées dans les ports.
*maladie bactérienne qui se transmet par contact avec les muqueuses (œil, bouche, nez...) ou des plaies/égratignures. ";Infection bénigne à grave.;En cours;GUY.F- LE GUILLOU.R;P2;Existante;"- Lavage des mains pour se décontaminer et éviter de contaminer les autres.
- Éviter tout contact des mains souillées avec ses yeux, son nez, sa bouche.
- Consultation de la fiche prévention sur l’intranet : http://intra.dram-mediterranee.i2/fichesprevention-a1644.html";;Aucune;;;
710;92;88;631;5. NAVIRE DCS;PATROUILLEUR GYPTIS;Secteur d'intervention du navire et de son équipage;39;Risque sanitaire : transmission de maladies, infections, allergies.;Manutention de métaux rouillés, de bois (échardes).;Tétanos, infections, cas rare mais pouvant être mortel.;En cours;GUY.F- LE GUILLOU.R;P2;Existante;"- Suivi du MDP : vaccination et rappels.


- Port des EPI (gants) et vêtements de travail adaptés.";;Aucune;;;
712;2;205;11;6. CSN;CSN PACA Corse et Occitanie;Tous sites inspections CSN  (Navires, ateliers, chantiers ..);2;Risque Biologique;SANS OBJET;"Ce risque est celui lié à l’exposition à des agents biologiques*présents dans les matières et matériaux (substances ou déchets infectieux, échantillons biologiques ou culture cellulaire..) manipulés principalement dans l’activité. 
*« Les agents biologiques regroupent tous les micro-organismes, y compris les micro-organismes génétiquement modifiés, les cultures cellulaires et les endoparasites humains susceptibles de provoquer une infection, une allergie ou une intoxication » (code du travail). Pour les risques sanitaires se reporter au risque 39.";-1;;0;Existante;AUCUNE / SANS OBJET;;Aucune;;;
713;236;159;456;6. CSN;CSN PACA Corse et Occitanie;Tous sites inspections CSN  (Navires, ateliers, chantiers ..);3;Risque Chimique;"Accès à divers terminaux à risques et/ou navires à risques (chimiquiers), contrôle dans différents compartiments de navire (machines, moteurs, garages des cargos lors de l’embarquement /débarquement*), ateliers et chantiers de réparation navale; en exploitation :
Inhalation ou contact avec des gaz, produits toxiques, chimiques (solvants, batteries, vapeurs de fuel, vapeurs d’huiles) ou par projection accidentelle.
*gaz d'échappement : Les émissions de moteurs diesel sont classées cancérogènes avérés par le CIRC et les émissions de moteurs à essence cancérogènes suspectés.";"Perte de conscience, brûlure, suffocation, irritation de la peau , des yeux, affection des voies respiratoires, intoxication légère à grave ou mortelle, conséquences à long terme d'une exposition à des produits dangereux (cancer, altération génétique, …).";En cours;MARTINEZ.P JEHANNO.P;P2;Existante;"- Mise à disposition de 20 détecteurs gaz* (5 Sète, 1 Corse, 6 Martigues, 8 MRS) et de kits d’évacuation EEB , respect des procédures bord si existantes et communiquées (ventilation préalable des locaux et autorisation expresse du capitaine et du Port).
*4 gaz: CH4 méthane, H2S sulfure d’hydrogène, O2 oxygène, CO monoxyde de carbone.
- Achat d’un banc d’étalonnage de détecteurs gaz : 
=> formation de 2 référents CSP Martigues et le CP Marseille,
=> vérifications et étalonnages périodiques des détecteurs (intégré dans le RUS).
- Réalisation de vestiaires conformes dans les locaux du CSN PACA Corse (armoires à doubles compartiments, douches).
- Certains sites sont équipés de lave-linge.";;Aucune;;;
714;236;159;457;6. CSN;CSN PACA Corse et Occitanie;Tous sites inspections CSN  (Navires, ateliers, chantiers ..);3;Risque Chimique;"Accès à divers terminaux à risques et/ou navires à risques (chimiquiers), contrôle dans différents compartiments de navire (machines, moteurs, garages des cargos lors de l’embarquement /débarquement*), ateliers et chantiers de réparation navale; en exploitation :
Inhalation ou contact avec des gaz, produits toxiques, chimiques (solvants, batteries, vapeurs de fuel, vapeurs d’huiles) ou par projection accidentelle.
*gaz d'échappement : Les émissions de moteurs diesel sont classées cancérogènes avérés par le CIRC et les émissions de moteurs à essence cancérogènes suspectés.";"Perte de conscience, brûlure, suffocation, irritation de la peau , des yeux, affection des voies respiratoires, intoxication légère à grave ou mortelle, conséquences à long terme d'une exposition à des produits dangereux (cancer, altération génétique, …).";En cours;MARTINEZ.P JEHANNO.P;P1;A proposer;"- Sensibilisation, formation aux consignes de sécurité spécifiques des terminaux à risque (étude faisabilité sur tous les ports de la façade).
- Traçabilité des expositions : intégration des données collectées dans la fiche individuelle de prévention des expositions à certains facteurs de risques (mise à jour annuelle).
- Rédaction d’une liste spécifique pour chaque établissement industriel (équipement, formation, consignes de sécurité,exposition variant selon les sites).
- Définition des dotations d'EPI et vêtement de travail en fonction des sites portuaires et des navires.
- Test de fonctionnement et étalonnage régulier des détecteurs à réaliser (périodicité d'étalonnage tous les 6 mois et révision de la centrale tous les 24 mois ).";;Aucune;;;
716;2;1;11;6. CSN;CSN PACA Corse et Occitanie;Tous sites inspections CSN  (Navires, ateliers, chantiers ..);4;Risque chimique lié à l'utilisation de produits CMR;SANS OBJET;SANS OBJET;-1;0;0;Existante;AUCUNE / SANS OBJET;;Aucune;;;
717;277;122;458;6. CSN;CSN PACA Corse et Occitanie;Tous sites inspections CSN  (Navires, ateliers, chantiers ..);5;Risque de brûlure thermique;"Dispositifs de sécurité défaillants lors d'essais, proximité de conduites ou réservoirs sous pression, fuite HP en salle des machines ou compartiment moteur à bord des petits navires.";Brûlures, lésions graves à légères.;En cours;MARTINEZ.P JEHANNO.P;P2;Existante;"- Mise à disposition de protections individuelles (casque, lunettes, gants, chaussures), vêtement de travail peu inflammables.
- Respect des consignes bord, contrôle des installations du bord.";;Aucune;;;
718;277;122;459;6. CSN;CSN PACA Corse et Occitanie;Tous sites inspections CSN  (Navires, ateliers, chantiers ..);5;Risque de brûlure thermique;"Dispositifs de sécurité défaillants lors d'essais, proximité de conduites ou réservoirs sous pression, fuite HP en salle des machines ou compartiment moteur à bord des petits navires.";Brûlures, lésions graves à légères.;A contrôler;MARTINEZ.P JEHANNO.P;P2;A proposer;Définition d’une dotation type ISN au niveau de la DIRM par type de navire.;;Aucune;;;
719;238;160;460;6. CSN;CSN PACA Corse et Occitanie;Tous sites inspections CSN  (Navires, ateliers, chantiers ..);6;Risque électrique;"Contact direct (pièces nues sous tension accessibles) ou indirect (masses mises inopinément sous tension) accidentel dû à la défaillance d’installations électriques lors des contrôles :
- défaut de : matérialisation de la zone de voisinage, isolement de conducteurs, conformité (ex :absence de mise à la terre) sur les installations et équipements navires.
- matériel électrique non conforme, détérioré (fil dénudé, défaut d’isolation, défaut de mise à la terre).";Électrisation, électrocution,fibrillation, lésions internes, externes.;En cours;MARTINEZ.P JEHANNO.P;P2;Existante;"- Respect des procédures du bord.
- Pas de déplacements seul à bord. 
- Les contrôles se réalisent seulement au voisinage des installations et équipements électriques.";;Aucune;;;
720;238;160;461;6. CSN;CSN PACA Corse et Occitanie;Tous sites inspections CSN  (Navires, ateliers, chantiers ..);6;Risque électrique;"Contact direct (pièces nues sous tension accessibles) ou indirect (masses mises inopinément sous tension) accidentel dû à la défaillance d’installations électriques lors des contrôles :
- défaut de : matérialisation de la zone de voisinage, isolement de conducteurs, conformité (ex :absence de mise à la terre) sur les installations et équipements navires.
- matériel électrique non conforme, détérioré (fil dénudé, défaut d’isolation, défaut de mise à la terre).";Électrisation, électrocution,fibrillation, lésions internes, externes.;A contrôler;MARTINEZ.P JEHANNO.P;P2;A proposer;"- Habilitation électrique (B0, H0 H0V) ou sensibilisation du personnel qui n’effectue, aucune opération d’ordre électrique pour le domaine de la basse et la haute tension, par rapport au voisinage des pièces nues sous tension à proposer (voir R.4544-6, 9, 10 du CDT). 
- Personnel à former au PSC1, prévu dans le plan de formation 2018.";;Aucune;;;
721;239;111;462;6. CSN;CSN PACA Corse (Antenne);Martigues-Antenne CSN PACA Corse ;6;Risque électrique;"Contact direct (pièces nues sous tension accessibles) ou indirect (masses mises inopinément sous tension) accidentel dû à la défaillance du matériel, des équipements ou des installations électriques des locaux :
=> utilisation de matériel électrique non conforme : obsolète ou détérioré (fil dénudé, défaut d’isolation,…),
=> défaut de : conformité (ex : manque de continuité de liaison à la terre), matérialisation de la zone de voisinage, isolement des parties actives sur les installations et équipements.
- Mauvais usage (surcharge) de multiprises et prolongateurs.";Electrocution (décés), électrisation: fibrillation, lésions internes ou externes. Brûlures par arc électrique, incendie, explosion.;A contrôler;Pascal JEHANNO;P3;Existante;"- Vérification visuelle de l’état du matériel électrique (ex :prolongateurs) avant usage, signalement de l’état du matériel endommagé à la hiérarchie et remplacement.
- Acquisition de matériel conforme à la norme en vigueur, respect de la puissance maximale indiquée sur les prolongateurs et multiprises.
- Maintient des portes des tableaux et coffrets en position fermée.
- Vérification périodique des installations électriques assurrée, pour rétablir la conformité des installations (levée des observations/réserves).
- Reçyclage habilitation du personnel concerné (suivi du titre à assurer).";RECOMMANDATION N°18 - AUDIT ISST 2021;12 mois;21/08/2025;;
722;239;111;14;6. CSN;CSN PACA Corse (Antenne);Martigues-Antenne CSN PACA Corse ;6;Risque électrique;"Contact direct (pièces nues sous tension accessibles) ou indirect (masses mises inopinément sous tension) accidentel dû à la défaillance du matériel, des équipements ou des installations électriques des locaux :
=> utilisation de matériel électrique non conforme : obsolète ou détérioré (fil dénudé, défaut d’isolation,…),
=> défaut de : conformité (ex : manque de continuité de liaison à la terre), matérialisation de la zone de voisinage, isolement des parties actives sur les installations et équipements.
- Mauvais usage (surcharge) de multiprises et prolongateurs.";Electrocution (décés), électrisation: fibrillation, lésions internes ou externes. Brûlures par arc électrique, incendie, explosion.;A contrôler;Pascal JEHANNO;P3;A proposer;"- Suivi périodique de la conformité des installations électriques (à renseigner dans la fiche sécurité du DUERP), levées de réserves pour rétablir la conformité en partie assurées.
- Utilisation du matériel conformément aux spécifications du fabricant.";RECOMMANDATION N°18 - AUDIT ISST 2021;12 mois;21/08/2025;;
723;240;11;463;6. CSN;CSN PACA Corse et Occitanie;Tous sites inspections CSN  (Navires, ateliers, chantiers ..);7;Risque explosion;"Explosion de navires citerne, de réservoirs, de compartiments à risques et installations à risques à terre.";Brûlures légères à graves, dommages, lésions, décés.;En cours;MARTINEZ.P JEHANNO.P;P3;Existante;"- Respect des consignes de sécurité : du bord (extinction des téléphones et appareil photo notamment) et des sites (installation portuaire  si existantes et communiquées).
- Mise à disposition de 20 détecteurs gaz* (5 Sète, 1 Corse, 6 Martigues, 8 MRS) et de kits d’évacuation EEB , respect des procédures bord si existantes et communiquées (ventilation préalable des locaux et autorisation expresse du capitaine et du Port).";;Aucune;;;
724;240;11;673;6. CSN;CSN PACA Corse et Occitanie;Tous sites inspections CSN  (Navires, ateliers, chantiers ..);7;Risque explosion;"Explosion de navires citerne, de réservoirs, de compartiments à risques et installations à risques à terre.";Brûlures légères à graves, dommages, lésions, décés.;En cours;MARTINEZ.P JEHANNO.P;P2;A proposer;"- Sensibilisation, formation aux consignes de sécurité spécifiques des terminaux à risque (étude faisabilité sur tous les ports de la façade).
- Rédaction d’une liste spécifique pour chaque établissement industriel (équipement, formation, consignes de sécurité,exposition variant selon les sites).
- Définition des dotations d'EPI et vêtement de travail en fonction des sites portuaires et des navires.
- Test de fonctionnement et étalonnage régulier des détecteurs à réaliser (périodicité d'étalonnage tous les 6 mois et révision de la centrale tous les 24 mois ).";;Aucune;;;
725;8;11;657;6. CSN;CSN PACA Corse (Antenne);Martigues-Antenne CSN PACA Corse ;8;Risque Incendie;Incendie dans les locaux de travail.;Brûlures légères à graves, dommages, lésions, décés.;A contrôler;Pascal JEHANNO;P3;Existante;Vérification périodique des dispositifs de lutte contre les débuts d’incendies dans les locaux (attente du dernier contrôle).;;12 mois;09/08/2022;;
726;8;11;658;6. CSN;CSN PACA Corse (Antenne);Martigues-Antenne CSN PACA Corse ;8;Risque Incendie;Incendie dans les locaux de travail.;Brûlures légères à graves, dommages, lésions, décés.;A planifier;Pascal JEHANNO;P2;A proposer;"- Assurer, les contrôles périodiques des moyens de lutte contre les débuts d'incendies dans les locaux (à renseigner dans la fiche sécurité du DUERP), diffusion des consignes et installation d’une signalétique appropriée.
- Éviter de stocker des emballages, du matériel ou autres dans les dégagements (couloirs, portes, issues…), respecter les largeurs d’unité de passage.
- Formation à l’utilisation des extincteurs.";;12 mois;09/08/2022;;
728;2;1;11;6. CSN;CSN PACA Corse et Occitanie;Tous sites inspections CSN  (Navires, ateliers, chantiers ..);9;Risque Rayonnement Optiques Artificiels: DEL/Eclairage à forte luminance/Laser;SANS OBJET;SANS OBJET;-1;0;0;Existante;AUCUNE / SANS OBJET;;Aucune;;;
729;242;161;466;6. CSN;CSN PACA Corse et Occitanie;Tous sites inspections CSN  (Navires, ateliers, chantiers ..);10;Risque lié à l'utilisation de produits pyrotechniques;Explosion accidentelle lors d’un contrôle des fusées de détresse, de lance amarre.;Brûlures légères à graves, dommages, lésions.;En cours;MARTINEZ.P JEHANNO.P;P3;A proposer;"Vigilance sur l’état apparent des fusées et lance amarres avant leur manipulation.";;Aucune;;;
730;2;1;11;6. CSN;CSN PACA Corse et Occitanie;Tous sites inspections CSN  (Navires, ateliers, chantiers ..);11;Risque lié à la manipulation d'outils;SANS OBJET;SANS OBJET;-1;0;0;Existante;AUCUNE / SANS OBJET;;Aucune;;;
731;243;162;467;6. CSN;CSN PACA Corse et Occitanie;Tous sites inspections CSN  (Navires, ateliers, chantiers ..);12;Risque lié aux automatismes;"Lors des inspections : fermeture des portes de sécurité étanches.";Écrasement, cisaillement (dommages, lésions ,décès).;En cours;MARTINEZ.P JEHANNO.P;P2;Existante;Sensibilisation sur ce type d’accident. ;;Aucune;;;
732;244;163;468;6. CSN;CSN PACA Corse et Occitanie;Tous sites inspections CSN  (Navires, ateliers, chantiers ..);13;Risque lié aux fluides et équipements sous-pression ;"Dispositifs de sécurités défaillants lors d'essais, proximité de conduites (réseau) ou réservoirs sous pression.";Lésions diverses (oculaires, coupures, traumatisme), décès.;En cours;MARTINEZ.P JEHANNO.P;P2;Existante;"- Mise à disposition de protections individuelles (casque, lunettes, gants, chaussures, vêtements de travail).
- Sensibilisation sur ce type d’accident.";;Aucune;;;
733;244;163;470;6. CSN;CSN PACA Corse et Occitanie;Tous sites inspections CSN  (Navires, ateliers, chantiers ..);13;Risque lié aux fluides et équipements sous-pression ;"Dispositifs de sécurités défaillants lors d'essais, proximité de conduites (réseau) ou réservoirs sous pression.";Lésions diverses (oculaires, coupures, traumatisme), décès.;A contrôler;MARTINEZ.P JEHANNO.P;P2;A proposer;"Vigilance particulière en fonction de l’état des équipements à contrôler (essais).";;Aucune;;;
734;2;1;11;6. CSN;CSN PACA Corse et Occitanie;Tous sites inspections CSN  (Navires, ateliers, chantiers ..);14;Risque lié aux gestes répétitifs;SANS OBJET;SANS OBJET;-1;0;0;Existante;AUCUNE / SANS OBJET;;Aucune;;;
735;245;164;469;6. CSN;CSN PACA Corse et Occitanie;Tous sites inspections CSN  (Navires, ateliers, chantiers ..);15;Risque lié aux postures de travail;Cheminements, accès difficile à bord, notamment dans les espaces sous pont à bord des petits navires (mauvaise ergonomie du poste de travail).;Troubles musculo-squelettiques.;En cours;MARTINEZ.P JEHANNO.P;P2;Existante;Suivi médical (contrôle des contre-indications physiques lors de la visite médicale annuelle), aménagements de poste sur prescription du médecin de prévention.;;Aucune;;;
736;246;165;472;6. CSN;CSN PACA Corse et Occitanie;Tous sites inspections CSN  (Navires, ateliers, chantiers ..);16;Risque lié aux rayonnements ionisants et non ionisants (électromagnétiques);Irradiation, proximité de cargaisons IMDG classe 7, lors de pénétration accidentelle dans une zone d’émission non ou mal balisée.;Stérilité, lésions diverses (brûlures, nécroses, cataracte), cancer.;En cours;MARTINEZ.P JEHANNO.P;P3;Existante;Visites systématiquement effectuées conjointement avec des inspecteurs de la sûreté nucléaire (ASN).;;Aucune;;;
737;246;165;471;6. CSN;CSN PACA Corse et Occitanie;Tous sites inspections CSN  (Navires, ateliers, chantiers ..);16;Risque lié aux rayonnements ionisants et non ionisants (électromagnétiques);Irradiation, proximité de cargaisons IMDG classe 7, lors de pénétration accidentelle dans une zone d’émission non ou mal balisée.;Stérilité, lésions diverses (brûlures, nécroses, cataracte), cancer.;A contrôler;MARTINEZ.P JEHANNO.P;P3;A proposer;"- Formalisation du partenariat avec l’ASN.
- Complément de formation du personnel concerné si possible par un spécialiste (ASN).
- Information aux agents des risques auxquels ils sont exposés, suivi médical approprié (décret 2003-296).
- Réflexion sur la mise à disposition de matériel adapté (film enregistreur, dispositif de mesure des radiations avec alarme).
- Ciblage des lignes à risques sur trafic illicite.";;Aucune;;;
738;247;166;473;6. CSN;CSN PACA Corse et Occitanie;Tous sites inspections CSN  (Navires, ateliers, chantiers ..);16;Risque lié aux rayonnements ionisants et non ionisants (électromagnétiques);Exposition aux ondes radio et radar (9GHz), lors de pénétration accidentelle dans une zone d’émission non ou mal balisée.;Stérilité, lésions diverses (brûlures, nécroses), cancer.;En cours;MARTINEZ.P JEHANNO.P;P3;Existante;"- Respect des consignes de sécurité élémentaires (stopper le radar), respect des périmètres d’évitement autour des zones d’émission de sources radioélectriques.
- Pas de déplacements seul à bord. ";;Aucune;;;
739;247;166;474;6. CSN;CSN PACA Corse et Occitanie;Tous sites inspections CSN  (Navires, ateliers, chantiers ..);16;Risque lié aux rayonnements ionisants et non ionisants (électromagnétiques);Exposition aux ondes radio et radar (9GHz), lors de pénétration accidentelle dans une zone d’émission non ou mal balisée.;Stérilité, lésions diverses (brûlures, nécroses), cancer.;A contrôler;MARTINEZ.P JEHANNO.P;P2;A proposer;Vigilance particulière.;;Aucune;;;
740;10;14;23;6. CSN;CSN Occitanie; Sète-CSN Occitanie;16;Risque lié aux rayonnements ionisants et non ionisants (électromagnétiques);Inhalation du radon (gaz radioactif d’origine naturelle essentiellement présent dans le sol) concentré (niveau de référence inférieur à 300Bq/m3 en moyenne annuelle) dans des lieux confinés (sous-sols et rdc mal aérés) pendant une durée importante.;A long terme peut être la cause de cancers du poumon (en fonction de la concentration dans les locaux et du temps d'exposition).;A contrôler;PHILIPPE MARTINEZ;P1;Existante;"Depuis le 1er juillet 2018, la réglementation intègre ce risque dans la démarche de prévention des risques professionnels.
Ainsi, tous les lieux de travail situés en sous-sol ou en rez-de-chaussée doivent faire l’objet d’un dépistage radon, soit par l’employeur lui-même soit par un prestataire agréé. Le but recherché étant de réduire les concentrations aussi bas que possible dans les locaux dans lesquels les agents séjournent sur des durées importantes.";;12 mois;03/03/2024;;
741;10;14;259;6. CSN;CSN Occitanie; Sète-CSN Occitanie;16;Risque lié aux rayonnements ionisants et non ionisants (électromagnétiques);Inhalation du radon (gaz radioactif d’origine naturelle essentiellement présent dans le sol) concentré (niveau de référence inférieur à 300Bq/m3 en moyenne annuelle) dans des lieux confinés (sous-sols et rdc mal aérés) pendant une durée importante.;A long terme peut être la cause de cancers du poumon (en fonction de la concentration dans les locaux et du temps d'exposition).;A planifier;PHILIPPE MARTINEZ;P1;A proposer;"Consultations du potentiel radon par communes (ex catégorie 3 : communes du 83, 06, 2B et 2A) sur le site de l’IRSN ou l’arrêté du 27 juin 2018 portant délimitation des zones à potentiel radon du territoire français. 
Dépistage dans les zones « Le potentiel radon ainsi fourni ne présage en rien des concentrations présentes dans les bâtiments, celles-ci dépendant de multiples autres facteurs (étanchéité de l’interface entre le bâtiment et le sol, taux de renouvellement de l’air intérieur…). La cartographie ne peut donc en aucun cas se substituer à la réalisation de mesures. » 
Si des mesures de réduction de l’exposition à ce gaz sont conseillées quelle que soit la concentration constatée à l’issue du dépistage, il est particulièrement recommandé de mettre en place une des deux solutions suivantes à partir d’une concentration de radon supérieure à 300 Bq/m2 :
- supprimer la radon présent dans l’habitation en agissant sur le renouvellement de l’air intérieur,
- réduire le transfert de radon vers l’intérieur du bâtiment en renforçant son étanchéité vis-à-vis du sol.
=>Le CP propose aux services de réaliser dans un premier temps des campagnes de dépistage, pour les sites des communes à potentiel radon élevé : dans les parties de bâtiments situées en soussol ou en rez-de-chaussée où le personnel séjourne sur des durées importantes.";;12 mois;03/03/2024;;
743;2;1;11;6. CSN;CSN PACA Corse et Occitanie;Tous sites inspections CSN  (Navires, ateliers, chantiers ..);17;Risque manutention manuelle;SANS OBJET;SANS OBJET;-1;0;0;Existante;AUCUNE / SANS OBJET;;Aucune;;;
744;2;202;11;6. CSN;CSN PACA Corse et Occitanie;Tous sites inspections CSN  (Navires, ateliers, chantiers ..);18;Risque manutention mécanique et au levage;SANS OBJET;Voir R.21 risque de chute d'objets et R.36 risque lié à la co-activité et intervention d'entreprises extérieures.;-1;0;0;Existante;AUCUNE / SANS OBJET;;Aucune;;;
745;248;167;475;6. CSN;CSN PACA Corse et Occitanie;Tous sites inspections CSN  (Navires, ateliers, chantiers ..);19;Risque mécanique;"Proximité de pièces en mouvement, machine tournante, arbres de transmission à cardan.";"Lésions diverses (pincement, coupure, écrasement).";En cours;MARTINEZ.P JEHANNO.P;P2;Existante;"- Protections collectives (carters), respect des procédures du bord.
- Pas de déplacements seul à bord. 
- Sensibilisation sur ce type d’accident : pas de port de vêtement flottants, cheveux longs, les bijoux (chaînes, colliers).";;Aucune;;;
746;248;167;470;6. CSN;CSN PACA Corse et Occitanie;Tous sites inspections CSN  (Navires, ateliers, chantiers ..);19;Risque mécanique;"Proximité de pièces en mouvement, machine tournante, arbres de transmission à cardan.";"Lésions diverses (pincement, coupure, écrasement).";A contrôler;MARTINEZ.P JEHANNO.P;P2;A proposer;"Vigilance particulière en fonction de l’état des équipements à contrôler (essais).";;Aucune;;;
747;249;168;476;6. CSN;CSN PACA Corse et Occitanie;Tous sites inspections CSN  (Navires, ateliers, chantiers ..);20;Risque d'asphyxie;"Accès navires à risques (gaziers, chimiquiers, pétroliers) et espaces clos (ballasts, déclenchement intempestif du dispositif de détection).";Perte de conscience, décès.;En cours;MARTINEZ.P JEHANNO.P;P2;Existante;"- Pas de déplacements seul à bord.
- Mise à disposition de 20 détecteurs gaz* (5 Sète, 1 Corse, 6 Martigues, 8 MRS) et de kits d’évacuation EEB , respect des procédures bord  si existantes et communiquées (ventilation préalable des locaux et autorisation expresse du capitaine et du Port).
*4 gaz: CH4 méthane, H2S sulfure d’hydrogène, O2 oxygène, CO monoxyde de carbone.
- Achat d’un banc d’étalonnage de détecteurs gaz : 
=> formation de 2 référents CSP Martigues et le CP Marseille,
=> vérifications et étalonnages périodiques des détecteurs (intégré dans le RUS).";;Aucune;;;
748;249;168;477;6. CSN;CSN PACA Corse et Occitanie;Tous sites inspections CSN  (Navires, ateliers, chantiers ..);20;Risque d'asphyxie;"Accès navires à risques (gaziers, chimiquiers, pétroliers) et espaces clos (ballasts, déclenchement intempestif du dispositif de détection).";Perte de conscience, décès.;A contrôler;MARTINEZ.P JEHANNO.P;P2;A proposer;"- Recherche d‘informations techniques et documentation sur les espaces clos à bord des petits navires, élaboration d’une procédure interne si nécessaire.
- Test de fonctionnement et étalonnage régulier des détecteurs à réaliser (périodicité d'étalonnage tous les 6 mois et révision de la centrale tous les 24 mois ).";;Aucune;;;
749;250;170;478;6. CSN;CSN PACA Corse et Occitanie;Tous sites inspections CSN  (Navires, ateliers, chantiers ..);21;Risque de chute d'objet;"- Proximité d’opérations de manutention.
- Chute de twist-locks, barres ou raidisseurs sur pont.";Choc, traumatisme.;En cours;MARTINEZ.P JEHANNO.P;P2;Existante;"- Protections individuelles (casque obligatoire, gants, chaussures de sécurité).
- Sensibilisation sur ce type d’accident : ne pas rester dans la zone de manutention.";;Aucune;;;
750;250;170;474;6. CSN;CSN PACA Corse et Occitanie;Tous sites inspections CSN  (Navires, ateliers, chantiers ..);21;Risque de chute d'objet;"- Proximité d’opérations de manutention.
- Chute de twist-locks, barres ou raidisseurs sur pont.";Choc, traumatisme.;En cours;MARTINEZ.P JEHANNO.P;P2;A proposer;Vigilance particulière.;;Aucune;;;
751;251;170;478;6. CSN;CSN PACA Corse et Occitanie;Tous sites inspections CSN  (Navires, ateliers, chantiers ..);21;Risque de chute d'objet;"- Chute de charge lourde sous grue (navires, chantiers).
- Grumes mal arrimées.";Choc, traumatisme.;En cours;MARTINEZ.P JEHANNO.P;P2;Existante;"- Protections individuelles (casque obligatoire, gants, chaussures de sécurité).
- Sensibilisation sur ce type d’accident : ne pas rester dans la zone de manutention.";;Aucune;;;
752;251;170;474;6. CSN;CSN PACA Corse et Occitanie;Tous sites inspections CSN  (Navires, ateliers, chantiers ..);21;Risque de chute d'objet;"- Chute de charge lourde sous grue (navires, chantiers).
- Grumes mal arrimées.";Choc, traumatisme.;En cours;MARTINEZ.P JEHANNO.P;P2;A proposer;Vigilance particulière.;;Aucune;;;
753;252;19;480;6. CSN;CSN PACA Corse et Occitanie;Tous sites inspections CSN  (Navires, ateliers, chantiers ..);22;Risque de chute de hauteur et de plain pied;"- Configuration des navires accidentogène (trous d'homme, sols glissants, faible éclairage, mauvais état des échelles, coupées, contrôle des embarcations de sauvetage, roulis, tangage en mer).
- Chute accidentelle à l’embarquement, au débarquement, en cas de transbordement, en cours de navigation.";Lésions corporelles, superficielles ou profondes. ;En cours;MARTINEZ.P JEHANNO.P;P1;Existante;"- Protections individuelles (casque, gants, chaussures à semelle anti-dérapantes, harnais+longe).
- Utilisation de VHF, téléphone portable.
- Possibilité de suspendre la visite si les conditions d’accès sont trop difficiles conformément aux instructions MOU.
- Lorsque les moyens humains disponibles dans le service le permettent, le contrôle des navires de plus de 500 ou étrangers est effectué par 2 inspecteurs.
- Sensibilisation sur ce type d’accident.";;Aucune;;;
754;252;19;479;6. CSN;CSN PACA Corse et Occitanie;Tous sites inspections CSN  (Navires, ateliers, chantiers ..);22;Risque de chute de hauteur et de plain pied;"- Configuration des navires accidentogène (trous d'homme, sols glissants, faible éclairage, mauvais état des échelles, coupées, contrôle des embarcations de sauvetage, roulis, tangage en mer).
- Chute accidentelle à l’embarquement, au débarquement, en cas de transbordement, en cours de navigation.";Lésions corporelles, superficielles ou profondes. ;En cours;MARTINEZ.P JEHANNO.P;P1;A proposer;"- Vigilance particulière : 
=>Prise en compte de la difficulté d’accès, éviter de monter chargé (fractionnement des charges).
=>Coordination avec le pilote, prise en compte de la météo, du trafic maritime (vagues de sillage).
- Formation et reçyclage aux premiers secours PSC1 à prévoir. ";;Aucune;;;
755;253;171;481;6. CSN;CSN PACA Corse et Occitanie;Tous sites inspections CSN  (Navires, ateliers, chantiers ..);23;Risque de noyade;Chute accidentelle à la mer à l’embarquement, au débarquement, en cas de transbordement, en cours de navigation.;"Chute accidentelle à la mer à l’embarquement, au débarquement, en cas de transbordement, en cours de navigation.";En cours;MARTINEZ.P JEHANNO.P;P2;Existante;"- Port systématique du VFI à flottabilité additionnelle (150 N) en navigation lorsqu’il y a une risque de chute à la mer.
- Respect des procédures bord, rappel avant visite à l’armateur sur les conditions d’accès dues.
- Lorsque les moyens humains disponibles dans le service le permettent, le contrôle des navires de plus de 500 ou étrangers est effectué par 2 inspecteurs. 
- Sensibilisation sur ce type d’accident.";;Aucune;;;
756;253;171;482;6. CSN;CSN PACA Corse et Occitanie;Tous sites inspections CSN  (Navires, ateliers, chantiers ..);23;Risque de noyade;Chute accidentelle à la mer à l’embarquement, au débarquement, en cas de transbordement, en cours de navigation.;"Chute accidentelle à la mer à l’embarquement, au débarquement, en cas de transbordement, en cours de navigation.";A contrôler;MARTINEZ.P JEHANNO.P;P2;A proposer;"- Formations : comportement à adopter en cas de chute à l’eau.
- Vigilance particulière : 
=>Prise en compte de la difficulté d’accès, éviter de monter chargé (fractionnement des charges).
=>Coordination avec le pilote, prise en compte de la météo, du trafic maritime (vagues de sillage).
";;Aucune;;;
757;254;172;483;6. CSN;CSN PACA Corse et Occitanie;Tous sites inspections CSN  (Navires, ateliers, chantiers ..);24;Risque lié à l'ambiance thermique;Température élevée en salle des machines.;Fatigue, irritation de la peau, hyperthermie, malaise, déshydratation.;En cours;MARTINEZ.P JEHANNO.P;P2;Existante;"- Suivi médical (contrôle des contre-indications physiques lors de la visite médicale annuelle), aménagements de poste sur prescription du médecin de prévention.
- Hydratation et limitation du temps d’exposition.";;Aucune;;;
758;255;71;484;6. CSN;CSN PACA Corse et Occitanie;Tous sites inspections CSN  (Navires, ateliers, chantiers ..);24;Risque lié à l'ambiance thermique;"Travail dans des conditions de températures extrêmes dû aux conditions météorologiques défavorables (été/hiver).
- Visites des frigos";Engelures, gerçures, hypothermie / hyperthermie, malaise, insolation, déshydratation.;En cours;MARTINEZ.P JEHANNO.P;P3;Existante;"- Port des vêtements adaptés aux ambiances thermiques (lunettes, gants, combinaisons pour le froid, chaussures de sécurité pour le froid, bonnet), mise à disposition de boissons.
- Prise en compte des ambiances thermiques dans la planification des tâches.";;Aucune;;;
759;255;71;143;6. CSN;CSN PACA Corse et Occitanie;Tous sites inspections CSN  (Navires, ateliers, chantiers ..);24;Risque lié à l'ambiance thermique;"Travail dans des conditions de températures extrêmes dû aux conditions météorologiques défavorables (été/hiver).
- Visites des frigos";Engelures, gerçures, hypothermie / hyperthermie, malaise, insolation, déshydratation.;En cours;MARTINEZ.P JEHANNO.P;P3;A proposer;Adapter les dispositions en fonction des conditions climatiques.;;Aucune;;;
760;72;72;485;6. CSN;CSN PACA Corse et Occitanie;Tous sites inspections CSN  (Navires, ateliers, chantiers ..);24;Risque lié à l'ambiance thermique;Exposition prolongée et intense au soleil (éblouissement, rayonnement solaire, réflexion sur la mer).;Cancer de la peau, brûlures, mélanomes, lésions oculaires.;En cours;MARTINEZ.P JEHANNO.P;P3;Existante;"- Port de lunettes de protection solaires à indice UV adapté (si possible polarisées).
- Prise en compte de l’exposition prolongée au soleil dans la programmation des inspections en extérieur.";;Aucune;;;
761;72;72;486;6. CSN;CSN PACA Corse et Occitanie;Tous sites inspections CSN  (Navires, ateliers, chantiers ..);24;Risque lié à l'ambiance thermique;Exposition prolongée et intense au soleil (éblouissement, rayonnement solaire, réflexion sur la mer).;Cancer de la peau, brûlures, mélanomes, lésions oculaires.;En cours;MARTINEZ.P JEHANNO.P;P3;A proposer;"- Les modèles polycarbonate se rayent facilement : prévoir leur renouvellement et/ou un étui de stockage.
Rappel des bonnes pratiques (port de casquette, et vêtements adaptés, etc...), renouvellement des dotations d’EPI (lunettes de soleil avec indice UV adapté et crème solaire).";;Aucune;;;
762;256;19;487;6. CSN;CSN PACA Corse et Occitanie;Tous sites inspections CSN  (Navires, ateliers, chantiers ..);25;Risque lié à l'éclairage;"Déplacements ou travail dans une zone mal éclairée.";Lésions corporelles, superficielles ou profondes. ;En cours;MARTINEZ.P JEHANNO.P;P3;Existante;"Lampe portable (frontale à privilégier avec piles de remplacement, indispensable dans la dotation) et projecteurs d’appoint.";;Aucune;;;
763;256;19;298;6. CSN;CSN PACA Corse et Occitanie;Tous sites inspections CSN  (Navires, ateliers, chantiers ..);25;Risque lié à l'éclairage;"Déplacements ou travail dans une zone mal éclairée.";Lésions corporelles, superficielles ou profondes. ;En cours;MARTINEZ.P JEHANNO.P;P3;A proposer;Veiller à la mise en application des mesures actuelles (existantes).;;Aucune;;;
764;17;20;149;6. CSN;CSN PACA Corse et Occitanie;Locaux-bureaux tous CSN;25;Risque lié à l'éclairage;Éclairage trop puissant, trop faible ou non adapté au poste de travail.;Effets oculaires, visuels et généraux (maux de tête, fatigue, agressivité..).;En cours;MARTINEZ.P JEHANNO.P;P3;Existante;"- Lampes de bureaux d’appoint individuelles, stores aux fenêtres, relamping sur certains sites
- Etude et recommandations formulées sur le type d’éclairage optimal sur certains postes.";;Aucune;;;
765;17;20;35;6. CSN;CSN PACA Corse et Occitanie;Locaux-bureaux tous CSN;25;Risque lié à l'éclairage;Éclairage trop puissant, trop faible ou non adapté au poste de travail.;Effets oculaires, visuels et généraux (maux de tête, fatigue, agressivité..).;En cours;MARTINEZ.P JEHANNO.P;P3;A proposer;"- Généralisation des solutions d'adaptations ergonomiques (consultation des nombreux guides conseils en ligne, voir R.28), étude de l’éclairement du poste de travail (contacter le CP si besoin).
- Consultation des nombreux guides conseils en ligne.";;Aucune;;;
766;76;75;151;6. CSN;CSN PACA Corse et Occitanie;Tous sites inspections CSN  (Navires, ateliers, chantiers ..);26;Risque lié à la qualité de l'air;Pollution atmosphérique en constante évolution contenant divers polluants pouvant être à l’origine d’effets sur la santé, sur certains sites le phénomène est accentué par le rejet des navires, le trafic routier dense et les industries environnantes. Interactions possibles entre polluants chimiques, pollens et température.;Diverses pathologies chroniques (cancers, pathologies cardiovasculaires et respiratoires, irritations oculaires, maux de tête) selon le niveau d’exposition.;En cours;MARTINEZ.P JEHANNO.P;P2;Existante;"- Surveillance médicale.
- Consultations des sites de surveillance de la qualité de l’air et adaptation des tâches à réaliser.";;Aucune;;;
767;76;75;250;6. CSN;CSN PACA Corse et Occitanie;Tous sites inspections CSN  (Navires, ateliers, chantiers ..);26;Risque lié à la qualité de l'air;Pollution atmosphérique en constante évolution contenant divers polluants pouvant être à l’origine d’effets sur la santé, sur certains sites le phénomène est accentué par le rejet des navires, le trafic routier dense et les industries environnantes. Interactions possibles entre polluants chimiques, pollens et température.;Diverses pathologies chroniques (cancers, pathologies cardiovasculaires et respiratoires, irritations oculaires, maux de tête) selon le niveau d’exposition.;En cours;MARTINEZ.P JEHANNO.P;P2;A proposer;Port d'un masque FFP3 (filtration des particules fines).;;Aucune;;;
768;257;173;489;6. CSN;CSN PACA Corse et Occitanie;Tous sites inspections CSN  (Navires, ateliers, chantiers ..);26;Risque lié à la qualité de l'air;"Exposition aux poussières et particules diverses (céréales, charbon, poussières de fibres de verre dans les chantiers ou lors de travaux à bord...).";"Irritations des muqueuses, affections respiratoires.";En cours;MARTINEZ.P JEHANNO.P;P3;Existante;"- Port de protections individuelles (Masque FFP1, lunettes ou masque de protection des yeux en cas de vent).
- Surveillance médicale annuelle.
- Réalisation de vestiaires conformes dans les locaux du CSN PACA Corse (armoires à doubles compartiments, douches).
- Certains sites sont équipés de lave-linge.";;Aucune;;;
769;75;21;150;6. CSN;CSN PACA Corse et Occitanie;Locaux-bureaux tous CSN;26;Risque lié à la qualité de l'air;Lors de manque d'entretien des climatiseurs + non respect des précautions d'usages (amplitude supérieure à 8°C néfaste à la santé), mauvaise ventilation naturelle ou mécanique.;Problèmes respiratoires et ORL, irritations oculaires ou cutanées, choc thermique, maux de tête.;En cours;MARTINEZ.P JEHANNO.P;P3;Existante;"- Entretien régulier des climatiseurs (en interne ou par une entreprise extérieure).
- Aération régulière les locaux.
- Respect des amplitudes de réglage.";;Aucune;;;
770;75;21;491;6. CSN;CSN PACA Corse et Occitanie;Locaux-bureaux tous CSN;26;Risque lié à la qualité de l'air;Lors de manque d'entretien des climatiseurs + non respect des précautions d'usages (amplitude supérieure à 8°C néfaste à la santé), mauvaise ventilation naturelle ou mécanique.;Problèmes respiratoires et ORL, irritations oculaires ou cutanées, choc thermique, maux de tête.;A contrôler;MARTINEZ.P JEHANNO.P;P3;A proposer;"Vigilance sur le réglage de la climatisation: Il est fortement déconseillé de dépasser les 8°C d'écart entre l'intérieur et l'extérieur (ex pour  30°C à l’extérieur il serait raisonnable de se contenter de 22°C minimum à l'intérieur).";;Aucune;;;
771;321;76;490;6. CSN;CSN PACA Corse et Occitanie;Tous sites inspections CSN  (Navires, ateliers, chantiers ..);27;Risque lié au bruit;"Environnement bruyant* en salle des machines, compartiment moteur..
*Au delà du seuil d’exposition sonore: quotidien (supérieur à 85 dB(a)) ou niveau de pression acoustique de crête (bruit intenses mais courts).";Hypoacousie de perception par lésion cochléaire irréversible, accompagnée ou non d’acouphènes.;En cours;MARTINEZ.P JEHANNO.P;P2;Existante;"- Port de (PICB) protections individuelles contre le bruit adaptés (casques antibruit, protections auditives sur mesures).
- Surveillance médicale annuelle.";;Aucune;;;
772;321;76;492;6. CSN;CSN PACA Corse et Occitanie;Tous sites inspections CSN  (Navires, ateliers, chantiers ..);27;Risque lié au bruit;"Environnement bruyant* en salle des machines, compartiment moteur..
*Au delà du seuil d’exposition sonore: quotidien (supérieur à 85 dB(a)) ou niveau de pression acoustique de crête (bruit intenses mais courts).";Hypoacousie de perception par lésion cochléaire irréversible, accompagnée ou non d’acouphènes.;En cours;MARTINEZ.P JEHANNO.P;P3;A proposer;Renouveler les protections auditives adaptées et sur mesure.;;Aucune;;;
773;19;22;493;6. CSN;CSN PACA Corse et Occitanie;Locaux-bureaux tous CSN;28;Risque lié au travail sur écran;Travailler sur un écran plusieurs heures au cours de la journée, avec une mauvaise ergonomie du poste de travail.;"- Fatigue visuelle (maux de tête, picotements, rougeurs et lourdeur des globes oculaires, assèchement de l’oeil).
- Troubles musculo-squelettiques (TMS).";En cours;MARTINEZ.P JEHANNO.P;P3;Existante;"- Information sur environnement de travail, pauses régulières toutes les 2h, alternance des tâches,
- Préconisations ergonomie aux agents installés à Zattara (remplacement de certains fauteuils).
- Aménagements de certains postes : acquisition, remplacement et adaptation du matériel de bureau afin d’améliorer l’ergonomie (plan de travail ,fauteuil, écrans, portes-documents, repose-pieds..).";;Aucune;;;
774;19;22;494;6. CSN;CSN PACA Corse et Occitanie;Locaux-bureaux tous CSN;28;Risque lié au travail sur écran;Travailler sur un écran plusieurs heures au cours de la journée, avec une mauvaise ergonomie du poste de travail.;"- Fatigue visuelle (maux de tête, picotements, rougeurs et lourdeur des globes oculaires, assèchement de l’oeil).
- Troubles musculo-squelettiques (TMS).";En cours;MARTINEZ.P JEHANNO.P;P3;A proposer;"- Généralisation des solutions ergonomiques, étude du poste de travail (contacter le CP si besoin).
- Consultation des nombreux guides conseils en ligne .";;Aucune;;;
775;80;79;495;6. CSN;CSN PACA Corse et Occitanie;Tous sites inspections CSN  (Navires, ateliers, chantiers ..);29;Risque lié aux conditions de travail particulières (horaires décalés, astreinte..);Accident causé par le manque de vigilance et la fatigue lors de déplacements de nuit en intervention pendant les astreintes;Dommages corporels, troubles du rythme biologique.;En cours;MARTINEZ.P JEHANNO.P;P3;Existante;"- Respect des amplitudes d’horaires et des durées de repos quotidien (Cf.RI relatif à l’aménagement et à la réduction du temps de travail).";;Aucune;;;
776;258;174;496;6. CSN;CSN PACA Corse et Occitanie;Tous sites inspections CSN  (Navires, ateliers, chantiers ..);29;Risque lié aux conditions de travail particulières (horaires décalés, astreinte..);Déplacements à l’étranger : fatigue liée aux décalage horaire, et aux dépassements d’heures.;Accidents divers, troubles du sommeil.;En cours;MARTINEZ.P JEHANNO.P;P2;Existante;"- Respect du RI relatif au temps de travail et enregistrement de la durée de travail.
- Usage des voyages en avion en classe affaire pour les vols long courrier (CSN PACA Corse).";;Aucune;;;
777;258;174;497;6. CSN;CSN PACA Corse et Occitanie;Tous sites inspections CSN  (Navires, ateliers, chantiers ..);29;Risque lié aux conditions de travail particulières (horaires décalés, astreinte..);Déplacements à l’étranger : fatigue liée aux décalage horaire, et aux dépassements d’heures.;Accidents divers, troubles du sommeil.;En cours;MARTINEZ.P JEHANNO.P;P2;A proposer;"- Vigilance sur le respect des temps de travail (suivi, bilan, analyse).
- Renforcement des équipes pour les visites de mise en service.
- Étude sur la composition des équipes à l’étranger.";;Aucune;;;
778;259;175;498;6. CSN;CSN PACA Corse et Occitanie;Tous sites inspections CSN  (Navires, ateliers, chantiers ..);29;Risque lié aux conditions de travail particulières (horaires décalés, astreinte..);Déplacements à l’étranger : risques d’agressions, d’arrestations.;Traumatismes psychologiques ou physiques.;En cours;MARTINEZ.P JEHANNO.P;P3;Existante;"- Prise en compte des recommandations du ministère des affaires étrangères. 
- Interdiction de déplacement dans certains pays (ex : Nigéria).";;Aucune;;;
779;259;175;499;6. CSN;CSN PACA Corse et Occitanie;Tous sites inspections CSN  (Navires, ateliers, chantiers ..);29;Risque lié aux conditions de travail particulières (horaires décalés, astreinte..);Déplacements à l’étranger : risques d’agressions, d’arrestations.;Traumatismes psychologiques ou physiques.;En cours;MARTINEZ.P JEHANNO.P;P3;A proposer;"Informer le consulat du déplacement de la commission de visite (ordre de mission).";;Aucune;;;
780;261;176;500;6. CSN;CSN PACA Corse et Occitanie;Tous sites inspections CSN  (Navires, ateliers, chantiers ..);29;Risque lié aux conditions de travail particulières (horaires décalés, astreinte..);Déplacements à l’étranger : utilisation sur place de moyens de transports peu fiables.;Accidents, traumatisme corporel.;En cours;MARTINEZ.P JEHANNO.P;P2;A proposer;"Vérifier le classement des compagnies aériennes sur le site du département mobilité et transports de la CE.";;Aucune;;;
781;260;177;501;6. CSN;CSN PACA Corse et Occitanie;Tous sites inspections CSN  (Navires, ateliers, chantiers ..);29;Risque lié aux conditions de travail particulières (horaires décalés, astreinte..);Déplacements à l’étranger lors de transit entre plate-formes (boat landing...).;"Dommages corporels, écrasement, chute de hauteur et la mer cf.risque 23.";En cours;MARTINEZ.P JEHANNO.P;P3;Existante;"Respect des procédures de l’exploitant, VFI, jugement professionnel appréciation de la dangerosité.";;Aucune;;;
782;262;178;502;6. CSN;CSN PACA Corse et Occitanie;Tous sites inspections CSN  (Navires, ateliers, chantiers ..);29;Risque lié aux conditions de travail particulières (horaires décalés, astreinte..);"Intervention avec l’équipe d’évaluation à bord d’un navire en difficulté (avarie, incendie...).";Traumatisme léger à mortel, noyade, tout type d'accident, mal de mer.;En cours;MARTINEZ.P JEHANNO.P;P2;A proposer;"Appréciation de la situation par le cadre de permanence, réflexion sur l’utilité et les modalité de l’intervention, recherche d’une alternative.";;Aucune;;;
783;263;179;503;6. CSN;CSN PACA Corse et Occitanie;Tous sites inspections CSN  (Navires, ateliers, chantiers ..);29;Risque lié aux conditions de travail particulières (horaires décalés, astreinte..);Mauvaises conditions météo à bord d’un navire. ;Mal de mer.;En cours;MARTINEZ.P JEHANNO.P;P2;A proposer;"Médication à prévoir.";;Aucune;;;
784;152;19;504;6. CSN;CSN PACA Corse et Occitanie;Locaux-bureaux tous CSN;30;Risque lié aux déplacements internes;"- Circulation à pied sur sol glissant, inégal ou présentant des obstacles (ex : encombrement, cailloux..) pouvant entraîner une chute ou occasionner la torsion d'une articulation ou un choc contre un élément matériel dans les locaux (escaliers, atelier, magasin, bureau..) et les aires de travail. 
- Collision avec un véhicule.";Lésions corporelles, superficielles ou profondes. ;En cours;MARTINEZ.P JEHANNO.P;P1;Existante;"-  Installation de goulottes au sol pour la protection et le passage de câbles, rangement des câbles bureautiques, revêtements antidérapants.
- Dégagement des voies de circulation.
- Balisage réflexe (signalétique temporaire) des zones à risques.";;Aucune;;;
785;152;19;505;6. CSN;CSN PACA Corse et Occitanie;Locaux-bureaux tous CSN;30;Risque lié aux déplacements internes;"- Circulation à pied sur sol glissant, inégal ou présentant des obstacles (ex : encombrement, cailloux..) pouvant entraîner une chute ou occasionner la torsion d'une articulation ou un choc contre un élément matériel dans les locaux (escaliers, atelier, magasin, bureau..) et les aires de travail. 
- Collision avec un véhicule.";Lésions corporelles, superficielles ou profondes. ;En cours;MARTINEZ.P JEHANNO.P;P1;A proposer;" Suppression du risque par réagencement des postes et en cas d’impossibilité généralisation des passages de câbles.
- Généralisation des revêtements antidérapants sur les nez de marches et de pose de signalétique indiquant le danger.
- Anticipation de l’espace d’archivage (y compris archives vivantes).
- Pose systématique de trépied de sécurité (sol glissant) après nettoyage des sols (responsabilité du personnel de nettoyage).";;Aucune;;;
786;264;180;506;6. CSN;CSN PACA Corse et Occitanie;Locaux-bureaux tous CSN;31;Risque lié aux interventions isolées;Présence d’un agent seul au bureau hors de portée de vue ou de voix pendant un certain temps.;Absence d’assistance en cas de malaise, d’accident ou d’agression (voir risque n°34).;En cours;MARTINEZ.P JEHANNO.P;P3;Existante;Téléphones mobiles, tout moyen de communication permettant un contact régulier, fréquent et un suivi à distance avec les collègues, la famille.;;Aucune;;;
787;264;180;507;6. CSN;CSN PACA Corse et Occitanie;Locaux-bureaux tous CSN;31;Risque lié aux interventions isolées;Présence d’un agent seul au bureau hors de portée de vue ou de voix pendant un certain temps.;Absence d’assistance en cas de malaise, d’accident ou d’agression (voir risque n°34).;En cours;MARTINEZ.P JEHANNO.P;P3;A proposer;"- Information et instructions sur l’organisation et mesures aux agents susceptibles d’être dans ces situations,
- définition explicite des tâches assignées afin d’éviter toute ambiguïté, tout dépassement et pour amener à une prise de conscience de la problématique . ";;Aucune;;;
788;265;181;567;6. CSN;CSN PACA Corse et Occitanie;Tous sites inspections CSN  (Navires, ateliers, chantiers ..);32;Risque lié aux vibrations;Exposition à bord des navires lors des contrôles prolongés.;Apparition de douleurs diverses, lombalgies et autres conséquences (troubles musculosquelettiques, neurologiques, circulation sanguine).;En cours;MARTINEZ.P JEHANNO.P;P3;Existante;Pas de mesure;;Aucune;;;
789;266;182;508;6. CSN;CSN PACA Corse et Occitanie;Locaux-bureaux tous CSN;33;Risques psychosociaux (RPS);"- Pression liée aux objectifs chiffrés, relation avec les administrés.
- Mauvaise qualité des rapports sociaux et des relations de travail.";Troubles physiques, psychologiques (stress, anxiété).;En cours;MARTINEZ.P JEHANNO.P;P2;Existante;"- Suivi médical du MDP et permanence ASS, groupe de coordination médico-social.
- Mise en œuvre d’un plan d’évaluation et de prévention des RPS dans le cadre du plan national d’action, plan d’actions en cours.";;Aucune;;;
790;266;182;166;6. CSN;CSN PACA Corse et Occitanie;Locaux-bureaux tous CSN;33;Risques psychosociaux (RPS);"- Pression liée aux objectifs chiffrés, relation avec les administrés.
- Mauvaise qualité des rapports sociaux et des relations de travail.";Troubles physiques, psychologiques (stress, anxiété).;A contrôler;MARTINEZ.P JEHANNO.P;P2;A proposer;"- Vérification régulière si pas de contre indications médicale (état psychosocial) pour les agents en situation isolé.
Suivi du plan d’actions RPS :
- remontées systématiques d’incidents,
- formation gestion des mails à proposer.";;Aucune;;;
791;267;183;509;6. CSN;CSN PACA Corse et Occitanie;Tous sites inspections CSN  (Navires, ateliers, chantiers ..);34;Risque agression / agressivité lié au contact avec l'extérieur;Administré violent, découverte de passagers clandestins.;Traumatisme physique et psychique, stress.;En cours;MARTINEZ.P JEHANNO.P;P3;Existante;"- Téléphones portables.
- Procédure interne de signalement des agressions.
- Visite conduite par 2 inspecteurs lorsqu’un risque d’agression est identifié.";;Aucune;;;
792;267;183;512;6. CSN;CSN PACA Corse et Occitanie;Tous sites inspections CSN  (Navires, ateliers, chantiers ..);34;Risque agression / agressivité lié au contact avec l'extérieur;Administré violent, découverte de passagers clandestins.;Traumatisme physique et psychique, stress.;A contrôler;MARTINEZ.P JEHANNO.P;P3;A proposer;- Remontées systématique d'incidents pour prise en compte ultérieure.;;Aucune;;;
793;24;201;48;6. CSN;CSN PACA Corse et Occitanie;Tous sites inspections CSN  (Navires, ateliers, chantiers ..);35;Risque lié à l'alcool, drogues, médicaments, tabac.;"- Consommation de substances psychoactives pouvant altérer les facultés physiques et psychiques de l’individu et entraîner des accidents du travail ou de circulation (manque de vigilance, perte d’équilibre, diminution des réflexes, effet désinhibant conduisant à la prise de risque).
- Tabagisme et vapotage actif, passif.";"- Lésions corporelles, décès, 
- pathologies liées à la consommation de ces substances,
- affections psychiques,
- Tabagisme : maladies, cancers, insuffisance respiratoire.";En cours;MARTINEZ.P JEHANNO.P;P3;Existante;"- Interdiction de fumer et de vapoter affichée dans certains locaux et lieux de travail.
- Rappel des textes réglementaires.
- Note interne n°270 du 14/03/14 diffusée aux services « politique de la DIRM MED en matière de prévention des risques liés à la consommation d’alcool » .";;Aucune;;;
794;24;201;49;6. CSN;CSN PACA Corse et Occitanie;Tous sites inspections CSN  (Navires, ateliers, chantiers ..);35;Risque lié à l'alcool, drogues, médicaments, tabac.;"- Consommation de substances psychoactives pouvant altérer les facultés physiques et psychiques de l’individu et entraîner des accidents du travail ou de circulation (manque de vigilance, perte d’équilibre, diminution des réflexes, effet désinhibant conduisant à la prise de risque).
- Tabagisme et vapotage actif, passif.";"- Lésions corporelles, décès, 
- pathologies liées à la consommation de ces substances,
- affections psychiques,
- Tabagisme : maladies, cancers, insuffisance respiratoire.";En cours;MARTINEZ.P JEHANNO.P;P3;A proposer;"- Politique de prévention à mettre en place (charte addictions).
- Affichage obligatoire de l’interdiction de fumer et de vapoter dans tous lieux fermés et couverts qui accueillent du public ou qui constituent des lieux de travail (modèle de signalisation fourni sur demande au CP).";;Aucune;;;
795;268;184;510;6. CSN;CSN PACA Corse et Occitanie;Tous sites inspections CSN  (Navires, ateliers, chantiers ..);36;Risque lié à la co-activité et à l'intervention d'entreprises extérieures;"Accident avec véhicule de manutention en zone portuaire (piéton et voiture).";Décès, traumatisme.;En cours;MARTINEZ.P JEHANNO.P;P2;Existante;"- Port de vêtement à haute visibilité ou chasubles fluorescents, consignes, respect des règles particulières de circulation en zone portuaire.
- Sensibilisation et formation à la sécurité des sites portuaires préalable (si existante).";;Aucune;;;
796;268;184;513;6. CSN;CSN PACA Corse et Occitanie;Tous sites inspections CSN  (Navires, ateliers, chantiers ..);36;Risque lié à la co-activité et à l'intervention d'entreprises extérieures;"Accident avec véhicule de manutention en zone portuaire (piéton et voiture).";Décès, traumatisme.;A contrôler;MARTINEZ.P JEHANNO.P;P2;A proposer;"- Recensement des formations nécessaires en zone sensibles, généralisation de ces formations à la sécurité ou mise en réseau des supports de formation en lien avec les gestionnaires de sites portuaires lorsque ceuxci existe.
- Allumage systématique des warning en zone portuaire à risque.";;Aucune;;;
797;269;185;511;6. CSN;CSN PACA Corse et Occitanie;Tous sites inspections CSN  (Navires, ateliers, chantiers ..);36;Risque lié à la co-activité et à l'intervention d'entreprises extérieures;Proximité d’activité de meulage, soudure (navire, chantier naval).;Traumatisme oculaire, brûlure.;En cours;MARTINEZ.P JEHANNO.P;P3;Existante;"- Mise à disposition de protections individuelles (casque ,lunettes, gants, chaussures, vêtements de travail).
- Respect des consignes du bord et/ou du chantier naval.";;Aucune;;;
798;269;185;514;6. CSN;CSN PACA Corse et Occitanie;Tous sites inspections CSN  (Navires, ateliers, chantiers ..);36;Risque lié à la co-activité et à l'intervention d'entreprises extérieures;Proximité d’activité de meulage, soudure (navire, chantier naval).;Traumatisme oculaire, brûlure.;En cours;MARTINEZ.P JEHANNO.P;P3;A proposer;"Prendre les consignes auprès du coordinateur de chantier, sensibilisation aux risques des activités de chantier.";;Aucune;;;
799;270;186;515;6. CSN;CSN PACA Corse et Occitanie;Tous sites inspections CSN  (Navires, ateliers, chantiers ..);36;Risque lié à la co-activité et à l'intervention d'entreprises extérieures;Opérations manutentions, chargement-déchargement véhicules à bord des RO-RO.;"Traumatisme léger à mortel (heurt, écrasement).";En cours;MARTINEZ.P JEHANNO.P;P2;Existante;"Port de vêtements haute visibilité (chasubles fluorescents), vigilance, consignes, respect des règles particulières de circulation à bord (notamment les cheminements piétons dans les ponts garage).";;Aucune;;;
800;25;82;516;6. CSN;CSN PACA Corse et Occitanie;Locaux-bureaux tous CSN;36;Risque lié à la co-activité et à l'intervention d'entreprises extérieures;"- Absences de mesures de protections pour prévenir les risques liés aux interférences engendrées par la co-activité sur un même site (ex : intervention des entreprises de nettoyage sans plan de prévention : sols glissants, stockages et utilisation de produits ménagers présentant des risques, mélanges de produits).
- Interférence des activités lors d’intervention ou de travaux (non évalués) effectués à proximité et/ou dans les locaux administratifs par des entreprises extérieures.";Tous types de dommages (liés à la situation accidentelle imprévue, non évaluée).;En cours;MARTINEZ.P JEHANNO.P;P3;Existante;"- Réalisation partielle de plan de prévention, signalisation, étiquetage.
- Inspections communes au préalable avec aide du document RSICP.";;Aucune;;;
801;25;82;51;6. CSN;CSN PACA Corse et Occitanie;Locaux-bureaux tous CSN;36;Risque lié à la co-activité et à l'intervention d'entreprises extérieures;"- Absences de mesures de protections pour prévenir les risques liés aux interférences engendrées par la co-activité sur un même site (ex : intervention des entreprises de nettoyage sans plan de prévention : sols glissants, stockages et utilisation de produits ménagers présentant des risques, mélanges de produits).
- Interférence des activités lors d’intervention ou de travaux (non évalués) effectués à proximité et/ou dans les locaux administratifs par des entreprises extérieures.";Tous types de dommages (liés à la situation accidentelle imprévue, non évaluée).;A planifier;MARTINEZ.P JEHANNO.P;P3;A proposer;"- Systématisation des inspections et analyses communes préalables (obligation réglementaire) à chaque intervention, pouvant conduire suivant la nature des travaux, à la rédaction d’un plan de prévention (y compris attestation de consignation, protocole de sécurité, permis de feu, etc...).
- Intégration de cette procédure dans les appels d’offres.";;Aucune;;;
802;271;187;517;6. CSN;CSN PACA Corse et Occitanie;Tous sites inspections CSN  (Navires, ateliers, chantiers ..);37;Risque lié à la présence d'animaux;Présence d’animaux à bord de navire.;Morsures, blessures, maladies (grippe aviaire, peste porcine..).;En cours;MARTINEZ.P JEHANNO.P;P3;Existante;"- Pour le contrôle des bétaillères, programmation de la visite avant l’arrivée des animaux.
- Veille des consignes sanitaires, port des EPI jetables recommandés.";;Aucune;;;
803;271;187;518;6. CSN;CSN PACA Corse et Occitanie;Tous sites inspections CSN  (Navires, ateliers, chantiers ..);37;Risque lié à la présence d'animaux;Présence d’animaux à bord de navire.;Morsures, blessures, maladies (grippe aviaire, peste porcine..).;En cours;MARTINEZ.P JEHANNO.P;P3;A proposer;Archivage des consignes sanitaires et fiches réflexe.;;Aucune;;;
804;26;28;519;6. CSN;CSN PACA Corse et Occitanie;Tous sites inspections CSN  (Navires, ateliers, chantiers ..);38;Risque routier;"Accident de trajet ou de mission lié à la fréquence et à la longueur des déplacements.
Le risque est accentué par la fatigue, la prise d’alcool ou de médicaments, l’usage du téléphone en conduisant et suivant l’état du véhicule.";Lésions corporelles, superficielles ou profondes, décès.;En cours;MARTINEZ.P JEHANNO.P;P1;Existante;"- Respect du code de la route, prise en compte des recommandations de la prévention routière sur les temps de repos,
- vérification visuelle du véhicule avant chaque déplacement, 
- préparation des déplacements,
- suivi et entretien régulier des véhicules, contrôle technique,
- utilisation des outils de (télé)communications (internet, visioconférence) permettant d’éviter certains déplacements,
- trajets sur autoroutes privilégiés (cartes de télépéages généralisées),
- utilisation de véhicules adaptés,
- respect de la charte sur l’utilisation des véhicules de service (disponible sur l’intranet),
- covoiturage,
- en cas de panne, accident, crevaison, panne/erreur de carburant, vol/vandalisme, perte de clés/carte démarrage contacter le n° d’assistance inscrit dans les pochettes véhicules.
- Voir aussi le risque 29 lié aux conditions de travail particulières (horaires décalés, astreinte).";;Aucune;;;
805;26;28;520;6. CSN;CSN PACA Corse et Occitanie;Tous sites inspections CSN  (Navires, ateliers, chantiers ..);38;Risque routier;"Accident de trajet ou de mission lié à la fréquence et à la longueur des déplacements.
Le risque est accentué par la fatigue, la prise d’alcool ou de médicaments, l’usage du téléphone en conduisant et suivant l’état du véhicule.";Lésions corporelles, superficielles ou profondes, décès.;En cours;MARTINEZ.P JEHANNO.P;P1;A proposer;"- Meilleure préparation des déplacements (consultation de la météo, itinéraire, prise en compte des retours de longs déplacements).
- Evolution du carnet de maintenance pour permettre le signalement des anomalies sur les véhicules,
- Equiper les véhicules de lingettes nettoyantes vitres (visibilité, buée).
- PPRR à finaliser, sensibilisation aux risques routiers, stages.";;Aucune;;;
806;272;28;521;6. CSN;CSN PACA Corse et Occitanie;Tous sites inspections CSN  (Navires, ateliers, chantiers ..);38;Risque routier;Panne en zone dangereuse (autoroute), circulation en zones industrielles portuaires, bordure de quai, sol minéralier…;Lésions corporelles, superficielles ou profondes, décès.;En cours;MARTINEZ.P JEHANNO.P;P2;Existante;"- Suivi et entretien régulier des véhicules, contrôle technique,
- dotation en téléphones portables.
- en cas de panne, accident, crevaison, panne/erreur de carburant, vol/vandalisme, perte de clés/carte démarrage contacter le n° d’assistance inscrit dans les pochettes véhicules,
- en cas de panne ou d’accident : port du gilet fluorescent, triangle de signalisation, maintien à distance de la chaussée dans l’attente de l’assistance.";;Aucune;;;
807;272;28;522;6. CSN;CSN PACA Corse et Occitanie;Tous sites inspections CSN  (Navires, ateliers, chantiers ..);38;Risque routier;Panne en zone dangereuse (autoroute), circulation en zones industrielles portuaires, bordure de quai, sol minéralier…;Lésions corporelles, superficielles ou profondes, décès.;A contrôler;MARTINEZ.P JEHANNO.P;P2;A proposer;"- Recensement des besoins en marteau brisevitre + décision commune d’emplacement commun (ex : boite à gants des véhicules).
- Prise des consignes (numéros utiles) à l’accueil des sites à risques.";;Aucune;;;
808;89;29;523;6. CSN;CSN PACA Corse et Occitanie;Tous sites inspections CSN  (Navires, ateliers, chantiers ..);39;Risque sanitaire : transmission de maladies, infections, allergies.;"Exposition à des agents infectieux (bactéries*, virus*, champignons, parasites) ou allergènes (pollens, insectes..), transmis par contact avec l’environnement, les gens, les animaux, les insectes, la végétation (exemple lors de contact avec des personnes contaminées, des insectes, moisissures, animaux morts, des éléments souillés : poignée de porte, détritus divers, matières fécales).
Lors d'inspections de navire: Vie de l'équipage en vase clos à bord (la promiscuité favorise la propagation de maladies, épidémie).

* Analyse de situations d’expositions et impact épidémique (Ex : Angine, Grippe, Covid..) :
• Exposition par contact interpersonnel: risque de transmission directe par postillons contaminés émis par autrui :
      - Parler projette des postillons à environ 1,5 m,
      - Éternuer, tousser les projette à environ 3-5 m.
• Exposition par contact avec des surfaces contaminées : locaux de travail, matériels, produits : risque de transmission indirecte par manuportage (en se touchant le visage notamment le nez, la bouche, les yeux avec les mains).      
• Impact organisationnel (mode dégradé), associé à une restructuration de l’activité. Il est d’autant plus fort si la réorganisation se fait « à chaud », en réaction, et non sur la base d’une anticipation.";"- Symptômes respiratoires, (asthme, allergies).
- Maladies, infections et intoxications, réactions allergiques, cutanées.
- Transmissibilité à l'homme de différentes formes de virus (Grippe, Covid..), de bactéries, de champignons, de parasites.";En cours;MARTINEZ.P JEHANNO.P;P2;Existante;"- Lavage des mains régulier pour se décontaminer et éviter de contaminer les autres ou utilisation de produit hydroalcooliques désinfectant (les gels antibactérien ne remplacent pas l’eau et le savon).
- En général pas de contact des mains souillées avec ses yeux, son nez, sa bouche.
- Vestiaires, douches, matériel de lavage des vêtements.";;Aucune;;;
809;89;29;176;6. CSN;CSN PACA Corse et Occitanie;Tous sites inspections CSN  (Navires, ateliers, chantiers ..);39;Risque sanitaire : transmission de maladies, infections, allergies.;"Exposition à des agents infectieux (bactéries*, virus*, champignons, parasites) ou allergènes (pollens, insectes..), transmis par contact avec l’environnement, les gens, les animaux, les insectes, la végétation (exemple lors de contact avec des personnes contaminées, des insectes, moisissures, animaux morts, des éléments souillés : poignée de porte, détritus divers, matières fécales).
Lors d'inspections de navire: Vie de l'équipage en vase clos à bord (la promiscuité favorise la propagation de maladies, épidémie).

* Analyse de situations d’expositions et impact épidémique (Ex : Angine, Grippe, Covid..) :
• Exposition par contact interpersonnel: risque de transmission directe par postillons contaminés émis par autrui :
      - Parler projette des postillons à environ 1,5 m,
      - Éternuer, tousser les projette à environ 3-5 m.
• Exposition par contact avec des surfaces contaminées : locaux de travail, matériels, produits : risque de transmission indirecte par manuportage (en se touchant le visage notamment le nez, la bouche, les yeux avec les mains).      
• Impact organisationnel (mode dégradé), associé à une restructuration de l’activité. Il est d’autant plus fort si la réorganisation se fait « à chaud », en réaction, et non sur la base d’une anticipation.";"- Symptômes respiratoires, (asthme, allergies).
- Maladies, infections et intoxications, réactions allergiques, cutanées.
- Transmissibilité à l'homme de différentes formes de virus (Grippe, Covid..), de bactéries, de champignons, de parasites.";En cours;MARTINEZ.P JEHANNO.P;P2;A proposer;"- Prévoir en l’absence de point d’eau sur site d’intervention : un jerrican d’eau, du savon et des essuie-mains à usage unique ou du produit hydroalcooliques désinfectant (les gels anti-bactérien ne remplacent pas l’eau et le savon).


- En période d'épidémie (grippe, Covid..), mise en application :

=> des consignes principales (hygiène des mains, mesures barrières, distanciation physique,…),


=> du plan de continuité d’activité (en fonction des différents niveaux),


=> du plan de reprise des activités et des procédures spécifiques définisant les mesures de protection (organisationnelles, collectives, individuelles..) à mettre en œuvre au sein des services en fonction des diverses activités afin de réduire la propagation du virus (ré-évaluation nécessaire des risques, en incluant les situations liées au Covid-19).


- Remontées des besoins en équipements et protections spécifiques.
";;Aucune;;;
810;273;90;524;6. CSN;CSN PACA Corse et Occitanie;Locaux-bureaux tous CSN;39;Risque sanitaire : transmission de maladies, infections, allergies.;"Lors d’inhalation d’aérosols émis par la vapeur d’eau chaude sanitaire contaminée par des légionelles* au points d’usages. 
* Le risque de prolifération de la bactérie légionella pneumophila favorisé par une température de l’eau de 25° à 43° (installationsd’eau chaude sanitaire, réserve stagnante, cumulus peu utilisés, bras morts).";La contamination bactérienne par les  voies respiratoires provoque la légionellose (pneumopathie pouvant  laisser des séquelles graves sur les plans cardiaques, respiratoires et musculaires et entraîner le décès).;A contrôler;MARTINEZ.P JEHANNO.P;P2;A proposer;"Démarche préventive et consignes : 
- vérifications des installations d’eau chaude sanitaire particulièrement si présence de bras morts et/ou peu utilisées,
- éventuellement analyses de l’eau,
- Réglage et maintient de la température de l’eau chaude sanitaire à 45°C (mini) en sortie (robinets, douches...)
- laisser couler l’eau quand elle a stagné.
- Démarche curative : (choc thermique ,chlore).";;12 mois;03/03/2024;;
811;274;188;525;6. CSN;CSN PACA Corse et Occitanie;Tous sites inspections CSN  (Navires, ateliers, chantiers ..);39;Risque sanitaire : transmission de maladies, infections, allergies.;"Contamination par ingestion (micro-organismes pathogènes, bactéries) lors de la prise de repas à bord de navire (par défaut d’hygiène : alimentaires, des locaux).";Infections alimentaires, intoxication, maladies diverses (leptospirose...).;En cours;MARTINEZ.P JEHANNO.P;P3;Existante;"- Contrôle des cuisines, réfrigérateurs et cambuses.
- Consommation de boissons en bouteille. 
- Contrôle des vaccinations requises par le médecin de prévention.";;Aucune;;;
812;275;189;526;6. CSN;CSN PACA Corse et Occitanie;Tous sites inspections CSN  (Navires, ateliers, chantiers ..);39;Risque sanitaire : transmission de maladies, infections, allergies.;Contamination par équipage étranger dans le cadre du MOU.;Maladie bénigne à mortelle (SRAS, grippe A, tuberculose, Ebola, Marbour...).;En cours;MARTINEZ.P JEHANNO.P;P3;Existante;"- Veille, diffusion et respect des consignes sanitaires gouvernementales.
- Mise à jour du carnet de vaccination.
- Fiche réflexe EBOLA de la DAM.";;Aucune;;;
813;276;190;527;6. CSN;CSN PACA Corse et Occitanie;Tous sites inspections CSN  (Navires, ateliers, chantiers ..);39;Risque sanitaire : transmission de maladies, infections, allergies.;"Maladies, infections rencontrées lors des déplacements à l’étranger (paludisme, hépatite, fièvre jaune, fièvre typhoïde, diarrhée aiguë), contamination due à la présence de bétail, volailles (bêtes mortes, déjections).";Décès, maladie.;En cours;MARTINEZ.P JEHANNO.P;P3;Existante;"- Carnet de vaccination à jour selon les recommandations de l’OMS en fonction des pays visités. 
- Prise en compte des recommandations du ministère des affaires étrangères.
- Suivi médical annuel.
- Pour le contrôle des bétaillères, programmation de la visite avant l’arrivée des animaux.";;Aucune;;;
814;276;190;528;6. CSN;CSN PACA Corse et Occitanie;Tous sites inspections CSN  (Navires, ateliers, chantiers ..);39;Risque sanitaire : transmission de maladies, infections, allergies.;"Maladies, infections rencontrées lors des déplacements à l’étranger (paludisme, hépatite, fièvre jaune, fièvre typhoïde, diarrhée aiguë), contamination due à la présence de bétail, volailles (bêtes mortes, déjections).";Décès, maladie.;A contrôler;MARTINEZ.P JEHANNO.P;P3;A proposer;Demande d’avis du médecin de prévention sur la vaccination contre l’hépatite A des agents qui effectuent des visites PSC.;;Aucune;;;
815;278;191;529;7. SSGM;SSGM-Méditerranée;Tous sites SSGM de Méditerranée (Agents hébergés) ;2;Risque Biologique;Lors des consultations et examen médicaux : exposition accidentelle aux liquides biologiques (déchets médicaux, analyses d’urines, vaccinations).;Maladies et/ou pathologie selon source de contamination.;En cours;Christophe DUPORT;P2;Existante;"- EPI médicaux (gants, masques jetable), nettoyage des mains régulier, produits hydroalcooliques (ne remplacent pas l’eau et le savon).
- Le port de blouse est jugé non nécessaire par le personnel hors période de risques et contraignant au niveau de la logistique (lavage..)";;Aucune;;;
817;279;192;530;7. SSGM;SSGM-Méditerranée;Navires et locaux inspectés au titre du réglement sanitaire international;3;Risque Chimique;Accès à divers terminaux à risque ou navires à risques (chimiquiers). Inhalation ou contact avec des produits toxiques, chimiques ou par projection accidentelle;Affections diverses en fonction des substances chimiques.;En cours;Christophe DUPORT;P3;Existante;"- Respect des procédures de la zone portuaire et du bord.
- Pas de déplacements seul à bord (visites toujours accompagnées d’un membre de l’équipage).";;Aucune;;;
818;279;192;531;7. SSGM;SSGM-Méditerranée;Navires et locaux inspectés au titre du réglement sanitaire international;3;Risque Chimique;Accès à divers terminaux à risque ou navires à risques (chimiquiers). Inhalation ou contact avec des produits toxiques, chimiques ou par projection accidentelle;Affections diverses en fonction des substances chimiques.;A contrôler;Christophe DUPORT;P3;A proposer;Sensibilisation, formation aux consignes de sécurité spécifiques des terminaux à risque. ;;Aucune;;;
822;2;1;11;7. SSGM;SSGM-Méditerranée;Tous sites SSGM de Méditerranée (Agents hébergés) ;4;Risque chimique lié à l'utilisation de produits CMR;SANS OBJET;SANS OBJET;-1;0;0;Existante;AUCUNE / SANS OBJET;;Aucune;;;
823;4;9;532;7. SSGM;SSGM-Méditerranée;Tous sites SSGM de Méditerranée (Agents hébergés) ;5;Risque de brûlure thermique;"- Interventions sur photocopieurs (bourrages papier, changement de toner),
- renverser accidentellement un liquide brûlant (boissons chaudes, bouilloires électriques).";Brûlures légères;En cours;Christophe DUPORT;P3;Existante;"- Signalétique et indications des surfaces chaudes inscrites sur le photocopieur.
- Rangement des surfaces bureautiques et des coins repas (prolongateurs, multiprises, cafetières, bouilloires électriques…).";;Aucune;;;
824;5;111;659;7. SSGM;SSGM-Méditerranée;Tous sites SSGM de Méditerranée (Agents hébergés) ;6;Risque électrique;"- Contact direct (pièces nues sous tension accessibles) ou indirect (masses mises inopinément sous tension) accidentel dû à la défaillance du matériel, des équipements ou des installations électriques :
=> utilisation de matériel électrique non conforme : obsolète ou détérioré (fil dénudé, défaut d’isolation,…),
=> défaut de : conformité (ex : manque de continuité de liaison à la terre), matérialisation de la zone de voisinage, isolement des parties actives sur les installations et équipements.
- Mauvais usage (surcharge) de multiprises et prolongateurs.";Electrocution (décés), électrisation: fibrillation, lésions internes ou externes. Brûlures par arc électrique, incendie, explosion.;A contrôler;Christophe DUPORT;P2;Existante;"Tous les services de santé des gens de mer sont hébergés sur plusieurs sites.
Pour ce risque veuillez vous reporter au(x) site(s) hébergeur(s) dans l’unité « 8.GESTIONNAIRE SITE » pour visionner les mesures (existantes ou à proposer) qui concernent votre service.";;6 mois;03/09/2023;;
825;5;111;659;7. SSGM;SSGM-Méditerranée;Tous sites SSGM de Méditerranée (Agents hébergés) ;6;Risque électrique;"- Contact direct (pièces nues sous tension accessibles) ou indirect (masses mises inopinément sous tension) accidentel dû à la défaillance du matériel, des équipements ou des installations électriques :
=> utilisation de matériel électrique non conforme : obsolète ou détérioré (fil dénudé, défaut d’isolation,…),
=> défaut de : conformité (ex : manque de continuité de liaison à la terre), matérialisation de la zone de voisinage, isolement des parties actives sur les installations et équipements.
- Mauvais usage (surcharge) de multiprises et prolongateurs.";Electrocution (décés), électrisation: fibrillation, lésions internes ou externes. Brûlures par arc électrique, incendie, explosion.;A contrôler;Christophe DUPORT;P2;A proposer;"Tous les services de santé des gens de mer sont hébergés sur plusieurs sites.
Pour ce risque veuillez vous reporter au(x) site(s) hébergeur(s) dans l’unité « 8.GESTIONNAIRE SITE » pour visionner les mesures (existantes ou à proposer) qui concernent votre service.";;6 mois;03/09/2023;;
826;280;161;533;7. SSGM;SSGM-Méditerranée;Navires et locaux inspectés au titre du réglement sanitaire international;7;Risque explosion;"Explosion de navires citerne, de réservoirs sous pression lors d’une visite RSI.";Brûlures légères à graves, dommages, lésions.;En cours;Christophe DUPORT;P3;Existante;"- Respect des consignes de sécurité du bord.
- réduction à une liste très restreinte (1 à 2 fois/an).";;Aucune;;;
827;280;161;534;7. SSGM;SSGM-Méditerranée;Navires et locaux inspectés au titre du réglement sanitaire international;7;Risque explosion;"Explosion de navires citerne, de réservoirs sous pression lors d’une visite RSI.";Brûlures légères à graves, dommages, lésions.;A contrôler;Christophe DUPORT;P3;A proposer;"- Sensibilisation, formation aux consignes de sécurité spécifiques des terminaux à risque. 
- Consultation du plan de surveillance et d’intervention dépôts pétroliers de Fos.";;Aucune;;;
828;8;11;659;7. SSGM;SSGM-Méditerranée;Tous sites SSGM de Méditerranée (Agents hébergés) ;8;Risque Incendie;Incendie dans les locaux de travail.;Brûlures légères à graves, dommages, lésions, décés.;A contrôler;Christophe DUPORT;P3;Existante;"Tous les services de santé des gens de mer sont hébergés sur plusieurs sites.
Pour ce risque veuillez vous reporter au(x) site(s) hébergeur(s) dans l’unité « 8.GESTIONNAIRE SITE » pour visionner les mesures (existantes ou à proposer) qui concernent votre service.";;6 mois;03/09/2023;;
829;8;11;659;7. SSGM;SSGM-Méditerranée;Tous sites SSGM de Méditerranée (Agents hébergés) ;8;Risque Incendie;Incendie dans les locaux de travail.;Brûlures légères à graves, dommages, lésions, décés.;A planifier;Christophe DUPORT;P2;A proposer;"Tous les services de santé des gens de mer sont hébergés sur plusieurs sites.
Pour ce risque veuillez vous reporter au(x) site(s) hébergeur(s) dans l’unité « 8.GESTIONNAIRE SITE » pour visionner les mesures (existantes ou à proposer) qui concernent votre service.";;6 mois;03/09/2023;;
830;241;11;535;7. SSGM;SSGM-Méditerranée;Navires et locaux inspectés au titre du réglement sanitaire international;8;Risque Incendie;Incendie à bord du navire ou sur les installations portuaires.;Brûlures légères à graves, dommages, lésions, décés.;En cours;Christophe DUPORT;P3;Existante;Respect des consignes de sécurité du bord.;;Aucune;;;
831;241;11;536;7. SSGM;SSGM-Méditerranée;Navires et locaux inspectés au titre du réglement sanitaire international;8;Risque Incendie;Incendie à bord du navire ou sur les installations portuaires.;Brûlures légères à graves, dommages, lésions, décés.;A contrôler;Christophe DUPORT;P3;A proposer;Prise des consignes lors des visites (accueil des sites à risques).;;Aucune;;;
834;2;1;11;7. SSGM;SSGM-Méditerranée;Tous sites SSGM de Méditerranée (Agents hébergés) ;9;Risque Rayonnement Optiques Artificiels: DEL/Eclairage à forte luminance/Laser;SANS OBJET;SANS OBJET;-1;0;0;Existante;AUCUNE / SANS OBJET;;Aucune;;;
835;2;1;11;7. SSGM;SSGM-Méditerranée;Tous sites SSGM de Méditerranée (Agents hébergés) ;10;Risque lié à l'utilisation de produits pyrotechniques;SANS OBJET;SANS OBJET;-1;0;0;Existante;AUCUNE / SANS OBJET;;Aucune;;;
836;2;1;11;7. SSGM;SSGM-Méditerranée;Tous sites SSGM de Méditerranée (Agents hébergés) ;11;Risque lié à la manipulation d'outils;SANS OBJET;SANS OBJET;-1;0;0;Existante;AUCUNE / SANS OBJET;;Aucune;;;
837;9;12;659;7. SSGM;SSGM-Méditerranée;Tous sites SSGM de Méditerranée (Agents hébergés) ;12;Risque lié aux automatismes;Barrières, portes, portails automatiques et divers automatismes défaillants;Ecrasements, chocs : blessures diverses.;A contrôler;Christophe DUPORT;P2;Existante;"Tous les services de santé des gens de mer sont hébergés sur plusieurs sites.
Pour ce risque veuillez vous reporter au(x) site(s) hébergeur(s) dans l’unité « 8.GESTIONNAIRE SITE » pour visionner les mesures (existantes ou à proposer) qui concernent votre service.";;6 mois;03/09/2023;;
838;281;17;537;7. SSGM;SSGM-Méditerranée;Navires et locaux inspectés au titre du réglement sanitaire international;13;Risque lié aux fluides et équipements sous-pression ;Rupture accidentelle de canalisations en salle des machines lors des visites RSI.;Lésions diverses;En cours;Christophe DUPORT;P3;Existante;"- Port des protections individuelles (casque, gants), 
- Pas de déplacements seul à bord (visites toujours accompagnées d’un membre de l’équipage).";;Aucune;;;
840;2;1;11;7. SSGM;SSGM-Méditerranée;Tous sites SSGM de Méditerranée (Agents hébergés) ;14;Risque lié aux gestes répétitifs;SANS OBJET;SANS OBJET;-1;0;0;Existante;AUCUNE / SANS OBJET;;Aucune;;;
841;2;1;11;7. SSGM;SSGM-Méditerranée;Tous sites SSGM de Méditerranée (Agents hébergés) ;15;Risque lié aux postures de travail;SANS OBJET;SANS OBJET;-1;0;0;Existante;AUCUNE / SANS OBJET;;Aucune;;;
842;10;14;659;7. SSGM;SSGM-Méditerranée;Tous sites SSGM de Méditerranée (Agents hébergés) ;16;Risque lié aux rayonnements ionisants et non ionisants (électromagnétiques);Inhalation du radon (gaz radioactif d’origine naturelle essentiellement présent dans le sol) concentré (niveau de référence inférieur à 300Bq/m3 en moyenne annuelle) dans des lieux confinés (sous-sols et rdc mal aérés) pendant une durée importante.;A long terme peut être la cause de cancers du poumon (en fonction de la concentration dans les locaux et du temps d'exposition).;A contrôler;Christophe DUPORT;P1;Existante;"Tous les services de santé des gens de mer sont hébergés sur plusieurs sites.
Pour ce risque veuillez vous reporter au(x) site(s) hébergeur(s) dans l’unité « 8.GESTIONNAIRE SITE » pour visionner les mesures (existantes ou à proposer) qui concernent votre service.";;12 mois;28/03/2024;;
843;10;14;659;7. SSGM;SSGM-Méditerranée;Tous sites SSGM de Méditerranée (Agents hébergés) ;16;Risque lié aux rayonnements ionisants et non ionisants (électromagnétiques);Inhalation du radon (gaz radioactif d’origine naturelle essentiellement présent dans le sol) concentré (niveau de référence inférieur à 300Bq/m3 en moyenne annuelle) dans des lieux confinés (sous-sols et rdc mal aérés) pendant une durée importante.;A long terme peut être la cause de cancers du poumon (en fonction de la concentration dans les locaux et du temps d'exposition).;A planifier;Christophe DUPORT;P1;A proposer;"Tous les services de santé des gens de mer sont hébergés sur plusieurs sites.
Pour ce risque veuillez vous reporter au(x) site(s) hébergeur(s) dans l’unité « 8.GESTIONNAIRE SITE » pour visionner les mesures (existantes ou à proposer) qui concernent votre service.";;12 mois;28/03/2024;;
844;282;193;538;7. SSGM;SSGM-Méditerranée;Tous sites SSGM de Méditerranée (Agents hébergés) ;17;Risque manutention manuelle;"Lors de l’approvisionnement de fournitures médicales et bureautique.";Lombalgies, écrasement, tendinites, etc...;En cours;Christophe DUPORT;P3;Existante;"- Etude du conditionnement : fractionnement des charges,
- Outils d'aide à la manutention sur certains sites, Zattara :
=> Acquisition d’un chariot de manutention adapté pour franchir les escaliers (trois roues).
=> Acquisition d’un rail de plan incliné pour les trois marches du RDC.";;Aucune;;;
845;282;193;539;7. SSGM;SSGM-Méditerranée;Tous sites SSGM de Méditerranée (Agents hébergés) ;17;Risque manutention manuelle;"Lors de l’approvisionnement de fournitures médicales et bureautique.";Lombalgies, écrasement, tendinites, etc...;A contrôler;Christophe DUPORT;P3;A proposer;"- Fractionnement des charges.
- Remontée des besoins en équipement d’aide à la manutention (diable, chariot) à faire remonter.";;Aucune;;;
846;2;1;11;7. SSGM;SSGM-Méditerranée;Tous sites SSGM de Méditerranée (Agents hébergés) ;18;Risque manutention mécanique et au levage;SANS OBJET;SANS OBJET;-1;0;0;Existante;AUCUNE / SANS OBJET;;Aucune;;;
847;2;1;11;7. SSGM;SSGM-Méditerranée;Tous sites SSGM de Méditerranée (Agents hébergés) ;19;Risque mécanique;SANS OBJET;SANS OBJET;-1;0;0;Existante;AUCUNE / SANS OBJET;;Aucune;;;
848;2;1;11;7. SSGM;SSGM-Méditerranée;Tous sites SSGM de Méditerranée (Agents hébergés) ;20;Risque d'asphyxie;SANS OBJET;SANS OBJET;-1;0;0;Existante;AUCUNE / SANS OBJET;;Aucune;;;
849;283;169;540;7. SSGM;SSGM-Méditerranée;Navires et locaux inspectés au titre du réglement sanitaire international;21;Risque de chute d'objet;"Proximité des opérations de manutention portuaire lors de la visite d’un navire :
- chute de twist-locks, barres ou raidisseurs sur pont,
- chute de charge lourde sous grue (navires, chantiers).";Choc, traumatisme, décès.;En cours;Christophe DUPORT;P3;Existante;"- Protections individuelles (casque, chasubles, chaussures de sécurité), respect des consignes liées au déplacement (voie de circulation,signalétique).
- Suivi de l’état des EPI, la personne référente désignée est le CSP. ";;Aucune;;;
850;283;169;543;7. SSGM;SSGM-Méditerranée;Navires et locaux inspectés au titre du réglement sanitaire international;21;Risque de chute d'objet;"Proximité des opérations de manutention portuaire lors de la visite d’un navire :
- chute de twist-locks, barres ou raidisseurs sur pont,
- chute de charge lourde sous grue (navires, chantiers).";Choc, traumatisme, décès.;En cours;Christophe DUPORT;P3;A proposer;"- Inventaire des besoins en veste haute visibilité et autres.
- Vigilance particulière (ne pas rester sous la charge, ou dans la zone de manutention).";;Aucune;;;
851;284;194;541;7. SSGM;SSGM-Méditerranée;Navires et locaux inspectés au titre du réglement sanitaire international;22;Risque de chute de hauteur et de plain pied;"Selon la configuration des navires accidentogène (trous d'homme, sols glissants, faible éclairage, mauvais état des échelles, coupées).";Traumatisme léger à grave, écrasement.;En cours;Christophe DUPORT;P3;Existante;"- Protections individuelles (casque, gants, chaussures de sécurité à semelles antidérapantes).
- Visite guidée par un membre de l’équipage.
- Lampes portatives à disposition.";;Aucune;;;
852;284;194;544;7. SSGM;SSGM-Méditerranée;Navires et locaux inspectés au titre du réglement sanitaire international;22;Risque de chute de hauteur et de plain pied;"Selon la configuration des navires accidentogène (trous d'homme, sols glissants, faible éclairage, mauvais état des échelles, coupées).";Traumatisme léger à grave, écrasement.;En cours;Christophe DUPORT;P3;A proposer;"- Compléter la dotation en lampes portatives.";;Aucune;;;
853;285;171;542;7. SSGM;SSGM-Méditerranée;Navires et locaux inspectés au titre du réglement sanitaire international;23;Risque de noyade;Accès difficile à bord de certains navires engendrant un risque de chute à la mer.;"Chute accidentelle à la mer à l’embarquement, au débarquement, en cas de transbordement, en cours de navigation.";En cours;Christophe DUPORT;P2;Existante;"- Privilégier les accès les plus sûrs (demander si nécessaire).
- Pas d’embarquement seul et sans se faire connaître.";;Aucune;;;
854;285;171;545;7. SSGM;SSGM-Méditerranée;Navires et locaux inspectés au titre du réglement sanitaire international;23;Risque de noyade;Accès difficile à bord de certains navires engendrant un risque de chute à la mer.;"Chute accidentelle à la mer à l’embarquement, au débarquement, en cas de transbordement, en cours de navigation.";A contrôler;Christophe DUPORT;P3;A proposer;- Port systématique du VFI à flottabilité additionnelle (150 N) dès lorsqu’il y a une risque de chute à la mer.;;Aucune;;;
855;286;72;546;7. SSGM;SSGM-Méditerranée;Navires et locaux inspectés au titre du réglement sanitaire international;24;Risque lié à l'ambiance thermique;"Lors des visites RSI : exposition prolongée et intense au soleil (éblouissement, rayonnement solaire, réflexion sur la mer).";Cancer de la peau, brûlures, mélanomes, lésions oculaires.;En cours;Christophe DUPORT;P3;Existante;"- Port de lunettes de protection solaires à indice UV adapté (si possible polarisées).
- Prise en compte de l’exposition prolongée au soleil dans la programmation des inspections en extérieur.";;Aucune;;;
856;286;72;486;7. SSGM;SSGM-Méditerranée;Navires et locaux inspectés au titre du réglement sanitaire international;24;Risque lié à l'ambiance thermique;"Lors des visites RSI : exposition prolongée et intense au soleil (éblouissement, rayonnement solaire, réflexion sur la mer).";Cancer de la peau, brûlures, mélanomes, lésions oculaires.;En cours;Christophe DUPORT;P3;A proposer;"- Les modèles polycarbonate se rayent facilement : prévoir leur renouvellement et/ou un étui de stockage.
Rappel des bonnes pratiques (port de casquette, et vêtements adaptés, etc...), renouvellement des dotations d’EPI (lunettes de soleil avec indice UV adapté et crème solaire).";;Aucune;;;
857;256;19;547;7. SSGM;SSGM-Méditerranée;Navires et locaux inspectés au titre du réglement sanitaire international;25;Risque lié à l'éclairage;"Déplacements ou travail dans une zone mal éclairée.";Lésions corporelles, superficielles ou profondes. ;En cours;Christophe DUPORT;P3;Existante;"Pour les visites RSI :Lampe portable (frontale à privilégier avec piles de remplacement, indispensable dans la dotation) et projecteurs d’appoint.";;Aucune;;;
858;256;19;548;7. SSGM;SSGM-Méditerranée;Tous sites SSGM de Méditerranée (Agents hébergés) ;25;Risque lié à l'éclairage;"Déplacements ou travail dans une zone mal éclairée.";Lésions corporelles, superficielles ou profondes. ;A contrôler;Christophe DUPORT;P3;A proposer;"- Entretien régulier des systèmes d’éclairage des locaux/bureaux.
- Etude avant remplacement par DEL (contacter le CP si besoin).";;Aucune;;;
859;287;20;549;7. SSGM;SSGM-Méditerranée;Tous sites SSGM de Méditerranée (Agents hébergés) ;25;Risque lié à l'éclairage;Éclairage trop puissant, trop faible ou non adapté au poste de travail bureautique.;Effets oculaires, visuels et généraux (maux de tête, fatigue, agressivité..).;En cours;Christophe DUPORT;P3;Existante;"- Lampes de bureaux individuelles, stores aux fenêtres, relamping et réglage des luminaires direct/indirect sur pied de Zattara.
- Etude et recommandations formulées sur le type d’éclairage optimal sur certains postes.";;Aucune;;;
860;287;20;39;7. SSGM;SSGM-Méditerranée;Tous sites SSGM de Méditerranée (Agents hébergés) ;25;Risque lié à l'éclairage;Éclairage trop puissant, trop faible ou non adapté au poste de travail bureautique.;Effets oculaires, visuels et généraux (maux de tête, fatigue, agressivité..).;En cours;Christophe DUPORT;P3;A proposer;Généralisation des solutions d'adaptations ergonomiques (consultation des nombreux guides conseils en ligne, voir R.28), étude de l’éclairement du poste de travail (contacter le CP si besoin).;;Aucune;;;
861;288;195;550;7. SSGM;SSGM-Méditerranée;Tous sites SSGM de Méditerranée (Agents hébergés) ;25;Risque lié à l'éclairage;Bureau 1.08 zattara : le système d'éclairage (encastré sans grille de défillements) à détection de présence automatique présente un éblouissement au niveau des postes de travail sur écrans.;Eblouissement, fatigue et trouble de la vision.;En cours;Christophe DUPORT;P2;A proposer;Étude technique /devis en vue d'une amélioration (suppression de la détection automatique).;;Aucune;;;
862;75;21;36;7. SSGM;SSGM-Méditerranée;Tous sites SSGM de Méditerranée (Agents hébergés) ;26;Risque lié à la qualité de l'air;Lors de manque d'entretien des climatiseurs + non respect des précautions d'usages (amplitude supérieure à 8°C néfaste à la santé), mauvaise ventilation naturelle ou mécanique.;Problèmes respiratoires et ORL, irritations oculaires ou cutanées, choc thermique, maux de tête.;En cours;Christophe DUPORT;P3;Existante;"- Entretien régulier des installations de traitement de l’air.
- Aération régulière les locaux.
-Respect des amplitudes de réglage,
- Zattara un thermomètre indicatif a été distribué à chaque occupant de bureau.";;Aucune;;;
863;75;21;551;7. SSGM;SSGM-Méditerranée;Tous sites SSGM de Méditerranée (Agents hébergés) ;26;Risque lié à la qualité de l'air;Lors de manque d'entretien des climatiseurs + non respect des précautions d'usages (amplitude supérieure à 8°C néfaste à la santé), mauvaise ventilation naturelle ou mécanique.;Problèmes respiratoires et ORL, irritations oculaires ou cutanées, choc thermique, maux de tête.;En cours;Christophe DUPORT;P3;A proposer;"Vigilance sur le réglage de la climatisation: Il est fortement déconseillé de dépasser les 8°C d'écart entre l'intérieur et l'extérieur (ex pour 30°C à l’extérieur il serait raisonnable de se contenter de 22°C minimum à l'intérieur).";;Aucune;;;
864;289;76;552;7. SSGM;SSGM-Méditerranée;Navires et locaux inspectés au titre du réglement sanitaire international;27;Risque lié au bruit;"Environnement bruyant* : bruit émis en salle des machines lors des visites RSI.
*Au delà du seuil d’ exposition sonore: quotidien (supérieur à 85 dB(a)) ou niveau de pression acoustique de crête (bruit intenses mais courts).";Hypoacousie de perception par lésion cochléaire irréversible, accompagnée ou non d’acouphènes.;En cours;Christophe DUPORT;P3;Existante;"Port des (PICB) protections individuelles contre le bruit adaptés (casques antibruit x4, bouchons d’oreille).";;Aucune;;;
865;289;76;553;7. SSGM;SSGM-Méditerranée;Navires et locaux inspectés au titre du réglement sanitaire international;27;Risque lié au bruit;"Environnement bruyant* : bruit émis en salle des machines lors des visites RSI.
*Au delà du seuil d’ exposition sonore: quotidien (supérieur à 85 dB(a)) ou niveau de pression acoustique de crête (bruit intenses mais courts).";Hypoacousie de perception par lésion cochléaire irréversible, accompagnée ou non d’acouphènes.;A contrôler;Christophe DUPORT;P3;A proposer;Remontée des besoins en protections individuelles contre le bruit (casques, bouchons, moulées..) adaptées au seuil d’exposition.;;Aucune;;;
866;19;22;554;7. SSGM;SSGM-Méditerranée;Tous sites SSGM de Méditerranée (Agents hébergés) ;28;Risque lié au travail sur écran;Travailler sur un écran plusieurs heures au cours de la journée, avec une mauvaise ergonomie du poste de travail.;"- Fatigue visuelle (maux de tête, picotements, rougeurs et lourdeur des globes oculaires, assèchement de l’oeil).
- Troubles musculo-squelettiques (TMS).";En cours;Christophe DUPORT;P2;Existante;"-Ergonomie des postes de travail (store aux fenêtres, positionnement des écrans), remplacement et adaptation du matériel de bureau afin d’améliorer l’ergonomie (plan de travail ,fauteuil, écrans, portes-documents, repose-pieds..).
- Pauses régulières, alternance des tâches.";;Aucune;;;
867;19;22;555;7. SSGM;SSGM-Méditerranée;Tous sites SSGM de Méditerranée (Agents hébergés) ;28;Risque lié au travail sur écran;Travailler sur un écran plusieurs heures au cours de la journée, avec une mauvaise ergonomie du poste de travail.;"- Fatigue visuelle (maux de tête, picotements, rougeurs et lourdeur des globes oculaires, assèchement de l’oeil).
- Troubles musculo-squelettiques (TMS).";En cours;Christophe DUPORT;P2;A proposer;"- Étude de l’ergonomie du poste de travail en fonction des remontées de besoins, consultation des nombreux guides conseils en ligne(contacter le CP).
- Prise de pause en cas de travail en continu.";;Aucune;;;
868;2;1;11;7. SSGM;SSGM-Méditerranée;Tous sites SSGM de Méditerranée (Agents hébergés) ;29;Risque lié aux conditions de travail particulières (horaires décalés, astreinte..);SANS OBJET;SANS OBJET;-1;0;0;Existante;AUCUNE / SANS OBJET;;Aucune;;;
869;290;19;556;7. SSGM;SSGM-Méditerranée;Tous sites SSGM de Méditerranée (Agents hébergés) ;30;Risque lié aux déplacements internes;"- Circulation à pied sur sol glissant, inégal ou présentant des obstacles pouvant entraîner une chute ou occasionner la torsion d'une articulation ou un choc contre un élément matériel. (Ex : escaliers ou sol irréguliers, encombrement des passages, présence sur le sol de divers objets comme les cartons, archives, les prolongateurs électriques, informatiques et bureautiques.
- Collision avec un véhicule.";Lésions corporelles, superficielles ou profondes. ;En cours;Christophe DUPORT;P1;Existante;"- Installation de goulottes au sol pour la protection et le passage de câbles, rangement des câbles bureautiques, revêtements antidérapants sur certains sites.
- Dégagement des voies de circulation.
- Balisage réflexe (signalétique temporaire) des zones à risques.
- Achat de trépied de signalement du sol glissant (site Zattara).
- Nice : suite à un accident : pose de signalétique indiquant le dénivelé.";;Aucune;;;
870;290;19;557;7. SSGM;SSGM-Méditerranée;Tous sites SSGM de Méditerranée (Agents hébergés) ;30;Risque lié aux déplacements internes;"- Circulation à pied sur sol glissant, inégal ou présentant des obstacles pouvant entraîner une chute ou occasionner la torsion d'une articulation ou un choc contre un élément matériel. (Ex : escaliers ou sol irréguliers, encombrement des passages, présence sur le sol de divers objets comme les cartons, archives, les prolongateurs électriques, informatiques et bureautiques.
- Collision avec un véhicule.";Lésions corporelles, superficielles ou profondes. ;En cours;Christophe DUPORT;P1;A proposer;"- Suppression du risque possible par réagencement des postes et en cas d’impossibilité généralisation des passages de câbles, le rangement des câbles bureautique est à ne pas négliger.
- Généralisation des revêtements antidérapants sur les nez de marches et de pose de signalétique indiquant le danger.
- Anticipation de l’espace d’archivage (y compris archives vivantes).
- Pose systématique de trépied de sécurité (sol glissant) après nettoyage des sols (responsabilité du personnel de nettoyage).
Zattara :
- Archives lors de l’accès au sous-sol, prévenir un collègue sur la situation isolée, vigilance sur la présence au retour.
- Port du badge d’accès surtout lors des heures les moins fréquentées.
- Problématique de la porte WC homme (2ème étage Zattara) qui s’ouvre sur le couloir (risque de heurt).
- Pose de protections sur les rampes d’élévateurs handicapés situées au bas des 3 escaliers.";;Aucune;;;
871;2;1;11;7. SSGM;SSGM-Méditerranée;Tous sites SSGM de Méditerranée (Agents hébergés) ;31;Risque lié aux interventions isolées;SANS OBJET;SANS OBJET;-1;0;0;Existante;AUCUNE / SANS OBJET;;Aucune;;;
872;2;1;11;7. SSGM;SSGM-Méditerranée;Tous sites SSGM de Méditerranée (Agents hébergés) ;32;Risque lié aux vibrations;SANS OBJET;SANS OBJET;-1;0;0;Existante;AUCUNE / SANS OBJET;;Aucune;;;
873;291;182;558;7. SSGM;SSGM-Méditerranée;Tous sites SSGM de Méditerranée (Agents hébergés) ;33;Risques psychosociaux (RPS);"- Fragilité de l’organisation liée au dimensionnement du service (fonctionnement en mode dégradé fréquent),
- intensité du travail,
- relations avec le public,
- mauvaise qualité des rapports sociaux et des relations de travail.";Troubles physiques, psychologiques (stress, anxiété).;En cours;Christophe DUPORT;P3;Existante;"- Polyvalence, mobilité, recours à la réserve militaire, à des vacataires et des internes.
- Mise en œuvre d’un plan d’évaluation et de prévention des RPS dans le cadre du plan national d’action, plan d’actions en cours.
- Suivi médical du MDP et permanence ASS, groupe de coordination médico-social.";;Aucune;;;
874;291;182;559;7. SSGM;SSGM-Méditerranée;Tous sites SSGM de Méditerranée (Agents hébergés) ;33;Risques psychosociaux (RPS);"- Fragilité de l’organisation liée au dimensionnement du service (fonctionnement en mode dégradé fréquent),
- intensité du travail,
- relations avec le public,
- mauvaise qualité des rapports sociaux et des relations de travail.";Troubles physiques, psychologiques (stress, anxiété).;A contrôler;Christophe DUPORT;P3;A proposer;"Suivi du plan d’actions RPS :
- remontées systématiques d’incidents,
- formation gestion des situations difficiles, tensions conflits (gérer, désamorcer et prévenir l’agressivité dans l’accueil d’un public difficile),
- formation gestion des mails à proposer.
";;Aucune;;;
875;292;197;560;7. SSGM;SSGM-Méditerranée;Tous sites SSGM de Méditerranée (Agents hébergés) ;34;Risque agression / agressivité lié au contact avec l'extérieur;"- À l’accueil lors de la prise de rdv des marins : agressions verbales, menaces, dues au manque de capacité de traitement des demandes.
- Réactions violentes, intimidations suite à la décision d’aptitude du médecin.
- Zattara ; le filtrage par interphone vidéo présente un faible niveau de sécurité";Blessures psychiques, stress et/ou physiques.;En cours;Christophe DUPORT;P2;Existante;"- Prise en charge collective des cas difficiles.
- Communication interne, temps de partage collectifs (repas, debriefing).
- Besoin en formation à la gestion du public à risque recenser dans le plan d’action RPS.
- sur site hébergé : calage des horaires sur ceux du personnel du service hébergeur.
- Procédure interne de signalement des incidents/agressions.";;Aucune;;;
876;292;197;561;7. SSGM;SSGM-Méditerranée;Tous sites SSGM de Méditerranée (Agents hébergés) ;34;Risque agression / agressivité lié au contact avec l'extérieur;"- À l’accueil lors de la prise de rdv des marins : agressions verbales, menaces, dues au manque de capacité de traitement des demandes.
- Réactions violentes, intimidations suite à la décision d’aptitude du médecin.
- Zattara ; le filtrage par interphone vidéo présente un faible niveau de sécurité";Blessures psychiques, stress et/ou physiques.;En cours;Christophe DUPORT;P2;A proposer;" Une expérience en situation professionnelle au poste d’accueil serait bénéfique pour appréhender ces situations.
- Ecoute de l’agent victime pour analyse et prise en compte ultérieure,
- formation des agents les plus exposés (voir R.33).
- Remontées systématiques des incidents à la hiérarchie.";;Aucune;;;
877;85;201;48;7. SSGM;SSGM-Méditerranée;Tous sites SSGM de Méditerranée (Agents hébergés) ;35;Risque lié à l'alcool, drogues, médicaments, tabac.;"- Consommation de substances pouvant altérer les facultés physiques et psychiques de l’individu et entraîner des accidents du travail ou de circulation (manque de vigilance, perte d’équilibre, diminution des réflexes, effet désinhibant conduisant à la prise de risque).
- Tabagisme et vapotage actif, passif.";"- Lésions corporelles, décès, 
- pathologies liées à la consommation de ces substances,
- affections psychiques,
- Tabagisme : maladies, cancers, insuffisance respiratoire.";En cours;Christophe DUPORT;P3;Existante;"- Interdiction de fumer et de vapoter affichée dans certains locaux et lieux de travail.
- Rappel des textes réglementaires.
- Note interne n°270 du 14/03/14 diffusée aux services « politique de la DIRM MED en matière de prévention des risques liés à la consommation d’alcool » .";;Aucune;;;
878;85;201;49;7. SSGM;SSGM-Méditerranée;Tous sites SSGM de Méditerranée (Agents hébergés) ;35;Risque lié à l'alcool, drogues, médicaments, tabac.;"- Consommation de substances pouvant altérer les facultés physiques et psychiques de l’individu et entraîner des accidents du travail ou de circulation (manque de vigilance, perte d’équilibre, diminution des réflexes, effet désinhibant conduisant à la prise de risque).
- Tabagisme et vapotage actif, passif.";"- Lésions corporelles, décès, 
- pathologies liées à la consommation de ces substances,
- affections psychiques,
- Tabagisme : maladies, cancers, insuffisance respiratoire.";En cours;Christophe DUPORT;P3;A proposer;"- Politique de prévention à mettre en place (charte addictions).
- Affichage obligatoire de l’interdiction de fumer et de vapoter dans tous lieux fermés et couverts qui accueillent du public ou qui constituent des lieux de travail (modèle de signalisation fourni sur demande au CP).";;Aucune;;;
879;293;184;562;7. SSGM;SSGM-Méditerranée;Navires et locaux inspectés au titre du réglement sanitaire international;36;Risque lié à la co-activité et à l'intervention d'entreprises extérieures;Lors des visites RSI, pendant les opérations de chargement et déchargement du navire, risque d’accident avec un véhicule de manutention.;Décès, traumatisme.;En cours;Christophe DUPORT;P3;Existante;"- Port de vêtements à haute visibilité (chasubles fluorescents,..).
- Respect des règles particulières de circulation à bord (cheminements piétons dans les ponts garage particulièrement) et en zone portuaire.";;Aucune;;;
880;25;82;563;7. SSGM;SSGM-Méditerranée;Tous sites SSGM de Méditerranée (Agents hébergés) ;36;Risque lié à la co-activité et à l'intervention d'entreprises extérieures;"- Absences de mesures de protections pour prévenir les risques liés aux interférences engendrées par la co-activité sur un même site (ex : intervention des entreprises de nettoyage sans plan de prévention : sols glissants, stockages et utilisation de produits ménagers présentant des risques, mélanges de produits).
- Interférence des activités lors d’intervention ou de travaux (non évalués) effectués à proximité et/ou dans les locaux administratifs par des entreprises extérieures.";Tous types de dommages (liés à la situation accidentelle imprévue, non évaluée).;En cours;Christophe DUPORT;P2;Existante;"Peu de prise en compte de ce risque : réalisation d’inspections communes au préalable (aide du document RSICP), de plan de prévention, information, affichages et signalisation de travaux.";;Aucune;;;
881;25;82;51;7. SSGM;SSGM-Méditerranée;Tous sites SSGM de Méditerranée (Agents hébergés) ;36;Risque lié à la co-activité et à l'intervention d'entreprises extérieures;"- Absences de mesures de protections pour prévenir les risques liés aux interférences engendrées par la co-activité sur un même site (ex : intervention des entreprises de nettoyage sans plan de prévention : sols glissants, stockages et utilisation de produits ménagers présentant des risques, mélanges de produits).
- Interférence des activités lors d’intervention ou de travaux (non évalués) effectués à proximité et/ou dans les locaux administratifs par des entreprises extérieures.";Tous types de dommages (liés à la situation accidentelle imprévue, non évaluée).;A contrôler;Christophe DUPORT;P2;A proposer;"- Systématisation des inspections et analyses communes préalables (obligation réglementaire) à chaque intervention, pouvant conduire suivant la nature des travaux, à la rédaction d’un plan de prévention (y compris attestation de consignation, protocole de sécurité, permis de feu, etc...).
- Intégration de cette procédure dans les appels d’offres.";;Aucune;;;
882;2;1;11;7. SSGM;SSGM-Méditerranée;Tous sites SSGM de Méditerranée (Agents hébergés) ;37;Risque lié à la présence d'animaux;SANS OBJET;SANS OBJET;-1;0;0;Existante;AUCUNE / SANS OBJET;;Aucune;;;
883;294;28;52;7. SSGM;SSGM-Méditerranée;Tous sites SSGM de Méditerranée (Agents hébergés) ;38;Risque routier;"- Accident de trajet ou de mission lié à la fréquence et à la longueur des déplacements, perte de contrôle du véhicule.
- Panne en zone dangereuse.
- Risque accentué par la fatigue, la prise d’alcool ou de médicaments, l’usage du téléphone en conduisant et suivant l’état du véhicule";Lésions corporelles, superficielles ou profondes, décès.;En cours;Christophe DUPORT;P2;Existante;"- Respect du code de la route, prise en compte des recommandations de la prévention routière sur les temps de repos,
- vérification visuelle du véhicule avant chaque déplacement,
- préparation des déplacements,
- suivi et entretien régulier des véhicules, contrôle technique,
- utilisation des outils de (télé)communications (internet, visioconférence) permettant d’éviter certains déplacements,
- trajets sur autoroutes privilégiés (cartes de télépéages généralisées),
- respect de la charte sur l’utilisation des véhicules de service (disponible sur l’intranet, ,http://intra.dram-mediterranee.i2/la-charte-de-bonne-conduite-pour-l-utilisation-d-a1193.html),
- covoiturage,
- conduite des véhicules équipés de boite auto, régulateur de vitesse appréciés.
- en cas de panne, accident, crevaison, panne/erreur de carburant, vol/vandalisme, perte de clés/carte démarrage contacter le n° d’assistance inscrit dans les pochettes véhicules.
- En cas de panne ou d’accident : port du gilet fluorescent, triangle de signalisation, maintien à distance de la chaussée dans l’attente de l’assistance.";;Aucune;;;
884;294;28;53;7. SSGM;SSGM-Méditerranée;Tous sites SSGM de Méditerranée (Agents hébergés) ;38;Risque routier;"- Accident de trajet ou de mission lié à la fréquence et à la longueur des déplacements, perte de contrôle du véhicule.
- Panne en zone dangereuse.
- Risque accentué par la fatigue, la prise d’alcool ou de médicaments, l’usage du téléphone en conduisant et suivant l’état du véhicule";Lésions corporelles, superficielles ou profondes, décès.;En cours;Christophe DUPORT;P2;A proposer;"- Généralisation des mesures existantes.
- Meilleure préparation des déplacements,
- priorité aux transports en commun,
- signalement des anomalies sur les véhicules par tout moyen (mail, carnet de maintenance),
- établir et/ou diffuser un plan de circulation/stationnement par site,
- équiper les véhicules de lingettes nettoyantes vitres (visibilité, buée).
- Sur les sites détachés, désignation d'un référents pour le suivi des véhicules en lien avec la hiérarchie/le SG,
- PPRR à finaliser, sensibilisation aux risques routiers, stages.";;Aucune;;;
885;89;29;564;7. SSGM;SSGM-Méditerranée;Tous sites SSGM de Méditerranée (Agents hébergés) ;39;Risque sanitaire : transmission de maladies, infections, allergies.;"Exposition à des agents infectieux (bactéries*, virus*, champignons, parasites) ou allergènes (pollens, insectes..), transmis par contact avec l’environnement, les gens, les animaux, les insectes, la végétation (exemple lors de contact avec des personnes contaminées, des insectes, moisissures, animaux morts, des éléments souillés : poignée de porte, détritus divers, matières fécales).
Lors d'inspections de navire: Vie de l'équipage en vase clos à bord (la promiscuité favorise la propagation de maladies, épidémie).

* Analyse de situations d’expositions et impact épidémique (Ex : Angine, Grippe, Covid..) :
• Exposition par contact interpersonnel: risque de transmission directe par postillons contaminés émis par autrui :
      - Parler projette des postillons à environ 1,5 m,
      - Éternuer, tousser les projette à environ 3-5 m.
• Exposition par contact avec des surfaces contaminées : locaux de travail, matériels, produits : risque de transmission indirecte par manuportage (en se touchant le visage notamment le nez, la bouche, les yeux avec les mains).      
• Impact organisationnel (mode dégradé), associé à une restructuration de l’activité. Il est d’autant plus fort si la réorganisation se fait « à chaud », en réaction, et non sur la base d’une anticipation.";"- Symptômes respiratoires, (asthme, allergies).
- Maladies, infections et intoxications, réactions allergiques, cutanées.
- Transmissibilité à l'homme de différentes formes de virus (Grippe, Covid..), de bactéries, de champignons, de parasites.";En cours;Christophe DUPORT;P2;Existante;"- Lavage des mains régulier pour se décontaminer et éviter de contaminer les autres ou utilisation de produit hydroalcoolique désinfectant .
- En général pas de contact des mains souillées avec ses yeux, son nez, sa bouche,
- port de gants jetables, masques chirurgicaux selon les besoins";;Aucune;;;
886;89;29;55;7. SSGM;SSGM-Méditerranée;Tous sites SSGM de Méditerranée (Agents hébergés) ;39;Risque sanitaire : transmission de maladies, infections, allergies.;"Exposition à des agents infectieux (bactéries*, virus*, champignons, parasites) ou allergènes (pollens, insectes..), transmis par contact avec l’environnement, les gens, les animaux, les insectes, la végétation (exemple lors de contact avec des personnes contaminées, des insectes, moisissures, animaux morts, des éléments souillés : poignée de porte, détritus divers, matières fécales).
Lors d'inspections de navire: Vie de l'équipage en vase clos à bord (la promiscuité favorise la propagation de maladies, épidémie).

* Analyse de situations d’expositions et impact épidémique (Ex : Angine, Grippe, Covid..) :
• Exposition par contact interpersonnel: risque de transmission directe par postillons contaminés émis par autrui :
      - Parler projette des postillons à environ 1,5 m,
      - Éternuer, tousser les projette à environ 3-5 m.
• Exposition par contact avec des surfaces contaminées : locaux de travail, matériels, produits : risque de transmission indirecte par manuportage (en se touchant le visage notamment le nez, la bouche, les yeux avec les mains).      
• Impact organisationnel (mode dégradé), associé à une restructuration de l’activité. Il est d’autant plus fort si la réorganisation se fait « à chaud », en réaction, et non sur la base d’une anticipation.";"- Symptômes respiratoires, (asthme, allergies).
- Maladies, infections et intoxications, réactions allergiques, cutanées.
- Transmissibilité à l'homme de différentes formes de virus (Grippe, Covid..), de bactéries, de champignons, de parasites.";En cours;Christophe DUPORT;P2;A proposer;"- En période d'épidémie (grippe, Covid..), mise en application :
-> des consignes principales (hygiène des mains, mesures barrières, distanciation physique,…),
-> du plan de continuité d’activité (en fonction des différents niveaux),
-> du plan de reprise des activités et des procédures spécifiques définisant les mesures de protection (organisationnelles, collectives, individuelles..) à mettre en oeuvre au sein des services en fonction des diverses activités afin de réduire la propagation du virus (réévaluation nécessaire des risques, en incluant les situations liées au Covid-19).

- Remontées des besoins en équipements et protections spécifiques.";;Aucune;;;
887;10;14;640;1. SERVICES ADMINISTRATIFS;TOUS SERVICES DIRM administratifs-bureaux;TOUS SITES administratifs DIRM (hébergés y compris);16;Risque lié aux rayonnements ionisants et non ionisants (électromagnétiques);Inhalation du radon (gaz radioactif d’origine naturelle essentiellement présent dans le sol) concentré (niveau de référence inférieur à 300Bq/m3 en moyenne annuelle) dans des lieux confinés (sous-sols et rdc mal aérés) pendant une durée importante.;A long terme peut être la cause de cancers du poumon (en fonction de la concentration dans les locaux et du temps d'exposition).;A planifier;Responsables des services;P1;A proposer;"Tous les services administratifs sont hébergés sur plusieurs sites.
Pour ce risque veuillez vous reporter au(x) site(s) hébergeur(s) dans l’unité « 8.GESTIONNAIRE SITE » pour visionner les mesures (existantes ou à proposer) qui concernent votre service.";;12 mois;03/03/2024;;
891;124;90;567;3. POLMAR;Centres POLMAR;Centres de Port de Bouc et de Sète (fermeture prévue);39;Risque sanitaire : transmission de maladies, infections, allergies.;"Lors d’inhalation d’aérosols émis par la vapeur d’eau chaude sanitaire contaminée par des légionelles* au points d’usages. 
* Le risque de prolifération de la bactérie légionella pneumophila favorisé par une température de l’eau de 25° à 43° (installations d’eau chaude sanitaire, réserve stagnante, cumulus peu utilisés, bras morts).";La contamination bactérienne par les  voies respiratoires provoque la légionellose (pneumopathie pouvant  laisser des séquelles graves sur les plans cardiaques, respiratoires et musculaires et entraîner le décès).;En cours;Tous Responsables POLMAR;P2;Existante;Pas de mesure;;Aucune;;;
892;125;100;257;2. SPB;COB Marseille - sites Dépt.13;Sites SPB secteur 13;39;Risque sanitaire : transmission de maladies, infections, allergies.;Exposition à divers agents pathogènes lors des interventions sur les pompes de relevage d’eau usées du centre POLMAR de Port de Bouc;"- Agents susceptibles de provoquer une infection, une allergie ou une intoxication.
- Transmission de virus, parasites, pathologies diverses. Maladies (leptospirose, …)";En cours;Maxime SUROY;P3;Existante;"- EPI (gants, masques, bottes, combinaisons jetables).
- Suivi du MDP.";;Aucune;;;
893;125;100;258;2. SPB;COB Marseille - sites Dépt.13;Sites SPB secteur 13;39;Risque sanitaire : transmission de maladies, infections, allergies.;Exposition à divers agents pathogènes lors des interventions sur les pompes de relevage d’eau usées du centre POLMAR de Port de Bouc;"- Agents susceptibles de provoquer une infection, une allergie ou une intoxication.
- Transmission de virus, parasites, pathologies diverses. Maladies (leptospirose, …)";En cours;Maxime SUROY;P3;A proposer;"- Port des EPI d'usage: Port de masque FFP2, bottes, combinaisons et gants jetables.
- Consultation du MDP renseignements sur éventuelle vaccination (voir Leptospirose risque 39).
- Faire réaliser l'opération par un prestataire disposant des équipements adaptés au risque.";;Aucune;;;COD 10/06/2025: COD 10/06/2025: plus aucun agents du COB n'intervient sur la station de relevage.
895;241;11;576;6. CSN;CSN PACA Corse et Occitanie;Tous sites inspections CSN  (Navires, ateliers, chantiers ..);8;Risque Incendie;Incendie à bord du navire ou sur les installations portuaires.;Brûlures légères à graves, dommages, lésions, décés.;En cours;MARTINEZ.P JEHANNO.P;P2;Existante;"- Vérification de la qualification des nouveaux arrivants.
- Respect des consignes de sécurité du bord. ";;Aucune;;;
896;241;11;531;6. CSN;CSN PACA Corse et Occitanie;Tous sites inspections CSN  (Navires, ateliers, chantiers ..);8;Risque Incendie;Incendie à bord du navire ou sur les installations portuaires.;Brûlures légères à graves, dommages, lésions, décés.;En cours;MARTINEZ.P JEHANNO.P;P2;A proposer;Sensibilisation, formation aux consignes de sécurité spécifiques des terminaux à risque. ;;Aucune;;;
898;242;11;567;6. CSN;CSN PACA Corse et Occitanie;Tous sites inspections CSN  (Navires, ateliers, chantiers ..);10;Risque lié à l'utilisation de produits pyrotechniques;Explosion accidentelle lors d’un contrôle des fusées de détresse, de lance amarre.;Brûlures légères à graves, dommages, lésions, décés.;En cours;MARTINEZ.P JEHANNO.P;P3;Existante;Pas de mesure;;Aucune;;;
900;302;26;588;5. NAVIRE DCS;PATROUILLEUR GYPTIS;Secteur d'intervention du navire et de son équipage;9;Risque Rayonnement Optiques Artificiels: DEL/Eclairage à forte luminance/Laser;Projecteurs LED ponts à forte luminance.;Conséquences d'un éblouissement (chute, trébuchement, manque de vigilance temporaire...);A contrôler;GUY.F- LE GUILLOU.R;P3;A proposer;Recherche de substitution des projecteurs par d'autres modèles intégrant la norme UGR (anti-éblouissement).;;Aucune;;;
902;2;1;11;5. NAVIRE DCS;PATROUILLEUR GYPTIS;Secteur d'intervention du navire et de son équipage;12;Risque lié aux automatismes;SANS OBJET;SANS OBJET;-1;0;0;Existante;AUCUNE / SANS OBJET;;Aucune;;;
903;213;146;614;5. NAVIRE DCS;PATROUILLEUR GYPTIS;Secteur d'intervention du navire et de son équipage;29;Risque lié aux conditions de travail particulières (horaires décalés, astreinte..);Risque hyperbare lors de plongée d’entraînement ou d'intervention;Ostéonécrose aseptique, otite, hypoacousie, embolie gazeuse traumatique, prurits, maladies de décompression, hypothermie, noyade.;A planifier;GUY.F- LE GUILLOU.R;P3;A proposer;Un complément en RIFAP est prévu pour assurer l’équipe de plongée.;;12 mois;03/03/2024;;
912;2;78;11;5. NAVIRE DCS;PATROUILLEUR GYPTIS;Secteur d'intervention du navire et de son équipage;30;Risque lié aux déplacements internes;SANS OBJET;Voir R.22 risque de chute de hauteur et de plain pied.;-1;0;0;Existante;AUCUNE / SANS OBJET;;Aucune;;;
913;1;3;566;6. CSN;CSN PACA Corse (Antenne);Martigues-Antenne CSN PACA Corse ;1;Risque Amiante;"Inhalation accidentelle de fibres d’amiante en suspension dans l’atmosphère due : 
- à la présence de matériaux et produits contenant de l’amiante (MPCA) friables ou très dégradés dans les locaux de travail non diagnostiqués,
- à l’intervention malencontreuse d’un tiers sur des MPCA (manque d’identification ou d’information).";Pathologies liées à l’amiante (asbestose, cancer du poumon, mésothéliome.), plaques pleurales.;A contrôler;Pascal JEHANNO;P3;A proposer;"1. Communication du DTA du site à tout prestataire/intervenant (prévu par le plan de prévention en cas de co-activité) afin de justifier la non présence d’amiante,
2. Réaliser un repérage avant travaux (obligatoire cf.arrêté du 16 juillet 2019*) afin de rechercher la présence d’amiante dans le bâti, préalablement à toute opération comportant des risques d’exposition des travailleurs.
*Obligatoire au préalable à tous travaux ou intervention, même si auparavant un repérage a était réalisé. La liste de recherche des matériaux et produits contenants de l’amiante avant travaux (liste C non exhaustive) et plus approfondie et s’étend jusqu’au matériau caché dans les supports de constructions.";;Aucune;;73;
914;1;3;566;2. SPB;COB Bonifacio - sites du secteur;COB Bonifacio;1;Risque Amiante;"Inhalation accidentelle de fibres d’amiante en suspension dans l’atmosphère due : 
- à la présence de matériaux et produits contenant de l’amiante (MPCA) friables ou très dégradés dans les locaux de travail non diagnostiqués,
- à l’intervention malencontreuse d’un tiers sur des MPCA (manque d’identification ou d’information).";Pathologies liées à l’amiante (asbestose, cancer du poumon, mésothéliome.), plaques pleurales.;A contrôler;CYRILLE SZENKER;P3;A proposer;"1. Communication du DTA du site à tout prestataire/intervenant (prévu par le plan de prévention en cas de co-activité) afin de justifier la non présence d’amiante,
2. Réaliser un repérage avant travaux (obligatoire cf.arrêté du 16 juillet 2019*) afin de rechercher la présence d’amiante dans le bâti, préalablement à toute opération comportant des risques d’exposition des travailleurs.
*Obligatoire au préalable à tous travaux ou intervention, même si auparavant un repérage a était réalisé. La liste de recherche des matériaux et produits contenants de l’amiante avant travaux (liste C non exhaustive) et plus approfondie et s’étend jusqu’au matériau caché dans les supports de constructions.";;36 mois;05/04/2021;66;
915;1;3;60;.GESTIONNAIRE SITE;SERVICE(S) DIRM hébergé(s);Ajaccio-Site DDTM2A-SSGM hébergé;1;Risque Amiante;"Inhalation accidentelle de fibres d’amiante en suspension dans l’atmosphère due : 
- à la présence de matériaux et produits contenant de l’amiante (MPCA) friables ou très dégradés dans les locaux de travail non diagnostiqués,
- à l’intervention malencontreuse d’un tiers sur des MPCA (manque d’identification ou d’information).";Pathologies liées à l’amiante (asbestose, cancer du poumon, mésothéliome.), plaques pleurales.;A contrôler;Gestionnaire site et responsable du service;P2;Existante;Aucuns éléments de diagnostics relatifs à l’absence ou la présence d’amiante (Dossier Technique Amiante, repérages..) dans le bâti communiqué au CP à ce jour.;;6 mois;25/02/2022;;
916;1;3;686;.GESTIONNAIRE SITE;SERVICE(S) DIRM hébergé(s);Port la nouvelle-Site S.A.M-Ant. CSN Occitanie hébergé;1;Risque Amiante;"Inhalation accidentelle de fibres d’amiante en suspension dans l’atmosphère due : 
- à la présence de matériaux et produits contenant de l’amiante (MPCA) friables ou très dégradés dans les locaux de travail non diagnostiqués,
- à l’intervention malencontreuse d’un tiers sur des MPCA (manque d’identification ou d’information).";Pathologies liées à l’amiante (asbestose, cancer du poumon, mésothéliome.), plaques pleurales.;A contrôler;Gestionnaire site et responsable du service;P2;A proposer;"1. Une demande de copie du Dossier Technique Amiante à jour du bâtiment doit être faite auprès du propriétaire/gestionnaire où le personnel est hébergé.
2. Le propriétaire assure la mise en œuvre et le suivi des recommandations du diagnostiqueur (exemple : surveillance de l’état de dégradation des MCA détectés, recherche de la cause de la dégradation, mesures correctives...).
3. Contrôle périodique d’évaluation de l’état de dégradation des matériaux/produits amiantés identifiés à réaliser (par un opérateur certifié recommandé tous les 36 mois),
4. Communication du DTA du site à tout prestataire/intervenant (prévu par le plan de prévention en cas de co-activité),
5. En cas de présence avérée d’amiante, des consignes sont à communiquer au personnel : Les interventions et/ou retraits de produits ou matériaux contenants de l’amiante (friable et non friable) sont non autorisés en régie (code du travail SS3 et SS4).
6. Identifier (par une signalétique à poser) les MCA afin d’éviter toute intervention par inadvertance (Cf. mesure existante),
7. Réaliser un repérage avant travaux (obligatoire cf.arrêté du 16 juillet 2019) afin de rechercher la présence d’amiante dans le bâti, préalablement à toute opération comportant des risques d’exposition des travailleurs.
8. Renseigner les derniers éléments dans la fiche sécurité du DUERP du site et les communiquer au CP.
9. Documents individuels de traçabilité amiante à renseigner pour les travailleurs potentiellement exposés.";;36 mois;11/08/2020;78;
917;1;3;5;.GESTIONNAIRE SITE;SERVICE(S) DIRM hébergé(s);Port la Nouvelle-Site La prud'homie-SSGM hébergé;1;Risque Amiante;"Inhalation accidentelle de fibres d’amiante en suspension dans l’atmosphère due : 
- à la présence de matériaux et produits contenant de l’amiante (MPCA) friables ou très dégradés dans les locaux de travail non diagnostiqués,
- à l’intervention malencontreuse d’un tiers sur des MPCA (manque d’identification ou d’information).";Pathologies liées à l’amiante (asbestose, cancer du poumon, mésothéliome.), plaques pleurales.;A planifier;Gestionnaire site et responsable du service;P2;A proposer;"1. Une demande de copie du Dossier Technique Amiante à jour du bâtiment doit être faite auprès du propriétaire/gestionnaire où le personnel est hébergé.
2. Communication du DTA du site à tout prestataire/intervenant (prévu par le plan de prévention en cas de co-activité),
3. En cas de présence avérée d’amiante, des consignes sont à communiquer au personnel : Les interventions et/ou retraits de produits ou matériaux contenants de l’amiante (friable et non friable) sont non autorisés en régie (code du travail SS3 et SS4).
4. En cas de présence avérée d’amiante : Identifier (par une signalétique à poser) les MCA afin d’éviter toute intervention par inadvertance
5. Réaliser un repérage avant travaux (obligatoire cf.arrêté du 16 juillet 2019) afin de rechercher la présence d’amiante dans le bâti, préalablement à toute opération comportant des risques d’exposition des travailleurs.

NB :Le repérage des matériaux et produits pouvant contenir de l’amiante est obligatoire pour les bâtiments dont le permis de construire a été délivré avant le 1er juillet 1997, afin d’évaluer leur état de conservation et d’estimer si des fibres sont susceptibles ou non d’être libérées dans l’air ambiant).";;6 mois;25/02/2022;;
918;1;3;625;2. SPB;COB Cannes - sites Dépt.06;COB Cannes;1;Risque Amiante;"Inhalation accidentelle de fibres d’amiante en suspension dans l’atmosphère due : 
- à la présence de matériaux et produits contenant de l’amiante (MPCA) friables ou très dégradés dans les locaux de travail non diagnostiqués,
- à l’intervention malencontreuse d’un tiers sur des MPCA (manque d’identification ou d’information).";Pathologies liées à l’amiante (asbestose, cancer du poumon, mésothéliome.), plaques pleurales.;A planifier;Gauthier DEKNUYDT;P2;A proposer;"1. Les matériaux contenant de l’amiante repérés (avant travaux) doivent faire l’objet d’une opération de retrait par une société spécialisée.
2. Communication au CP de l’ensemble des éléments relatifs à l’opération de retrait des matériaux contenant de l’amiante.
3. Contrôle périodique d’évaluation de l’état de dégradation des matériaux/produits amiantés identifiés à réaliser (par un opérateur certifié recommandé tous les 36 mois),
4. Communication du DTA du site à tout prestataire/intervenant (prévu par le plan de prévention en cas de co-activité),
5. Identifier (par une signalétique à poser) les MCA afin d’éviter toute intervention par inadvertance (Cf. mesure existante),
6. Documents individuels de traçabilité amiante à renseigner pour les travailleurs potentiellement exposés.";;36 mois;07/04/2020;56;
922;1;3;623;2. SPB;COB Cannes - sites Dépt.06;Phare du Cap Ferrat - COB Cannes;1;Risque Amiante;"Inhalation accidentelle de fibres d’amiante en suspension dans l’atmosphère due : 
- à la présence de matériaux et produits contenant de l’amiante (MPCA) friables ou très dégradés dans les locaux de travail non diagnostiqués,
- à l’intervention malencontreuse d’un tiers sur des MPCA (manque d’identification ou d’information).";Pathologies liées à l’amiante (asbestose, cancer du poumon, mésothéliome.), plaques pleurales.;A contrôler;Gauthier DEKNUYDT;P3;Existante;"1. Réalisation d’un repérage des Matériaux et produits contenant de l’amiante avant travaux, uniquement des locaux du RDC appartement du bâtiment habitation du site.
2. Réalisation d’une opération de retrait des matériaux contenant de l’amiante réalisée par une société spécialisée.
3. Communication au CP du repérage avant travaux et des éléments relatifs à l’opération de retrait des matériaux contenant de l’amiante (voir document attaché).
4. Consigne reçue: Les interventions et/ou retraits de produits ou matériaux contenants de l’amiante (friable et non friable) sont non autorisés en régie (code du travail SS3 et SS4).";;36 mois;21/08/2021;58;
923;1;3;624;2. SPB;COB Cannes - sites Dépt.06;Phare du Cap Ferrat - COB Cannes;1;Risque Amiante;"Inhalation accidentelle de fibres d’amiante en suspension dans l’atmosphère due : 
- à la présence de matériaux et produits contenant de l’amiante (MPCA) friables ou très dégradés dans les locaux de travail non diagnostiqués,
- à l’intervention malencontreuse d’un tiers sur des MPCA (manque d’identification ou d’information).";Pathologies liées à l’amiante (asbestose, cancer du poumon, mésothéliome.), plaques pleurales.;A planifier;Gauthier DEKNUYDT;P2;A proposer;"1. Réaliser un repérage des Matériaux et produits contenant de l’amiante sur l’ensemble des locaux du site qui ne sont pas totalement diagnostiqués à ce jour (puis communication du repérage au CP pour actualiser le tableau de synthèse mis en ligne sur l’intranet).
2. En cas de présence d’amiante repérée : un contrôle périodique d’évaluation de l’état de dégradation des matériaux/produits amiantés identifiés est à réaliser (par un opérateur certifié recommandé tous les 36 mois).
3. En cas de présence d’amiante repérée : Identifier (par une signalétique à poser) les MCA afin d’éviter toute intervention par inadvertance.
4. Communication du DTA du site à tout prestataire/intervenant (prévu par le plan de prévention en cas de co-activité).
5. Réaliser un repérage avant travaux (obligatoire cf.arrêté du 16 juillet 2019) afin de rechercher la présence d’amiante dans le bâti, préalablement à toute opération comportant des risques d’exposition des travailleurs.
6. Renseigner les derniers éléments dans la fiche sécurité du DUERP du site et les communiquer au CP.
7. Documents individuels de traçabilité amiante à renseigner pour les travailleurs potentiellement exposés.";;36 mois;21/08/2021;58;
924;1;3;60;.GESTIONNAIRE SITE;SERVICE(S) DIRM hébergé(s);Sète-Site Lycée de la mer-SEF/SSGM hébergés;1;Risque Amiante;"Inhalation accidentelle de fibres d’amiante en suspension dans l’atmosphère due : 
- à la présence de matériaux et produits contenant de l’amiante (MPCA) friables ou très dégradés dans les locaux de travail non diagnostiqués,
- à l’intervention malencontreuse d’un tiers sur des MPCA (manque d’identification ou d’information).";Pathologies liées à l’amiante (asbestose, cancer du poumon, mésothéliome.), plaques pleurales.;A contrôler;Gestionnaire site et responsables des services;P2;Existante;Aucuns éléments de diagnostics relatifs à l’absence ou la présence d’amiante (Dossier Technique Amiante, repérages..) dans le bâti communiqué au CP à ce jour.;;6 mois;23/07/2023;77;
925;1;3;5;.GESTIONNAIRE SITE;SERVICE(S) DIRM hébergé(s);Sète-Site Lycée de la mer-SEF/SSGM hébergés;1;Risque Amiante;"Inhalation accidentelle de fibres d’amiante en suspension dans l’atmosphère due : 
- à la présence de matériaux et produits contenant de l’amiante (MPCA) friables ou très dégradés dans les locaux de travail non diagnostiqués,
- à l’intervention malencontreuse d’un tiers sur des MPCA (manque d’identification ou d’information).";Pathologies liées à l’amiante (asbestose, cancer du poumon, mésothéliome.), plaques pleurales.;A planifier;Gestionnaire site et responsables des services;P2;A proposer;"1. Une demande de copie du Dossier Technique Amiante à jour du bâtiment doit être faite auprès du propriétaire/gestionnaire où le personnel est hébergé.
2. Communication du DTA du site à tout prestataire/intervenant (prévu par le plan de prévention en cas de co-activité),
3. En cas de présence avérée d’amiante, des consignes sont à communiquer au personnel : Les interventions et/ou retraits de produits ou matériaux contenants de l’amiante (friable et non friable) sont non autorisés en régie (code du travail SS3 et SS4).
4. En cas de présence avérée d’amiante : Identifier (par une signalétique à poser) les MCA afin d’éviter toute intervention par inadvertance
5. Réaliser un repérage avant travaux (obligatoire cf.arrêté du 16 juillet 2019) afin de rechercher la présence d’amiante dans le bâti, préalablement à toute opération comportant des risques d’exposition des travailleurs.

NB :Le repérage des matériaux et produits pouvant contenir de l’amiante est obligatoire pour les bâtiments dont le permis de construire a été délivré avant le 1er juillet 1997, afin d’évaluer leur état de conservation et d’estimer si des fibres sont susceptibles ou non d’être libérées dans l’air ambiant).";;6 mois;23/07/2023;77;
927;1;3;1;2. SPB;COB Sète - sites Dépts.34-30-11-66;Phare du Cap Leucate - COB Sète;1;Risque Amiante;"Inhalation accidentelle de fibres d’amiante en suspension dans l’atmosphère due : 
- à la présence de matériaux et produits contenant de l’amiante (MPCA) friables ou très dégradés dans les locaux de travail non diagnostiqués,
- à l’intervention malencontreuse d’un tiers sur des MPCA (manque d’identification ou d’information).";Pathologies liées à l’amiante (asbestose, cancer du poumon, mésothéliome.), plaques pleurales.;A contrôler;Jennifer LETELLIER;P2;Existante;"1. Réalisation de repérages des MPCA puis constitution des dossiers techniques amiante (DTA = synthèse des diagnostics et actions) par site.
2. Mise en œuvre et suivi des recommandations du diagnostiqueur (exemple : surveillance de l’état de dégradation des MCA détectés, recherche de la cause de la dégradation, mesures d’empoussièrement, mesures correctives...).
3. Communication des derniers éléments relatifs à l’amiante (exemple : repérages, mise à jour DTA/fiches récapitulatives, plan de retrait, R.A.T..) au CP pour actualiser le tableau de synthèse mis en ligne sur l’intranet (dont le but est de : faciliter la consultation de l’historique par site et permettre l’identification des matériaux/produits contenants de l’amiante et donc éviter toute intervention malencontreuse dessus ou à proximité).
4. Consigne reçue: Les interventions et/ou retraits de produits ou matériaux contenants de l’amiante (friable et non friable) sont non autorisés en régie (code du travail SS3 et SS4).

NB : L’évaluation de l’état de dégradation par un opérateur certifié des matériaux/produits amiantés identifiés est recommandée tous les 36 mois.";;36 mois;22/05/2009;61;
928;1;3;3;2. SPB;COB Sète - sites Dépts.34-30-11-66;Phare du Cap Leucate - COB Sète;1;Risque Amiante;"Inhalation accidentelle de fibres d’amiante en suspension dans l’atmosphère due : 
- à la présence de matériaux et produits contenant de l’amiante (MPCA) friables ou très dégradés dans les locaux de travail non diagnostiqués,
- à l’intervention malencontreuse d’un tiers sur des MPCA (manque d’identification ou d’information).";Pathologies liées à l’amiante (asbestose, cancer du poumon, mésothéliome.), plaques pleurales.;A planifier;Jennifer LETELLIER;P2;A proposer;"1. Mise en œuvre et suivi des recommandations du diagnostiqueur (exemple : surveillance de l’état de dégradation des MCA détectés, recherche de la cause de la dégradation, mesures d’empoussièrement, mesures correctives...).
2. Contrôle périodique d’évaluation de l’état de dégradation des matériaux/produits amiantés identifiés à réaliser (par un opérateur certifié recommandé tous les 36 mois),
3. Communication du DTA du site à tout prestataire/intervenant (prévu par le plan de prévention en cas de co-activité),
4. Identifier (par une signalétique à poser) les MCA afin d’éviter toute intervention par inadvertance (Cf. mesure existante),
5. Réaliser un repérage avant travaux (obligatoire cf.arrêté du 16 juillet 2019) afin de rechercher la présence d’amiante dans le bâti, préalablement à toute opération comportant des risques d’exposition des travailleurs.
6. Renseigner les derniers éléments dans la fiche sécurité du DUERP du site et les communiquer au CP.
7. Documents individuels de traçabilité amiante à renseigner pour les travailleurs potentiellement exposés.";;36 mois;22/05/2009;61;
929;1;3;2;2. SPB;COB Toulon - sites Dépt.83;Phare de Porquerolles - COB Toulon;1;Risque Amiante;"Inhalation accidentelle de fibres d’amiante en suspension dans l’atmosphère due : 
- à la présence de matériaux et produits contenant de l’amiante (MPCA) friables ou très dégradés dans les locaux de travail non diagnostiqués,
- à l’intervention malencontreuse d’un tiers sur des MPCA (manque d’identification ou d’information).";Pathologies liées à l’amiante (asbestose, cancer du poumon, mésothéliome.), plaques pleurales.;A contrôler;Hervé GALL;P3;Existante;"1. Réalisation de repérages des MPCA puis constitution des dossiers techniques amiante (DTA = synthèse des diagnostics et actions) par site.
2. Communication de repérages au CP (voir document attaché) pour actualiser le tableau de synthèse mis en ligne sur l’intranet (dont le but est de : faciliter la consultation de l’historique par site et permettre l’identification des matériaux/produits contenants de l’amiante et donc éviter toute intervention malencontreuse dessus ou à proximité).
3. Consigne reçue: Les interventions et/ou retraits de produits ou matériaux contenants de l’amiante (friable et non friable) sont non autorisés en régie (code du travail SS3 et SS4).

NB : L’évaluation de l’état de dégradation par un opérateur certifié des matériaux/produits amiantés identifiés est recommandée tous les 36 mois.";;36 mois;26/03/2022;52;
930;1;3;3;2. SPB;COB Toulon - sites Dépt.83;Phare de Porquerolles - COB Toulon;1;Risque Amiante;"Inhalation accidentelle de fibres d’amiante en suspension dans l’atmosphère due : 
- à la présence de matériaux et produits contenant de l’amiante (MPCA) friables ou très dégradés dans les locaux de travail non diagnostiqués,
- à l’intervention malencontreuse d’un tiers sur des MPCA (manque d’identification ou d’information).";Pathologies liées à l’amiante (asbestose, cancer du poumon, mésothéliome.), plaques pleurales.;A planifier;Hervé GALL;P2;A proposer;"1. Mise en œuvre et suivi des recommandations du diagnostiqueur (exemple : surveillance de l’état de dégradation des MCA détectés, recherche de la cause de la dégradation, mesures d’empoussièrement, mesures correctives...).
2. Contrôle périodique d’évaluation de l’état de dégradation des matériaux/produits amiantés identifiés à réaliser (par un opérateur certifié recommandé tous les 36 mois),
3. Communication du DTA du site à tout prestataire/intervenant (prévu par le plan de prévention en cas de co-activité),
4. Identifier (par une signalétique à poser) les MCA afin d’éviter toute intervention par inadvertance (Cf. mesure existante),
5. Réaliser un repérage avant travaux (obligatoire cf.arrêté du 16 juillet 2019) afin de rechercher la présence d’amiante dans le bâti, préalablement à toute opération comportant des risques d’exposition des travailleurs.
6. Renseigner les derniers éléments dans la fiche sécurité du DUERP du site et les communiquer au CP.
7. Documents individuels de traçabilité amiante à renseigner pour les travailleurs potentiellement exposés.";;36 mois;26/03/2022;52;
931;1;3;2;2. SPB;COB Toulon - sites Dépt.83;Phare de Cap Camarat - COB Toulon;1;Risque Amiante;"Inhalation accidentelle de fibres d’amiante en suspension dans l’atmosphère due : 
- à la présence de matériaux et produits contenant de l’amiante (MPCA) friables ou très dégradés dans les locaux de travail non diagnostiqués,
- à l’intervention malencontreuse d’un tiers sur des MPCA (manque d’identification ou d’information).";Pathologies liées à l’amiante (asbestose, cancer du poumon, mésothéliome.), plaques pleurales.;A contrôler;Hervé GALL;P3;Existante;"1. Réalisation de repérages des MPCA puis constitution des dossiers techniques amiante (DTA = synthèse des diagnostics et actions) par site.
2. Communication de repérages au CP (voir document attaché) pour actualiser le tableau de synthèse mis en ligne sur l’intranet (dont le but est de : faciliter la consultation de l’historique par site et permettre l’identification des matériaux/produits contenants de l’amiante et donc éviter toute intervention malencontreuse dessus ou à proximité).
3. Consigne reçue: Les interventions et/ou retraits de produits ou matériaux contenants de l’amiante (friable et non friable) sont non autorisés en régie (code du travail SS3 et SS4).

NB : L’évaluation de l’état de dégradation par un opérateur certifié des matériaux/produits amiantés identifiés est recommandée tous les 36 mois.";;36 mois;24/03/2018;53;
932;1;3;3;2. SPB;COB Toulon - sites Dépt.83;Phare de Cap Camarat - COB Toulon;1;Risque Amiante;"Inhalation accidentelle de fibres d’amiante en suspension dans l’atmosphère due : 
- à la présence de matériaux et produits contenant de l’amiante (MPCA) friables ou très dégradés dans les locaux de travail non diagnostiqués,
- à l’intervention malencontreuse d’un tiers sur des MPCA (manque d’identification ou d’information).";Pathologies liées à l’amiante (asbestose, cancer du poumon, mésothéliome.), plaques pleurales.;A planifier;Hervé GALL;P2;A proposer;"1. Mise en œuvre et suivi des recommandations du diagnostiqueur (exemple : surveillance de l’état de dégradation des MCA détectés, recherche de la cause de la dégradation, mesures d’empoussièrement, mesures correctives...).
2. Contrôle périodique d’évaluation de l’état de dégradation des matériaux/produits amiantés identifiés à réaliser (par un opérateur certifié recommandé tous les 36 mois),
3. Communication du DTA du site à tout prestataire/intervenant (prévu par le plan de prévention en cas de co-activité),
4. Identifier (par une signalétique à poser) les MCA afin d’éviter toute intervention par inadvertance (Cf. mesure existante),
5. Réaliser un repérage avant travaux (obligatoire cf.arrêté du 16 juillet 2019) afin de rechercher la présence d’amiante dans le bâti, préalablement à toute opération comportant des risques d’exposition des travailleurs.
6. Renseigner les derniers éléments dans la fiche sécurité du DUERP du site et les communiquer au CP.
7. Documents individuels de traçabilité amiante à renseigner pour les travailleurs potentiellement exposés.";;36 mois;24/03/2018;53;
933;319;3;626;6. CSN;CSN PACA Corse et Occitanie;Tous sites inspections CSN  (Navires, ateliers, chantiers ..);1;Risque Amiante;"Inhalation accidentelle de fibres d’amiante en suspension dans l’atmosphère due:
- à la présence de matériaux et produits contenant de l’amiante (MPCA) friables ou très dégradés sur les lieux d'inspections non diagnostiqués,
- à la forte suspicion de présence d’amiante dans l’atmosphère à défaut de DTA lors d’inspection à bord de navires français construits avant 1998 et navires étrangers construits avant 2002 ne respectant pas la législation communautaire.
- à l’intervention malencontreuse d’un tiers sur des MPCA (manque d’identification ou d’information).";Pathologies liées à l’amiante (asbestose, cancer du poumon, mésothéliome.), plaques pleurales.;En cours;MARTINEZ.P JEHANNO.P;P2;Existante;"- Analyse de la situation, selon l’appréciation de l’ISN (documents, droit de retrait, rappel systématique à l’armateur des exigences) conformément aux instructions PSC et nationales et à la partie II (version à jour du 5 juin 2018) de la circulaire DAM-RH du 27 mars 2017, 
IV Procédures de prévention du risque amiante spécifiques aux interventions à bord des navires.
- Kit amiante disponibles (combinaisons, sac, masques jetables FFP3) CSN Paca Corse et Occitanie.
- Pour les locaux demande des DTA, repérages et suivi des recommandations du diagnostiqueur (surveillance de l’état de dégradation des MCA détectés, mesures d’empoussièrement...).
- Réalisation de vestiaires conformes dans certains locaux du CSN (armoires à doubles compartiments, douches).
- Certains sites sont équipés de matériel de lavage des vêtements de travail souillés.";;Aucune;;;
934;319;3;627;6. CSN;CSN PACA Corse et Occitanie;Tous sites inspections CSN  (Navires, ateliers, chantiers ..);1;Risque Amiante;"Inhalation accidentelle de fibres d’amiante en suspension dans l’atmosphère due:
- à la présence de matériaux et produits contenant de l’amiante (MPCA) friables ou très dégradés sur les lieux d'inspections non diagnostiqués,
- à la forte suspicion de présence d’amiante dans l’atmosphère à défaut de DTA lors d’inspection à bord de navires français construits avant 1998 et navires étrangers construits avant 2002 ne respectant pas la législation communautaire.
- à l’intervention malencontreuse d’un tiers sur des MPCA (manque d’identification ou d’information).";Pathologies liées à l’amiante (asbestose, cancer du poumon, mésothéliome.), plaques pleurales.;A contrôler;MARTINEZ.P JEHANNO.P;P2;A proposer;"- Généralisation de la mise à disposition de « kit amiante », conformément à la circulaire DAM du 27 mars 2017 (version à jour du 5 juin 2018).
- Analyse de la situation, selon l’appréciation de l’ISN (documents, droit de retrait, rappel systématique à l’armateur des exigences) conformément aux instructions PSC et nationales et à la partie II (version à jour du 5 juin 2018) de la circulaire DAM-RH du 27 mars 2017, 
IV Procédures de prévention du risque amiante spécifiques aux interventions à bord des navires.
- Liste des navires suspects tenues au niveau de chaque CSN.
- Documents traçabilité amiante à renseigner pour les travailleurs potentiellement exposés.";;Aucune;;;
935;42;11;88;2. SPB;Tous COB-SPB Méditerranée;Sites SPB-Méditerranée (tous COB - Tous Dépts);8;Risque Incendie;"- Court-circuit entre les deux pôles lors de la maintenance (charge, contrôle et remplacement) et de la manutention des batteries stationnaires 
- Dégagement d’hydrogène lors de la charge des modèles à électrolyte liquide.";Brûlures légères à graves, dommages, lésions, décés.;A contrôler;TOUS Responsables COB;P2;Existante;"Batterie :
- Maintient des protections des pôles (caches bornes y compris lors du transport), vérification des branchements avant connexion (hors charge),
- ne pas porter d’éléments conducteurs (bracelet, montre, bague..)
- laisser reposer après la charge avant transport,
- charge dans un local suffisamment ventilé (voir norme et recommandations fabricant, FDS),
- outils de connections isolés (clefs, tournevis).";;Aucune;;;
936;6;10;16;1. SERVICES ADMINISTRATIFS;CELLULE INFORMATIQUE-MOYENS GENERAUX;CELLULE INFORMATIQUE-MOYENS GENERAUX TOUS SITES DU SECTEUR D'INTERVENTION;6;Risque électrique;"- Opérations de maintenance de la cellule informatique dans les locaux techniques.
- Intervention électriques (exemple : câblage, remplacement d’une prise ou d’un fusible), sans disposer des qualifications requises.";Electrocution (décés), électrisation: fibrillation, lésions internes ou externes. Brûlures par arc électrique, incendie, explosion.;A planifier;ALEXANDRE BINDL;P2;A proposer;Habilitation électrique (ex: manoeuvre, essais, interventions élémentaires) et recyclages du personnel identifié.;;6 mois;03/07/2022;;
937;12;15;24;1. SERVICES ADMINISTRATIFS;CELLULE INFORMATIQUE-MOYENS GENERAUX;CELLULE INFORMATIQUE-MOYENS GENERAUX TOUS SITES DU SECTEUR D'INTERVENTION;17;Risque manutention manuelle;"- Cellule informatique : livraisons et réception de matériels informatiques et maintenance des postes.
- Moyens généraux : réception de livraisons diverses (consommables, mobilier bureatique...).";Douleurs dorso-lombaire, tendinites, écrasement.;En cours;ALEXANDRE BINDL;P2;Existante;"- Fractionnement des charges.
- Utilisation d'outils d’aide à la manutention (diable, chariot), diable de transport à 3 roues adapté au franchissement des marches.";;12 mois;03/03/2024;;
938;1;3;2;2. SPB;COB Biguglia - sites du secteur;Sites SPB secteur Biguglia;1;Risque Amiante;"Inhalation accidentelle de fibres d’amiante en suspension dans l’atmosphère due : 
- à la présence de matériaux et produits contenant de l’amiante (MPCA) friables ou très dégradés dans les locaux de travail non diagnostiqués,
- à l’intervention malencontreuse d’un tiers sur des MPCA (manque d’identification ou d’information).";Pathologies liées à l’amiante (asbestose, cancer du poumon, mésothéliome.), plaques pleurales.;A contrôler;MARC SALVADORI;P3;Existante;"1. Réalisation de repérages des MPCA puis constitution des dossiers techniques amiante (DTA = synthèse des diagnostics et actions) par site.
2. Communication de repérages au CP (voir document attaché) pour actualiser le tableau de synthèse mis en ligne sur l’intranet (dont le but est de : faciliter la consultation de l’historique par site et permettre l’identification des matériaux/produits contenants de l’amiante et donc éviter toute intervention malencontreuse dessus ou à proximité).
3. Consigne reçue: Les interventions et/ou retraits de produits ou matériaux contenants de l’amiante (friable et non friable) sont non autorisés en régie (code du travail SS3 et SS4).

NB : L’évaluation de l’état de dégradation par un opérateur certifié des matériaux/produits amiantés identifiés est recommandée tous les 36 mois.";;36 mois;02/06/2017;62;
939;1;3;640;1. SERVICES ADMINISTRATIFS;TOUS SERVICES DIRM administratifs-bureaux;TOUS SITES administratifs DIRM (hébergés y compris);1;Risque Amiante;"Inhalation accidentelle de fibres d’amiante en suspension dans l’atmosphère due : 
- à la présence de matériaux et produits contenant de l’amiante (MPCA) friables ou très dégradés dans les locaux de travail non diagnostiqués,
- à l’intervention malencontreuse d’un tiers sur des MPCA (manque d’identification ou d’information).";Pathologies liées à l’amiante (asbestose, cancer du poumon, mésothéliome.), plaques pleurales.;A contrôler;Responsables des services;P2;Existante;"Tous les services administratifs sont hébergés sur plusieurs sites.
Pour ce risque veuillez vous reporter au(x) site(s) hébergeur(s) dans l’unité « 8.GESTIONNAIRE SITE » pour visionner les mesures (existantes ou à proposer) qui concernent votre service.";;12 mois;03/03/2024;;
940;1;3;640;1. SERVICES ADMINISTRATIFS;TOUS SERVICES DIRM administratifs-bureaux;TOUS SITES administratifs DIRM (hébergés y compris);1;Risque Amiante;"Inhalation accidentelle de fibres d’amiante en suspension dans l’atmosphère due : 
- à la présence de matériaux et produits contenant de l’amiante (MPCA) friables ou très dégradés dans les locaux de travail non diagnostiqués,
- à l’intervention malencontreuse d’un tiers sur des MPCA (manque d’identification ou d’information).";Pathologies liées à l’amiante (asbestose, cancer du poumon, mésothéliome.), plaques pleurales.;A planifier;Responsables des services;P2;A proposer;"Tous les services administratifs sont hébergés sur plusieurs sites.
Pour ce risque veuillez vous reporter au(x) site(s) hébergeur(s) dans l’unité « 8.GESTIONNAIRE SITE » pour visionner les mesures (existantes ou à proposer) qui concernent votre service.";;12 mois;03/03/2024;;
941;5;10;642;.GESTIONNAIRE SITE;SERVICE(S) DIRM hébergé(s);Ajaccio-(annexe COB)-Délég.DIRM Corse/SEF/Aff.éco/CSN hébergés;6;Risque électrique;"- Contact direct (pièces nues sous tension accessibles) ou indirect (masses mises inopinément sous tension) accidentel dû à la défaillance du matériel, des équipements ou des installations électriques :
=> utilisation de matériel électrique non conforme : obsolète ou détérioré (fil dénudé, défaut d’isolation,…),
=> défaut de : conformité (ex : manque de continuité de liaison à la terre), matérialisation de la zone de voisinage, isolement des parties actives sur les installations et équipements.
- Mauvais usage (surcharge) de multiprises et prolongateurs.";Electrocution (décés), électrisation: fibrillation, lésions internes ou externes. Brûlures par arc électrique, incendie, explosion.;A planifier;Gestionnaire site et responsables des services;P2;A proposer;"- Vérifier le suivi périodique réglementaire des installations électriques auprès du gestionnaire du site (pas de retour à ce jour*) et renseigner la fiche sécurité DUERP du site (mise à jour annuelle demandée).
- Les levées d’observations doivent être assurées afin de rétablir la conformité électrique des installations dans tous les locaux de travail (y compris sur les sites où les agents des services DIRM sont hébergés).
- Utilisation du matériel électrique conformément aux spécifications du fabricant.
*Ces informations réglementaires sont logiquement consultables dans le registre unique de sécurité du site.";;12 mois;31/08/2022;;
942;8;11;644;.GESTIONNAIRE SITE;SERVICE(S) DIRM hébergé(s);Ajaccio-(annexe COB)-Délég.DIRM Corse/SEF/Aff.éco/CSN hébergés;8;Risque Incendie;Incendie dans les locaux de travail.;Brûlures légères à graves, dommages, lésions, décés.;A planifier;Gestionnaire site et responsables des services;P2;A proposer;"- Vérifier le suivi des contrôles périodiques réglementaires des moyens de lutte contre les débuts d'incendies auprès du gestionnaire du site (pas de retour à ce jour*) et renseigner la fiche sécurité DUERP du site (mise à jour annuelle demandée).
- S’assurer des exercices d'évacuation périodiques du personnel (obligatoire en fonction la catégorie des locaux), de la diffusion des consignes et de l’installation d’une signalétique appropriée.
- Éviter de stocker des emballages, du matériel ou autres dans les dégagements (couloirs, portes, issues…), respecter les largeurs d’unité de passage.
- Formation à l’utilisation des extincteurs et aux procédures d’évacuation (guide et serre fil) en fonction la catégorie des locaux.
*Ces informations réglementaires sont logiquement consultables dans le registre unique de sécurité du site.";;12 mois;31/08/2022;;
943;9;12;646;.GESTIONNAIRE SITE;SERVICE(S) DIRM hébergé(s);Ajaccio-(annexe COB)-Délég.DIRM Corse/SEF/Aff.éco/CSN hébergés;12;Risque lié aux automatismes;Barrières, portes, portails automatiques et divers automatismes défaillants;Ecrasements, chocs : blessures diverses.;A planifier;Gestionnaire site et responsables des services;P2;A proposer;"Vérifier le suivi des contrôles périodiques (6 mois) réglementaires des installations (barrières, portes, portails automatiques..) et la maintenance des systèmes auprès du gestionnaire du site (pas de retour à ce jour*) et renseigner la fiche sécurité DUERP du site (mise à jour annuelle demandée).
*Ces informations réglementaires sont logiquement consultables dans le registre unique de sécurité du site.";;12 mois;31/08/2022;;
944;5;10;641;.GESTIONNAIRE SITE;SERVICE(S) DIRM hébergé(s);Bastia-Site DDTM 2B-CSN/SEF/SSGM hébergés;6;Risque électrique;"- Contact direct (pièces nues sous tension accessibles) ou indirect (masses mises inopinément sous tension) accidentel dû à la défaillance du matériel, des équipements ou des installations électriques :
=> utilisation de matériel électrique non conforme : obsolète ou détérioré (fil dénudé, défaut d’isolation,…),
=> défaut de : conformité (ex : manque de continuité de liaison à la terre), matérialisation de la zone de voisinage, isolement des parties actives sur les installations et équipements.
- Mauvais usage (surcharge) de multiprises et prolongateurs.";Electrocution (décés), électrisation: fibrillation, lésions internes ou externes. Brûlures par arc électrique, incendie, explosion.;A contrôler;Gestionnaire site et responsables des services;P3;Existante;"- Vérification visuelle de l’état du matériel électrique (ex :prolongateurs) avant usage (par tout agent), signalement de l’état du matériel endommagé à la hiérarchie et remplacement.
- Acquisition de matériel conforme à la norme en vigueur, respect de la puissance maximale indiquée sur les prolongateurs et multiprises.
- Maintiens des portes des tableaux et coffrets électriques en position fermée.";;Aucune;;;
945;5;10;642;.GESTIONNAIRE SITE;SERVICE(S) DIRM hébergé(s);Bastia-Site DDTM 2B-CSN/SEF/SSGM hébergés;6;Risque électrique;"- Contact direct (pièces nues sous tension accessibles) ou indirect (masses mises inopinément sous tension) accidentel dû à la défaillance du matériel, des équipements ou des installations électriques :
=> utilisation de matériel électrique non conforme : obsolète ou détérioré (fil dénudé, défaut d’isolation,…),
=> défaut de : conformité (ex : manque de continuité de liaison à la terre), matérialisation de la zone de voisinage, isolement des parties actives sur les installations et équipements.
- Mauvais usage (surcharge) de multiprises et prolongateurs.";Electrocution (décés), électrisation: fibrillation, lésions internes ou externes. Brûlures par arc électrique, incendie, explosion.;A planifier;Gestionnaire site et responsables des services;P2;A proposer;"- Vérifier le suivi périodique réglementaire des installations électriques auprès du gestionnaire du site (pas de retour à ce jour*) et renseigner la fiche sécurité DUERP du site (mise à jour annuelle demandée).
- Les levées d’observations doivent être assurées afin de rétablir la conformité électrique des installations dans tous les locaux de travail (y compris sur les sites où les agents des services DIRM sont hébergés).
- Utilisation du matériel électrique conformément aux spécifications du fabricant.
*Ces informations réglementaires sont logiquement consultables dans le registre unique de sécurité du site.";;Aucune;;;
946;8;11;643;.GESTIONNAIRE SITE;SERVICE(S) DIRM hébergé(s);Bastia-Site DDTM 2B-CSN/SEF/SSGM hébergés;8;Risque Incendie;Incendie dans les locaux de travail.;Brûlures légères à graves, dommages, lésions, décés.;A contrôler;Gestionnaire site et responsables des services;P2;Existante;"Aucune :
- Vérifier si les locaux de ce site sont dotés de plan d’évacuation, signalétique et de moyens de lutte contre les débuts d'incendies.
- Vérifier l’obligation des exercices d’évacuations périodiques du personnel (obligatoire en fonction de la catégorie des locaux)";;Aucune;;;
947;8;11;644;.GESTIONNAIRE SITE;SERVICE(S) DIRM hébergé(s);Bastia-Site DDTM 2B-CSN/SEF/SSGM hébergés;8;Risque Incendie;Incendie dans les locaux de travail.;Brûlures légères à graves, dommages, lésions, décés.;A planifier;Gestionnaire site et responsables des services;P2;A proposer;"- Vérifier le suivi des contrôles périodiques réglementaires des moyens de lutte contre les débuts d'incendies auprès du gestionnaire du site (pas de retour à ce jour*) et renseigner la fiche sécurité DUERP du site (mise à jour annuelle demandée).
- S’assurer des exercices d'évacuation périodiques du personnel (obligatoire en fonction la catégorie des locaux), de la diffusion des consignes et de l’installation d’une signalétique appropriée.
- Éviter de stocker des emballages, du matériel ou autres dans les dégagements (couloirs, portes, issues…), respecter les largeurs d’unité de passage.
- Formation à l’utilisation des extincteurs et aux procédures d’évacuation (guide et serre fil) en fonction la catégorie des locaux.
*Ces informations réglementaires sont logiquement consultables dans le registre unique de sécurité du site.";;Aucune;;;
948;9;12;645;.GESTIONNAIRE SITE;SERVICE(S) DIRM hébergé(s);Bastia-Site DDTM 2B-CSN/SEF/SSGM hébergés;12;Risque lié aux automatismes;Barrières, portes, portails automatiques et divers automatismes défaillants;Ecrasements, chocs : blessures diverses.;A contrôler;Gestionnaire site et responsables des services;P2;Existante;Aucune, vérifier si le site est équipé de systèmes à automatisme destinés à l'usage des agents DIRM (barrières, portes, portails automatiques..) faisant l’objet de contrôles et de maintenance périodiques . ;;Aucune;;;
949;9;12;646;.GESTIONNAIRE SITE;SERVICE(S) DIRM hébergé(s);Bastia-Site DDTM 2B-CSN/SEF/SSGM hébergés;12;Risque lié aux automatismes;Barrières, portes, portails automatiques et divers automatismes défaillants;Ecrasements, chocs : blessures diverses.;A contrôler;Gestionnaire site et responsables des services;P2;A proposer;"Vérifier le suivi des contrôles périodiques (6 mois) réglementaires des installations (barrières, portes, portails automatiques..) et la maintenance des systèmes auprès du gestionnaire du site (pas de retour à ce jour*) et renseigner la fiche sécurité DUERP du site (mise à jour annuelle demandée).
*Ces informations réglementaires sont logiquement consultables dans le registre unique de sécurité du site.";;Aucune;;;
950;5;10;641;.GESTIONNAIRE SITE;SERVICE(S) DIRM hébergé(s);Mrs-Site DDTM13-SERVICES DIRM hébergés (Dir./SG/MICO/Dir.SPB/SRC/SEF/SSGM/CSN Paca Corse);6;Risque électrique;"- Contact direct (pièces nues sous tension accessibles) ou indirect (masses mises inopinément sous tension) accidentel dû à la défaillance du matériel, des équipements ou des installations électriques :
=> utilisation de matériel électrique non conforme : obsolète ou détérioré (fil dénudé, défaut d’isolation,…),
=> défaut de : conformité (ex : manque de continuité de liaison à la terre), matérialisation de la zone de voisinage, isolement des parties actives sur les installations et équipements.
- Mauvais usage (surcharge) de multiprises et prolongateurs.";Electrocution (décés), électrisation: fibrillation, lésions internes ou externes. Brûlures par arc électrique, incendie, explosion.;A contrôler;Gestionnaire site et responsables des services;P3;Existante;"- Vérification visuelle de l’état du matériel électrique (ex :prolongateurs) avant usage (par tout agent), signalement de l’état du matériel endommagé à la hiérarchie et remplacement.
- Acquisition de matériel conforme à la norme en vigueur, respect de la puissance maximale indiquée sur les prolongateurs et multiprises.
- Maintiens des portes des tableaux et coffrets électriques en position fermée.";;Aucune;;;
951;5;10;642;.GESTIONNAIRE SITE;SERVICE(S) DIRM hébergé(s);Mrs-Site DDTM13-SERVICES DIRM hébergés (Dir./SG/MICO/Dir.SPB/SRC/SEF/SSGM/CSN Paca Corse);6;Risque électrique;"- Contact direct (pièces nues sous tension accessibles) ou indirect (masses mises inopinément sous tension) accidentel dû à la défaillance du matériel, des équipements ou des installations électriques :
=> utilisation de matériel électrique non conforme : obsolète ou détérioré (fil dénudé, défaut d’isolation,…),
=> défaut de : conformité (ex : manque de continuité de liaison à la terre), matérialisation de la zone de voisinage, isolement des parties actives sur les installations et équipements.
- Mauvais usage (surcharge) de multiprises et prolongateurs.";Electrocution (décés), électrisation: fibrillation, lésions internes ou externes. Brûlures par arc électrique, incendie, explosion.;A planifier;Gestionnaire site et responsables des services;P2;A proposer;"- Vérifier le suivi périodique réglementaire des installations électriques auprès du gestionnaire du site (pas de retour à ce jour*) et renseigner la fiche sécurité DUERP du site (mise à jour annuelle demandée).
- Les levées d’observations doivent être assurées afin de rétablir la conformité électrique des installations dans tous les locaux de travail (y compris sur les sites où les agents des services DIRM sont hébergés).
- Utilisation du matériel électrique conformément aux spécifications du fabricant.
*Ces informations réglementaires sont logiquement consultables dans le registre unique de sécurité du site.";;12 mois;07/10/2020;;
952;8;11;647;.GESTIONNAIRE SITE;SERVICE(S) DIRM hébergé(s);Mrs-Site DDTM13-SERVICES DIRM hébergés (Dir./SG/MICO/Dir.SPB/SRC/SEF/SSGM/CSN Paca Corse);8;Risque Incendie;Incendie dans les locaux de travail.;Brûlures légères à graves, dommages, lésions, décés.;A contrôler;Gestionnaire site et responsables des services;P3;Existante;"- Vérification périodique des dispositifs de lutte contre les débuts d’incendies dans les locaux (attente du dernier contrôle).
- Plan d’évacuation, signalétique et exercices d’évacuation périodiques réalisés sur ce site.
- En 2022 sensibilisation (CP/AP) des agents aux nouvelles consignes/procédure de sécurité et d’évacuation (guide et serre fil).";;12 mois;07/10/2020;;
953;8;11;648;.GESTIONNAIRE SITE;SERVICE(S) DIRM hébergé(s);Mrs-Site DDTM13-SERVICES DIRM hébergés (Dir./SG/MICO/Dir.SPB/SRC/SEF/SSGM/CSN Paca Corse);8;Risque Incendie;Incendie dans les locaux de travail.;Brûlures légères à graves, dommages, lésions, décés.;A contrôler;Gestionnaire site et responsables des services;P2;A proposer;"Laisser les couloirs libres de tout meuble pouvant gêner l'évacuation.
Autres à proposer :
- Éviter de stocker des emballages, du matériel ou autres dans les dégagements (couloirs, portes, issues…), respecter les largeurs d’unité de passage.
- Vérifier le suivi des contrôles périodiques réglementaires des moyens de lutte contre les débuts d'incendies auprès du gestionnaire du site (pas de retour à ce jour*) et renseigner la fiche sécurité DUERP du site (mise à jour annuelle demandée).
- Les services doivent s’assurer de la diffusion des consignes/procédure de sécurité et d’évacuation aux nouveaux arrivants.
- Formation à l’utilisation des extincteurs et aux procédures d’évacuation (guide et serre fil) .
*Ces informations réglementaires sont logiquement consultables dans le registre unique de sécurité du site.";RECOMMANDATION N°16 - AUDIT ISST 2021;12 mois;01/10/2022;;
954;9;12;649;.GESTIONNAIRE SITE;SERVICE(S) DIRM hébergé(s);Mrs-Site DDTM13-SERVICES DIRM hébergés (Dir./SG/MICO/Dir.SPB/SRC/SEF/SSGM/CSN Paca Corse);12;Risque lié aux automatismes;Barrières, portes, portails automatiques et divers automatismes défaillants;Ecrasements, chocs : blessures diverses.;A contrôler;Gestionnaire site et responsables des services;P3;Existante;Vérification périodique des installations (ascenseurs, barrières, portes, rideaux, automatiques..) et maintenance des systèmes dans les locaux (attente du dernier contrôle).;;12 mois;07/10/2020;;
955;9;12;646;.GESTIONNAIRE SITE;SERVICE(S) DIRM hébergé(s);Mrs-Site DDTM13-SERVICES DIRM hébergés (Dir./SG/MICO/Dir.SPB/SRC/SEF/SSGM/CSN Paca Corse);12;Risque lié aux automatismes;Barrières, portes, portails automatiques et divers automatismes défaillants;Ecrasements, chocs : blessures diverses.;A planifier;Gestionnaire site et responsables des services;P2;A proposer;"Vérifier le suivi des contrôles périodiques (6 mois) réglementaires des installations (barrières, portes, portails automatiques..) et la maintenance des systèmes auprès du gestionnaire du site (pas de retour à ce jour*) et renseigner la fiche sécurité DUERP du site (mise à jour annuelle demandée).
*Ces informations réglementaires sont logiquement consultables dans le registre unique de sécurité du site.";;12 mois;07/10/2020;;
956;5;10;641;.GESTIONNAIRE SITE;SERVICE(S) DIRM hébergé(s);Sète-Site DDTM 34/DML-Aff.éco/SEF hébergés;6;Risque électrique;"- Contact direct (pièces nues sous tension accessibles) ou indirect (masses mises inopinément sous tension) accidentel dû à la défaillance du matériel, des équipements ou des installations électriques :
=> utilisation de matériel électrique non conforme : obsolète ou détérioré (fil dénudé, défaut d’isolation,…),
=> défaut de : conformité (ex : manque de continuité de liaison à la terre), matérialisation de la zone de voisinage, isolement des parties actives sur les installations et équipements.
- Mauvais usage (surcharge) de multiprises et prolongateurs.";Electrocution (décés), électrisation: fibrillation, lésions internes ou externes. Brûlures par arc électrique, incendie, explosion.;A contrôler;Gestionnaire site et responsables des services;P3;Existante;"- Vérification visuelle de l’état du matériel électrique (ex :prolongateurs) avant usage (par tout agent), signalement de l’état du matériel endommagé à la hiérarchie et remplacement.
- Acquisition de matériel conforme à la norme en vigueur, respect de la puissance maximale indiquée sur les prolongateurs et multiprises.
- Maintiens des portes des tableaux et coffrets électriques en position fermée.";;6 mois;18/02/2023;;
957;5;10;642;.GESTIONNAIRE SITE;SERVICE(S) DIRM hébergé(s);Sète-Site DDTM 34/DML-Aff.éco/SEF hébergés;6;Risque électrique;"- Contact direct (pièces nues sous tension accessibles) ou indirect (masses mises inopinément sous tension) accidentel dû à la défaillance du matériel, des équipements ou des installations électriques :
=> utilisation de matériel électrique non conforme : obsolète ou détérioré (fil dénudé, défaut d’isolation,…),
=> défaut de : conformité (ex : manque de continuité de liaison à la terre), matérialisation de la zone de voisinage, isolement des parties actives sur les installations et équipements.
- Mauvais usage (surcharge) de multiprises et prolongateurs.";Electrocution (décés), électrisation: fibrillation, lésions internes ou externes. Brûlures par arc électrique, incendie, explosion.;A planifier;Gestionnaire site et responsables des services;P2;A proposer;"- Vérifier le suivi périodique réglementaire des installations électriques auprès du gestionnaire du site (pas de retour à ce jour*) et renseigner la fiche sécurité DUERP du site (mise à jour annuelle demandée).
- Les levées d’observations doivent être assurées afin de rétablir la conformité électrique des installations dans tous les locaux de travail (y compris sur les sites où les agents des services DIRM sont hébergés).
- Utilisation du matériel électrique conformément aux spécifications du fabricant.
*Ces informations réglementaires sont logiquement consultables dans le registre unique de sécurité du site.";;12 mois;18/08/2023;;
958;8;11;643;.GESTIONNAIRE SITE;SERVICE(S) DIRM hébergé(s);Sète-Site DDTM 34/DML-Aff.éco/SEF hébergés;8;Risque Incendie;Incendie dans les locaux de travail.;Brûlures légères à graves, dommages, lésions, décés.;A contrôler;Gestionnaire site et responsables des services;P2;Existante;"Aucune :
- Vérifier si les locaux de ce site sont dotés de plan d’évacuation, signalétique et de moyens de lutte contre les débuts d'incendies.
- Vérifier l’obligation des exercices d’évacuations périodiques du personnel (obligatoire en fonction de la catégorie des locaux)";;6 mois;18/02/2023;;
959;8;11;644;.GESTIONNAIRE SITE;SERVICE(S) DIRM hébergé(s);Sète-Site DDTM 34/DML-Aff.éco/SEF hébergés;8;Risque Incendie;Incendie dans les locaux de travail.;Brûlures légères à graves, dommages, lésions, décés.;A contrôler;Gestionnaire site et responsables des services;P2;A proposer;"- Vérifier le suivi des contrôles périodiques réglementaires des moyens de lutte contre les débuts d'incendies auprès du gestionnaire du site (pas de retour à ce jour*) et renseigner la fiche sécurité DUERP du site (mise à jour annuelle demandée).
- S’assurer des exercices d'évacuation périodiques du personnel (obligatoire en fonction la catégorie des locaux), de la diffusion des consignes et de l’installation d’une signalétique appropriée.
- Éviter de stocker des emballages, du matériel ou autres dans les dégagements (couloirs, portes, issues…), respecter les largeurs d’unité de passage.
- Formation à l’utilisation des extincteurs et aux procédures d’évacuation (guide et serre fil) en fonction la catégorie des locaux.
*Ces informations réglementaires sont logiquement consultables dans le registre unique de sécurité du site.";;6 mois;18/02/2023;;
960;9;12;645;.GESTIONNAIRE SITE;SERVICE(S) DIRM hébergé(s);Sète-Site DDTM 34/DML-Aff.éco/SEF hébergés;12;Risque lié aux automatismes;Barrières, portes, portails automatiques et divers automatismes défaillants;Ecrasements, chocs : blessures diverses.;A contrôler;Gestionnaire site et responsables des services;P2;Existante;Aucune, vérifier si le site est équipé de systèmes à automatisme destinés à l'usage des agents DIRM (barrières, portes, portails automatiques..) faisant l’objet de contrôles et de maintenance périodiques . ;;6 mois;18/02/2023;;
961;9;12;646;.GESTIONNAIRE SITE;SERVICE(S) DIRM hébergé(s);Sète-Site DDTM 34/DML-Aff.éco/SEF hébergés;12;Risque lié aux automatismes;Barrières, portes, portails automatiques et divers automatismes défaillants;Ecrasements, chocs : blessures diverses.;A planifier;Gestionnaire site et responsables des services;P2;A proposer;"Vérifier le suivi des contrôles périodiques (6 mois) réglementaires des installations (barrières, portes, portails automatiques..) et la maintenance des systèmes auprès du gestionnaire du site (pas de retour à ce jour*) et renseigner la fiche sécurité DUERP du site (mise à jour annuelle demandée).
*Ces informations réglementaires sont logiquement consultables dans le registre unique de sécurité du site.";;12 mois;18/08/2023;;
962;5;10;641;.GESTIONNAIRE SITE;SERVICE(S) DIRM hébergé(s);Nice-Site DDTM 06-SEF/SSGM hébergés;6;Risque électrique;"- Contact direct (pièces nues sous tension accessibles) ou indirect (masses mises inopinément sous tension) accidentel dû à la défaillance du matériel, des équipements ou des installations électriques :
=> utilisation de matériel électrique non conforme : obsolète ou détérioré (fil dénudé, défaut d’isolation,…),
=> défaut de : conformité (ex : manque de continuité de liaison à la terre), matérialisation de la zone de voisinage, isolement des parties actives sur les installations et équipements.
- Mauvais usage (surcharge) de multiprises et prolongateurs.";Electrocution (décés), électrisation: fibrillation, lésions internes ou externes. Brûlures par arc électrique, incendie, explosion.;A contrôler;Gestionnaire site et responsables des services;P3;Existante;"- Vérification visuelle de l’état du matériel électrique (ex :prolongateurs) avant usage (par tout agent), signalement de l’état du matériel endommagé à la hiérarchie et remplacement.
- Acquisition de matériel conforme à la norme en vigueur, respect de la puissance maximale indiquée sur les prolongateurs et multiprises.
- Maintiens des portes des tableaux et coffrets électriques en position fermée.";;6 mois;09/05/2023;;
963;5;10;642;.GESTIONNAIRE SITE;SERVICE(S) DIRM hébergé(s);Nice-Site DDTM 06-SEF/SSGM hébergés;6;Risque électrique;"- Contact direct (pièces nues sous tension accessibles) ou indirect (masses mises inopinément sous tension) accidentel dû à la défaillance du matériel, des équipements ou des installations électriques :
=> utilisation de matériel électrique non conforme : obsolète ou détérioré (fil dénudé, défaut d’isolation,…),
=> défaut de : conformité (ex : manque de continuité de liaison à la terre), matérialisation de la zone de voisinage, isolement des parties actives sur les installations et équipements.
- Mauvais usage (surcharge) de multiprises et prolongateurs.";Electrocution (décés), électrisation: fibrillation, lésions internes ou externes. Brûlures par arc électrique, incendie, explosion.;A planifier;Gestionnaire site et responsables des services;P2;A proposer;"- Vérifier le suivi périodique réglementaire des installations électriques auprès du gestionnaire du site (pas de retour à ce jour*) et renseigner la fiche sécurité DUERP du site (mise à jour annuelle demandée).
- Les levées d’observations doivent être assurées afin de rétablir la conformité électrique des installations dans tous les locaux de travail (y compris sur les sites où les agents des services DIRM sont hébergés).
- Utilisation du matériel électrique conformément aux spécifications du fabricant.
*Ces informations réglementaires sont logiquement consultables dans le registre unique de sécurité du site.";;12 mois;09/11/2023;;
964;8;11;643;.GESTIONNAIRE SITE;SERVICE(S) DIRM hébergé(s);Nice-Site DDTM 06-SEF/SSGM hébergés;8;Risque Incendie;Incendie dans les locaux de travail.;Brûlures légères à graves, dommages, lésions, décés.;A contrôler;Gestionnaire site et responsables des services;P2;Existante;"Aucune :
- Vérifier si les locaux de ce site sont dotés de plan d’évacuation, signalétique et de moyens de lutte contre les débuts d'incendies.
- Vérifier l’obligation des exercices d’évacuations périodiques du personnel (obligatoire en fonction de la catégorie des locaux)";;12 mois;09/11/2023;;
965;8;11;644;.GESTIONNAIRE SITE;SERVICE(S) DIRM hébergé(s);Nice-Site DDTM 06-SEF/SSGM hébergés;8;Risque Incendie;Incendie dans les locaux de travail.;Brûlures légères à graves, dommages, lésions, décés.;A planifier;Gestionnaire site et responsables des services;P2;A proposer;"- Vérifier le suivi des contrôles périodiques réglementaires des moyens de lutte contre les débuts d'incendies auprès du gestionnaire du site (pas de retour à ce jour*) et renseigner la fiche sécurité DUERP du site (mise à jour annuelle demandée).
- S’assurer des exercices d'évacuation périodiques du personnel (obligatoire en fonction la catégorie des locaux), de la diffusion des consignes et de l’installation d’une signalétique appropriée.
- Éviter de stocker des emballages, du matériel ou autres dans les dégagements (couloirs, portes, issues…), respecter les largeurs d’unité de passage.
- Formation à l’utilisation des extincteurs et aux procédures d’évacuation (guide et serre fil) en fonction la catégorie des locaux.
*Ces informations réglementaires sont logiquement consultables dans le registre unique de sécurité du site.";;12 mois;09/11/2023;;
966;9;12;645;.GESTIONNAIRE SITE;SERVICE(S) DIRM hébergé(s);Nice-Site DDTM 06-SEF/SSGM hébergés;12;Risque lié aux automatismes;Barrières, portes, portails automatiques et divers automatismes défaillants;Ecrasements, chocs : blessures diverses.;A contrôler;Gestionnaire site et responsables des services;P2;Existante;Aucune, vérifier si le site est équipé de systèmes à automatisme destinés à l'usage des agents DIRM (barrières, portes, portails automatiques..) faisant l’objet de contrôles et de maintenance périodiques . ;;12 mois;09/11/2023;;
967;9;12;646;.GESTIONNAIRE SITE;SERVICE(S) DIRM hébergé(s);Nice-Site DDTM 06-SEF/SSGM hébergés;12;Risque lié aux automatismes;Barrières, portes, portails automatiques et divers automatismes défaillants;Ecrasements, chocs : blessures diverses.;A planifier;Gestionnaire site et responsables des services;P2;A proposer;"Vérifier le suivi des contrôles périodiques (6 mois) réglementaires des installations (barrières, portes, portails automatiques..) et la maintenance des systèmes auprès du gestionnaire du site (pas de retour à ce jour*) et renseigner la fiche sécurité DUERP du site (mise à jour annuelle demandée).
*Ces informations réglementaires sont logiquement consultables dans le registre unique de sécurité du site.";;12 mois;09/11/2023;;
968;5;10;641;.GESTIONNAIRE SITE;SERVICE(S) DIRM hébergé(s);Toulon-Site DDTM 83-SPB/CSN/SEF/SSGM hébergés;6;Risque électrique;"- Contact direct (pièces nues sous tension accessibles) ou indirect (masses mises inopinément sous tension) accidentel dû à la défaillance du matériel, des équipements ou des installations électriques :
=> utilisation de matériel électrique non conforme : obsolète ou détérioré (fil dénudé, défaut d’isolation,…),
=> défaut de : conformité (ex : manque de continuité de liaison à la terre), matérialisation de la zone de voisinage, isolement des parties actives sur les installations et équipements.
- Mauvais usage (surcharge) de multiprises et prolongateurs.";Electrocution (décés), électrisation: fibrillation, lésions internes ou externes. Brûlures par arc électrique, incendie, explosion.;A contrôler;Gestionnaire site et responsables des services;P3;Existante;"- Vérification visuelle de l’état du matériel électrique (ex :prolongateurs) avant usage (par tout agent), signalement de l’état du matériel endommagé à la hiérarchie et remplacement.
- Acquisition de matériel conforme à la norme en vigueur, respect de la puissance maximale indiquée sur les prolongateurs et multiprises.
- Maintiens des portes des tableaux et coffrets électriques en position fermée.";;Aucune;;;
969;5;10;642;.GESTIONNAIRE SITE;SERVICE(S) DIRM hébergé(s);Toulon-Site DDTM 83-SPB/CSN/SEF/SSGM hébergés;6;Risque électrique;"- Contact direct (pièces nues sous tension accessibles) ou indirect (masses mises inopinément sous tension) accidentel dû à la défaillance du matériel, des équipements ou des installations électriques :
=> utilisation de matériel électrique non conforme : obsolète ou détérioré (fil dénudé, défaut d’isolation,…),
=> défaut de : conformité (ex : manque de continuité de liaison à la terre), matérialisation de la zone de voisinage, isolement des parties actives sur les installations et équipements.
- Mauvais usage (surcharge) de multiprises et prolongateurs.";Electrocution (décés), électrisation: fibrillation, lésions internes ou externes. Brûlures par arc électrique, incendie, explosion.;A planifier;Gestionnaire site et responsables des services;P2;A proposer;"- Vérifier le suivi périodique réglementaire des installations électriques auprès du gestionnaire du site (pas de retour à ce jour*) et renseigner la fiche sécurité DUERP du site (mise à jour annuelle demandée).
- Les levées d’observations doivent être assurées afin de rétablir la conformité électrique des installations dans tous les locaux de travail (y compris sur les sites où les agents des services DIRM sont hébergés).
- Utilisation du matériel électrique conformément aux spécifications du fabricant.
*Ces informations réglementaires sont logiquement consultables dans le registre unique de sécurité du site.";;6 mois;02/09/2023;;
970;8;11;643;.GESTIONNAIRE SITE;SERVICE(S) DIRM hébergé(s);Toulon-Site DDTM 83-SPB/CSN/SEF/SSGM hébergés;8;Risque Incendie;Incendie dans les locaux de travail.;Brûlures légères à graves, dommages, lésions, décés.;A contrôler;Gestionnaire site et responsables des services;P2;Existante;"Aucune :
- Vérifier si les locaux de ce site sont dotés de plan d’évacuation, signalétique et de moyens de lutte contre les débuts d'incendies.
- Vérifier l’obligation des exercices d’évacuations périodiques du personnel (obligatoire en fonction de la catégorie des locaux)";;6 mois;02/09/2023;;
971;8;11;644;.GESTIONNAIRE SITE;SERVICE(S) DIRM hébergé(s);Toulon-Site DDTM 83-SPB/CSN/SEF/SSGM hébergés;8;Risque Incendie;Incendie dans les locaux de travail.;Brûlures légères à graves, dommages, lésions, décés.;A planifier;Gestionnaire site et responsables des services;P2;A proposer;"- Vérifier le suivi des contrôles périodiques réglementaires des moyens de lutte contre les débuts d'incendies auprès du gestionnaire du site (pas de retour à ce jour*) et renseigner la fiche sécurité DUERP du site (mise à jour annuelle demandée).
- S’assurer des exercices d'évacuation périodiques du personnel (obligatoire en fonction la catégorie des locaux), de la diffusion des consignes et de l’installation d’une signalétique appropriée.
- Éviter de stocker des emballages, du matériel ou autres dans les dégagements (couloirs, portes, issues…), respecter les largeurs d’unité de passage.
- Formation à l’utilisation des extincteurs et aux procédures d’évacuation (guide et serre fil) en fonction la catégorie des locaux.
*Ces informations réglementaires sont logiquement consultables dans le registre unique de sécurité du site.";;12 mois;02/03/2024;;
972;9;12;645;.GESTIONNAIRE SITE;SERVICE(S) DIRM hébergé(s);Toulon-Site DDTM 83-SPB/CSN/SEF/SSGM hébergés;12;Risque lié aux automatismes;Barrières, portes, portails automatiques et divers automatismes défaillants;Ecrasements, chocs : blessures diverses.;A contrôler;Gestionnaire site et responsables des services;P2;Existante;Aucune, vérifier si le site est équipé de systèmes à automatisme destinés à l'usage des agents DIRM (barrières, portes, portails automatiques..) faisant l’objet de contrôles et de maintenance périodiques . ;;6 mois;02/09/2023;;
973;9;12;646;.GESTIONNAIRE SITE;SERVICE(S) DIRM hébergé(s);Toulon-Site DDTM 83-SPB/CSN/SEF/SSGM hébergés;12;Risque lié aux automatismes;Barrières, portes, portails automatiques et divers automatismes défaillants;Ecrasements, chocs : blessures diverses.;A planifier;Gestionnaire site et responsables des services;P2;A proposer;"Vérifier le suivi des contrôles périodiques (6 mois) réglementaires des installations (barrières, portes, portails automatiques..) et la maintenance des systèmes auprès du gestionnaire du site (pas de retour à ce jour*) et renseigner la fiche sécurité DUERP du site (mise à jour annuelle demandée).
*Ces informations réglementaires sont logiquement consultables dans le registre unique de sécurité du site.";;6 mois;02/09/2023;;
974;5;10;641;.GESTIONNAIRE SITE;SERVICE(S) DIRM hébergé(s);Port la nouvelle-Site S.A.M-Ant. CSN Occitanie hébergé;6;Risque électrique;"- Contact direct (pièces nues sous tension accessibles) ou indirect (masses mises inopinément sous tension) accidentel dû à la défaillance du matériel, des équipements ou des installations électriques :
=> utilisation de matériel électrique non conforme : obsolète ou détérioré (fil dénudé, défaut d’isolation,…),
=> défaut de : conformité (ex : manque de continuité de liaison à la terre), matérialisation de la zone de voisinage, isolement des parties actives sur les installations et équipements.
- Mauvais usage (surcharge) de multiprises et prolongateurs.";Electrocution (décés), électrisation: fibrillation, lésions internes ou externes. Brûlures par arc électrique, incendie, explosion.;A contrôler;Gestionnaire site et responsable du service;P3;Existante;"- Vérification visuelle de l’état du matériel électrique (ex :prolongateurs) avant usage (par tout agent), signalement de l’état du matériel endommagé à la hiérarchie et remplacement.
- Acquisition de matériel conforme à la norme en vigueur, respect de la puissance maximale indiquée sur les prolongateurs et multiprises.
- Maintiens des portes des tableaux et coffrets électriques en position fermée.";;6 mois;25/02/2022;;
975;5;10;642;.GESTIONNAIRE SITE;SERVICE(S) DIRM hébergé(s);Port la nouvelle-Site S.A.M-Ant. CSN Occitanie hébergé;6;Risque électrique;"- Contact direct (pièces nues sous tension accessibles) ou indirect (masses mises inopinément sous tension) accidentel dû à la défaillance du matériel, des équipements ou des installations électriques :
=> utilisation de matériel électrique non conforme : obsolète ou détérioré (fil dénudé, défaut d’isolation,…),
=> défaut de : conformité (ex : manque de continuité de liaison à la terre), matérialisation de la zone de voisinage, isolement des parties actives sur les installations et équipements.
- Mauvais usage (surcharge) de multiprises et prolongateurs.";Electrocution (décés), électrisation: fibrillation, lésions internes ou externes. Brûlures par arc électrique, incendie, explosion.;A planifier;Gestionnaire site et responsable du service;P2;A proposer;"- Vérifier le suivi périodique réglementaire des installations électriques auprès du gestionnaire du site (pas de retour à ce jour*) et renseigner la fiche sécurité DUERP du site (mise à jour annuelle demandée).
- Les levées d’observations doivent être assurées afin de rétablir la conformité électrique des installations dans tous les locaux de travail (y compris sur les sites où les agents des services DIRM sont hébergés).
- Utilisation du matériel électrique conformément aux spécifications du fabricant.
*Ces informations réglementaires sont logiquement consultables dans le registre unique de sécurité du site.";;6 mois;02/09/2023;;
976;8;11;643;.GESTIONNAIRE SITE;SERVICE(S) DIRM hébergé(s);Port la nouvelle-Site S.A.M-Ant. CSN Occitanie hébergé;8;Risque Incendie;Incendie dans les locaux de travail.;Brûlures légères à graves, dommages, lésions, décés.;A contrôler;Gestionnaire site et responsable du service;P2;Existante;"Aucune :
- Vérifier si les locaux de ce site sont dotés de plan d’évacuation, signalétique et de moyens de lutte contre les débuts d'incendies.
- Vérifier l’obligation des exercices d’évacuations périodiques du personnel (obligatoire en fonction de la catégorie des locaux)";;12 mois;02/03/2024;;
977;8;11;644;.GESTIONNAIRE SITE;SERVICE(S) DIRM hébergé(s);Port la nouvelle-Site S.A.M-Ant. CSN Occitanie hébergé;8;Risque Incendie;Incendie dans les locaux de travail.;Brûlures légères à graves, dommages, lésions, décés.;A planifier;Gestionnaire site et responsable du service;P2;A proposer;"- Vérifier le suivi des contrôles périodiques réglementaires des moyens de lutte contre les débuts d'incendies auprès du gestionnaire du site (pas de retour à ce jour*) et renseigner la fiche sécurité DUERP du site (mise à jour annuelle demandée).
- S’assurer des exercices d'évacuation périodiques du personnel (obligatoire en fonction la catégorie des locaux), de la diffusion des consignes et de l’installation d’une signalétique appropriée.
- Éviter de stocker des emballages, du matériel ou autres dans les dégagements (couloirs, portes, issues…), respecter les largeurs d’unité de passage.
- Formation à l’utilisation des extincteurs et aux procédures d’évacuation (guide et serre fil) en fonction la catégorie des locaux.
*Ces informations réglementaires sont logiquement consultables dans le registre unique de sécurité du site.";;6 mois;02/09/2023;;
978;9;12;645;.GESTIONNAIRE SITE;SERVICE(S) DIRM hébergé(s);Port la nouvelle-Site S.A.M-Ant. CSN Occitanie hébergé;12;Risque lié aux automatismes;Barrières, portes, portails automatiques et divers automatismes défaillants;Ecrasements, chocs : blessures diverses.;A contrôler;Gestionnaire site et responsable du service;P2;Existante;Aucune, vérifier si le site est équipé de systèmes à automatisme destinés à l'usage des agents DIRM (barrières, portes, portails automatiques..) faisant l’objet de contrôles et de maintenance périodiques . ;;6 mois;02/09/2023;;
979;9;12;646;.GESTIONNAIRE SITE;SERVICE(S) DIRM hébergé(s);Port la nouvelle-Site S.A.M-Ant. CSN Occitanie hébergé;12;Risque lié aux automatismes;Barrières, portes, portails automatiques et divers automatismes défaillants;Ecrasements, chocs : blessures diverses.;A planifier;Gestionnaire site et responsable du service;P2;A proposer;"Vérifier le suivi des contrôles périodiques (6 mois) réglementaires des installations (barrières, portes, portails automatiques..) et la maintenance des systèmes auprès du gestionnaire du site (pas de retour à ce jour*) et renseigner la fiche sécurité DUERP du site (mise à jour annuelle demandée).
*Ces informations réglementaires sont logiquement consultables dans le registre unique de sécurité du site.";;6 mois;02/09/2023;;
980;5;10;641;.GESTIONNAIRE SITE;SERVICE(S) DIRM hébergé(s);Port la Nouvelle-Site La prud'homie-SSGM hébergé;6;Risque électrique;"- Contact direct (pièces nues sous tension accessibles) ou indirect (masses mises inopinément sous tension) accidentel dû à la défaillance du matériel, des équipements ou des installations électriques :
=> utilisation de matériel électrique non conforme : obsolète ou détérioré (fil dénudé, défaut d’isolation,…),
=> défaut de : conformité (ex : manque de continuité de liaison à la terre), matérialisation de la zone de voisinage, isolement des parties actives sur les installations et équipements.
- Mauvais usage (surcharge) de multiprises et prolongateurs.";Electrocution (décés), électrisation: fibrillation, lésions internes ou externes. Brûlures par arc électrique, incendie, explosion.;A contrôler;Gestionnaire site et responsable du service;P3;Existante;"- Vérification visuelle de l’état du matériel électrique (ex :prolongateurs) avant usage (par tout agent), signalement de l’état du matériel endommagé à la hiérarchie et remplacement.
- Acquisition de matériel conforme à la norme en vigueur, respect de la puissance maximale indiquée sur les prolongateurs et multiprises.
- Maintiens des portes des tableaux et coffrets électriques en position fermée.";;6 mois;25/02/2022;;
981;5;10;642;.GESTIONNAIRE SITE;SERVICE(S) DIRM hébergé(s);Port la Nouvelle-Site La prud'homie-SSGM hébergé;6;Risque électrique;"- Contact direct (pièces nues sous tension accessibles) ou indirect (masses mises inopinément sous tension) accidentel dû à la défaillance du matériel, des équipements ou des installations électriques :
=> utilisation de matériel électrique non conforme : obsolète ou détérioré (fil dénudé, défaut d’isolation,…),
=> défaut de : conformité (ex : manque de continuité de liaison à la terre), matérialisation de la zone de voisinage, isolement des parties actives sur les installations et équipements.
- Mauvais usage (surcharge) de multiprises et prolongateurs.";Electrocution (décés), électrisation: fibrillation, lésions internes ou externes. Brûlures par arc électrique, incendie, explosion.;A planifier;Gestionnaire site et responsable du service;P2;A proposer;"- Vérifier le suivi périodique réglementaire des installations électriques auprès du gestionnaire du site (pas de retour à ce jour*) et renseigner la fiche sécurité DUERP du site (mise à jour annuelle demandée).
- Les levées d’observations doivent être assurées afin de rétablir la conformité électrique des installations dans tous les locaux de travail (y compris sur les sites où les agents des services DIRM sont hébergés).
- Utilisation du matériel électrique conformément aux spécifications du fabricant.
*Ces informations réglementaires sont logiquement consultables dans le registre unique de sécurité du site.";;6 mois;25/02/2022;;
982;8;11;643;.GESTIONNAIRE SITE;SERVICE(S) DIRM hébergé(s);Port la Nouvelle-Site La prud'homie-SSGM hébergé;8;Risque Incendie;Incendie dans les locaux de travail.;Brûlures légères à graves, dommages, lésions, décés.;A contrôler;Gestionnaire site et responsable du service;P2;Existante;"Aucune :
- Vérifier si les locaux de ce site sont dotés de plan d’évacuation, signalétique et de moyens de lutte contre les débuts d'incendies.
- Vérifier l’obligation des exercices d’évacuations périodiques du personnel (obligatoire en fonction de la catégorie des locaux)";;6 mois;25/02/2022;;
983;8;11;644;.GESTIONNAIRE SITE;SERVICE(S) DIRM hébergé(s);Port la Nouvelle-Site La prud'homie-SSGM hébergé;8;Risque Incendie;Incendie dans les locaux de travail.;Brûlures légères à graves, dommages, lésions, décés.;A planifier;Gestionnaire site et responsable du service;P2;A proposer;"- Vérifier le suivi des contrôles périodiques réglementaires des moyens de lutte contre les débuts d'incendies auprès du gestionnaire du site (pas de retour à ce jour*) et renseigner la fiche sécurité DUERP du site (mise à jour annuelle demandée).
- S’assurer des exercices d'évacuation périodiques du personnel (obligatoire en fonction la catégorie des locaux), de la diffusion des consignes et de l’installation d’une signalétique appropriée.
- Éviter de stocker des emballages, du matériel ou autres dans les dégagements (couloirs, portes, issues…), respecter les largeurs d’unité de passage.
- Formation à l’utilisation des extincteurs et aux procédures d’évacuation (guide et serre fil) en fonction la catégorie des locaux.
*Ces informations réglementaires sont logiquement consultables dans le registre unique de sécurité du site.";;6 mois;25/02/2022;;
984;9;12;645;.GESTIONNAIRE SITE;SERVICE(S) DIRM hébergé(s);Port la Nouvelle-Site La prud'homie-SSGM hébergé;12;Risque lié aux automatismes;Barrières, portes, portails automatiques et divers automatismes défaillants;Ecrasements, chocs : blessures diverses.;A contrôler;Gestionnaire site et responsable du service;P2;Existante;Aucune, vérifier si le site est équipé de systèmes à automatisme destinés à l'usage des agents DIRM (barrières, portes, portails automatiques..) faisant l’objet de contrôles et de maintenance périodiques . ;;6 mois;25/02/2022;;
985;9;12;646;.GESTIONNAIRE SITE;SERVICE(S) DIRM hébergé(s);Port la Nouvelle-Site La prud'homie-SSGM hébergé;12;Risque lié aux automatismes;Barrières, portes, portails automatiques et divers automatismes défaillants;Ecrasements, chocs : blessures diverses.;A planifier;Gestionnaire site et responsable du service;P2;A proposer;"Vérifier le suivi des contrôles périodiques (6 mois) réglementaires des installations (barrières, portes, portails automatiques..) et la maintenance des systèmes auprès du gestionnaire du site (pas de retour à ce jour*) et renseigner la fiche sécurité DUERP du site (mise à jour annuelle demandée).
*Ces informations réglementaires sont logiquement consultables dans le registre unique de sécurité du site.";;6 mois;25/02/2022;;
986;5;10;641;.GESTIONNAIRE SITE;SERVICE(S) DIRM hébergé(s);Ajaccio-Site DDTM2A-SSGM hébergé;6;Risque électrique;"- Contact direct (pièces nues sous tension accessibles) ou indirect (masses mises inopinément sous tension) accidentel dû à la défaillance du matériel, des équipements ou des installations électriques :
=> utilisation de matériel électrique non conforme : obsolète ou détérioré (fil dénudé, défaut d’isolation,…),
=> défaut de : conformité (ex : manque de continuité de liaison à la terre), matérialisation de la zone de voisinage, isolement des parties actives sur les installations et équipements.
- Mauvais usage (surcharge) de multiprises et prolongateurs.";Electrocution (décés), électrisation: fibrillation, lésions internes ou externes. Brûlures par arc électrique, incendie, explosion.;A contrôler;Gestionnaire site et responsable du service;P3;Existante;"- Vérification visuelle de l’état du matériel électrique (ex :prolongateurs) avant usage (par tout agent), signalement de l’état du matériel endommagé à la hiérarchie et remplacement.
- Acquisition de matériel conforme à la norme en vigueur, respect de la puissance maximale indiquée sur les prolongateurs et multiprises.
- Maintiens des portes des tableaux et coffrets électriques en position fermée.";;6 mois;25/02/2022;;
987;5;10;642;.GESTIONNAIRE SITE;SERVICE(S) DIRM hébergé(s);Ajaccio-Site DDTM2A-SSGM hébergé;6;Risque électrique;"- Contact direct (pièces nues sous tension accessibles) ou indirect (masses mises inopinément sous tension) accidentel dû à la défaillance du matériel, des équipements ou des installations électriques :
=> utilisation de matériel électrique non conforme : obsolète ou détérioré (fil dénudé, défaut d’isolation,…),
=> défaut de : conformité (ex : manque de continuité de liaison à la terre), matérialisation de la zone de voisinage, isolement des parties actives sur les installations et équipements.
- Mauvais usage (surcharge) de multiprises et prolongateurs.";Electrocution (décés), électrisation: fibrillation, lésions internes ou externes. Brûlures par arc électrique, incendie, explosion.;A planifier;Gestionnaire site et responsable du service;P2;A proposer;"- Vérifier le suivi périodique réglementaire des installations électriques auprès du gestionnaire du site (pas de retour à ce jour*) et renseigner la fiche sécurité DUERP du site (mise à jour annuelle demandée).
- Les levées d’observations doivent être assurées afin de rétablir la conformité électrique des installations dans tous les locaux de travail (y compris sur les sites où les agents des services DIRM sont hébergés).
- Utilisation du matériel électrique conformément aux spécifications du fabricant.
*Ces informations réglementaires sont logiquement consultables dans le registre unique de sécurité du site.";;6 mois;25/02/2022;;
988;8;11;643;.GESTIONNAIRE SITE;SERVICE(S) DIRM hébergé(s);Ajaccio-Site DDTM2A-SSGM hébergé;8;Risque Incendie;Incendie dans les locaux de travail.;Brûlures légères à graves, dommages, lésions, décés.;A contrôler;Gestionnaire site et responsable du service;P2;Existante;"Aucune :
- Vérifier si les locaux de ce site sont dotés de plan d’évacuation, signalétique et de moyens de lutte contre les débuts d'incendies.
- Vérifier l’obligation des exercices d’évacuations périodiques du personnel (obligatoire en fonction de la catégorie des locaux)";;6 mois;25/02/2022;;
989;8;11;644;.GESTIONNAIRE SITE;SERVICE(S) DIRM hébergé(s);Ajaccio-Site DDTM2A-SSGM hébergé;8;Risque Incendie;Incendie dans les locaux de travail.;Brûlures légères à graves, dommages, lésions, décés.;A planifier;Gestionnaire site et responsable du service;P2;A proposer;"- Vérifier le suivi des contrôles périodiques réglementaires des moyens de lutte contre les débuts d'incendies auprès du gestionnaire du site (pas de retour à ce jour*) et renseigner la fiche sécurité DUERP du site (mise à jour annuelle demandée).
- S’assurer des exercices d'évacuation périodiques du personnel (obligatoire en fonction la catégorie des locaux), de la diffusion des consignes et de l’installation d’une signalétique appropriée.
- Éviter de stocker des emballages, du matériel ou autres dans les dégagements (couloirs, portes, issues…), respecter les largeurs d’unité de passage.
- Formation à l’utilisation des extincteurs et aux procédures d’évacuation (guide et serre fil) en fonction la catégorie des locaux.
*Ces informations réglementaires sont logiquement consultables dans le registre unique de sécurité du site.";;6 mois;25/02/2022;;
990;9;12;645;.GESTIONNAIRE SITE;SERVICE(S) DIRM hébergé(s);Ajaccio-Site DDTM2A-SSGM hébergé;12;Risque lié aux automatismes;Barrières, portes, portails automatiques et divers automatismes défaillants;Ecrasements, chocs : blessures diverses.;A contrôler;Gestionnaire site et responsable du service;P2;Existante;Aucune, vérifier si le site est équipé de systèmes à automatisme destinés à l'usage des agents DIRM (barrières, portes, portails automatiques..) faisant l’objet de contrôles et de maintenance périodiques . ;;6 mois;25/02/2022;;
991;9;12;646;.GESTIONNAIRE SITE;SERVICE(S) DIRM hébergé(s);Ajaccio-Site DDTM2A-SSGM hébergé;12;Risque lié aux automatismes;Barrières, portes, portails automatiques et divers automatismes défaillants;Ecrasements, chocs : blessures diverses.;A planifier;Gestionnaire site et responsable du service;P2;A proposer;"Vérifier le suivi des contrôles périodiques (6 mois) réglementaires des installations (barrières, portes, portails automatiques..) et la maintenance des systèmes auprès du gestionnaire du site (pas de retour à ce jour*) et renseigner la fiche sécurité DUERP du site (mise à jour annuelle demandée).
*Ces informations réglementaires sont logiquement consultables dans le registre unique de sécurité du site.";;6 mois;25/02/2022;;
992;5;10;641;.GESTIONNAIRE SITE;SERVICE(S) DIRM hébergé(s);Sète-Site Lycée de la mer-SEF/SSGM hébergés;6;Risque électrique;"- Contact direct (pièces nues sous tension accessibles) ou indirect (masses mises inopinément sous tension) accidentel dû à la défaillance du matériel, des équipements ou des installations électriques :
=> utilisation de matériel électrique non conforme : obsolète ou détérioré (fil dénudé, défaut d’isolation,…),
=> défaut de : conformité (ex : manque de continuité de liaison à la terre), matérialisation de la zone de voisinage, isolement des parties actives sur les installations et équipements.
- Mauvais usage (surcharge) de multiprises et prolongateurs.";Electrocution (décés), électrisation: fibrillation, lésions internes ou externes. Brûlures par arc électrique, incendie, explosion.;A contrôler;Gestionnaire site et responsables des services;P3;Existante;"- Vérification visuelle de l’état du matériel électrique (ex :prolongateurs) avant usage (par tout agent), signalement de l’état du matériel endommagé à la hiérarchie et remplacement.
- Acquisition de matériel conforme à la norme en vigueur, respect de la puissance maximale indiquée sur les prolongateurs et multiprises.
- Maintiens des portes des tableaux et coffrets électriques en position fermée.";;6 mois;23/07/2023;;
993;5;10;642;.GESTIONNAIRE SITE;SERVICE(S) DIRM hébergé(s);Sète-Site Lycée de la mer-SEF/SSGM hébergés;6;Risque électrique;"- Contact direct (pièces nues sous tension accessibles) ou indirect (masses mises inopinément sous tension) accidentel dû à la défaillance du matériel, des équipements ou des installations électriques :
=> utilisation de matériel électrique non conforme : obsolète ou détérioré (fil dénudé, défaut d’isolation,…),
=> défaut de : conformité (ex : manque de continuité de liaison à la terre), matérialisation de la zone de voisinage, isolement des parties actives sur les installations et équipements.
- Mauvais usage (surcharge) de multiprises et prolongateurs.";Electrocution (décés), électrisation: fibrillation, lésions internes ou externes. Brûlures par arc électrique, incendie, explosion.;A contrôler;Gestionnaire site et responsables des services;P2;A proposer;"- Vérifier le suivi périodique réglementaire des installations électriques auprès du gestionnaire du site (pas de retour à ce jour*) et renseigner la fiche sécurité DUERP du site (mise à jour annuelle demandée).
- Les levées d’observations doivent être assurées afin de rétablir la conformité électrique des installations dans tous les locaux de travail (y compris sur les sites où les agents des services DIRM sont hébergés).
- Utilisation du matériel électrique conformément aux spécifications du fabricant.
*Ces informations réglementaires sont logiquement consultables dans le registre unique de sécurité du site.";;6 mois;23/07/2023;;
994;8;11;643;.GESTIONNAIRE SITE;SERVICE(S) DIRM hébergé(s);Sète-Site Lycée de la mer-SEF/SSGM hébergés;8;Risque Incendie;Incendie dans les locaux de travail.;Brûlures légères à graves, dommages, lésions, décés.;A contrôler;Gestionnaire site et responsables des services;P3;Existante;"Aucune :
- Vérifier si les locaux de ce site sont dotés de plan d’évacuation, signalétique et de moyens de lutte contre les débuts d'incendies.
- Vérifier l’obligation des exercices d’évacuations périodiques du personnel (obligatoire en fonction de la catégorie des locaux)";;6 mois;23/07/2023;;
995;8;11;644;.GESTIONNAIRE SITE;SERVICE(S) DIRM hébergé(s);Sète-Site Lycée de la mer-SEF/SSGM hébergés;8;Risque Incendie;Incendie dans les locaux de travail.;Brûlures légères à graves, dommages, lésions, décés.;A planifier;Gestionnaire site et responsables des services;P2;A proposer;"- Vérifier le suivi des contrôles périodiques réglementaires des moyens de lutte contre les débuts d'incendies auprès du gestionnaire du site (pas de retour à ce jour*) et renseigner la fiche sécurité DUERP du site (mise à jour annuelle demandée).
- S’assurer des exercices d'évacuation périodiques du personnel (obligatoire en fonction la catégorie des locaux), de la diffusion des consignes et de l’installation d’une signalétique appropriée.
- Éviter de stocker des emballages, du matériel ou autres dans les dégagements (couloirs, portes, issues…), respecter les largeurs d’unité de passage.
- Formation à l’utilisation des extincteurs et aux procédures d’évacuation (guide et serre fil) en fonction la catégorie des locaux.
*Ces informations réglementaires sont logiquement consultables dans le registre unique de sécurité du site.";;6 mois;23/07/2023;;
996;9;12;645;.GESTIONNAIRE SITE;SERVICE(S) DIRM hébergé(s);Sète-Site Lycée de la mer-SEF/SSGM hébergés;12;Risque lié aux automatismes;Barrières, portes, portails automatiques et divers automatismes défaillants;Ecrasements, chocs : blessures diverses.;A contrôler;Gestionnaire site et responsables des services;P2;Existante;Aucune, vérifier si le site est équipé de systèmes à automatisme destinés à l'usage des agents DIRM (barrières, portes, portails automatiques..) faisant l’objet de contrôles et de maintenance périodiques . ;;6 mois;23/07/2023;;
997;9;12;646;.GESTIONNAIRE SITE;SERVICE(S) DIRM hébergé(s);Sète-Site Lycée de la mer-SEF/SSGM hébergés;12;Risque lié aux automatismes;Barrières, portes, portails automatiques et divers automatismes défaillants;Ecrasements, chocs : blessures diverses.;A planifier;Gestionnaire site et responsables des services;P2;A proposer;"Vérifier le suivi des contrôles périodiques (6 mois) réglementaires des installations (barrières, portes, portails automatiques..) et la maintenance des systèmes auprès du gestionnaire du site (pas de retour à ce jour*) et renseigner la fiche sécurité DUERP du site (mise à jour annuelle demandée).
*Ces informations réglementaires sont logiquement consultables dans le registre unique de sécurité du site.";;6 mois;23/07/2023;;
999;5;10;641;.GESTIONNAIRE SITE;SERVICE(S) DIRM hébergé(s);Aspretto-Site B.A.N-Sous-CROSS hébergé;6;Risque électrique;"- Contact direct (pièces nues sous tension accessibles) ou indirect (masses mises inopinément sous tension) accidentel dû à la défaillance du matériel, des équipements ou des installations électriques :
=> utilisation de matériel électrique non conforme : obsolète ou détérioré (fil dénudé, défaut d’isolation,…),
=> défaut de : conformité (ex : manque de continuité de liaison à la terre), matérialisation de la zone de voisinage, isolement des parties actives sur les installations et équipements.
- Mauvais usage (surcharge) de multiprises et prolongateurs.";Electrocution (décés), électrisation: fibrillation, lésions internes ou externes. Brûlures par arc électrique, incendie, explosion.;A contrôler;Gestionnaire site et responsable du service;P3;Existante;"- Vérification visuelle de l’état du matériel électrique (ex :prolongateurs) avant usage (par tout agent), signalement de l’état du matériel endommagé à la hiérarchie et remplacement.
- Acquisition de matériel conforme à la norme en vigueur, respect de la puissance maximale indiquée sur les prolongateurs et multiprises.
- Maintiens des portes des tableaux et coffrets électriques en position fermée.";;6 mois;03/09/2023;;
1 000;5;10;642;.GESTIONNAIRE SITE;SERVICE(S) DIRM hébergé(s);Aspretto-Site B.A.N-Sous-CROSS hébergé;6;Risque électrique;"- Contact direct (pièces nues sous tension accessibles) ou indirect (masses mises inopinément sous tension) accidentel dû à la défaillance du matériel, des équipements ou des installations électriques :
=> utilisation de matériel électrique non conforme : obsolète ou détérioré (fil dénudé, défaut d’isolation,…),
=> défaut de : conformité (ex : manque de continuité de liaison à la terre), matérialisation de la zone de voisinage, isolement des parties actives sur les installations et équipements.
- Mauvais usage (surcharge) de multiprises et prolongateurs.";Electrocution (décés), électrisation: fibrillation, lésions internes ou externes. Brûlures par arc électrique, incendie, explosion.;A planifier;Gestionnaire site et responsable du service;P2;A proposer;"- Vérifier le suivi périodique réglementaire des installations électriques auprès du gestionnaire du site (pas de retour à ce jour*) et renseigner la fiche sécurité DUERP du site (mise à jour annuelle demandée).
- Les levées d’observations doivent être assurées afin de rétablir la conformité électrique des installations dans tous les locaux de travail (y compris sur les sites où les agents des services DIRM sont hébergés).
- Utilisation du matériel électrique conformément aux spécifications du fabricant.
*Ces informations réglementaires sont logiquement consultables dans le registre unique de sécurité du site.";;6 mois;03/09/2023;;
1 001;8;11;650;.GESTIONNAIRE SITE;SERVICE(S) DIRM hébergé(s);Aspretto-Site B.A.N-Sous-CROSS hébergé;8;Risque Incendie;Incendie dans les locaux de travail.;Brûlures légères à graves, dommages, lésions, décés.;A contrôler;Gestionnaire site et responsable du service;P3;Existante;"- Vérification périodique des dispositifs de lutte contre les débuts d’incendies dans les locaux (attente de retour).
- Plan d’évacuation, signalétique installés.";;6 mois;03/09/2023;;
1 002;8;11;644;.GESTIONNAIRE SITE;SERVICE(S) DIRM hébergé(s);Aspretto-Site B.A.N-Sous-CROSS hébergé;8;Risque Incendie;Incendie dans les locaux de travail.;Brûlures légères à graves, dommages, lésions, décés.;A planifier;Gestionnaire site et responsable du service;P2;A proposer;"- Vérifier le suivi des contrôles périodiques réglementaires des moyens de lutte contre les débuts d'incendies auprès du gestionnaire du site (pas de retour à ce jour*) et renseigner la fiche sécurité DUERP du site (mise à jour annuelle demandée).
- S’assurer des exercices d'évacuation périodiques du personnel (obligatoire en fonction la catégorie des locaux), de la diffusion des consignes et de l’installation d’une signalétique appropriée.
- Éviter de stocker des emballages, du matériel ou autres dans les dégagements (couloirs, portes, issues…), respecter les largeurs d’unité de passage.
- Formation à l’utilisation des extincteurs et aux procédures d’évacuation (guide et serre fil) en fonction la catégorie des locaux.
*Ces informations réglementaires sont logiquement consultables dans le registre unique de sécurité du site.";;12 mois;03/03/2024;;
1 003;9;12;645;.GESTIONNAIRE SITE;SERVICE(S) DIRM hébergé(s);Aspretto-Site B.A.N-Sous-CROSS hébergé;12;Risque lié aux automatismes;Barrières, portes, portails automatiques et divers automatismes défaillants;Ecrasements, chocs : blessures diverses.;A contrôler;Gestionnaire site et responsable du service;P2;Existante;Aucune, vérifier si le site est équipé de systèmes à automatisme destinés à l'usage des agents DIRM (barrières, portes, portails automatiques..) faisant l’objet de contrôles et de maintenance périodiques . ;;6 mois;03/09/2023;;
1 004;9;12;646;.GESTIONNAIRE SITE;SERVICE(S) DIRM hébergé(s);Aspretto-Site B.A.N-Sous-CROSS hébergé;12;Risque lié aux automatismes;Barrières, portes, portails automatiques et divers automatismes défaillants;Ecrasements, chocs : blessures diverses.;A planifier;Gestionnaire site et responsable du service;P2;A proposer;"Vérifier le suivi des contrôles périodiques (6 mois) réglementaires des installations (barrières, portes, portails automatiques..) et la maintenance des systèmes auprès du gestionnaire du site (pas de retour à ce jour*) et renseigner la fiche sécurité DUERP du site (mise à jour annuelle demandée).
*Ces informations réglementaires sont logiquement consultables dans le registre unique de sécurité du site.";;12 mois;03/03/2024;;
1 005;117;70;244;3. POLMAR;Centres POLMAR;Centres de Port de Bouc et de Sète (fermeture prévue);23;Risque de noyade;Chute accidentelle à l’eau lors des exercices : travaux au bord de l’eau (falaises, digues, enrochements…) ou sur moyen nautique.;Hypothermie, lésions cérébrales, pulmonaires, problèmes cardiaques, décès.;En cours;Tous Responsables POLMAR;P3;Existante;"Port de gilet auto-gonflant (150 N), EPI (chaussures équipées de semelles antidérapantes), coordination avec le pilote.";;Aucune;;;
1 006;1;3;651;2. SPB;COB Toulon - sites Dépt.83;COB Toulon;1;Risque Amiante;"Inhalation accidentelle de fibres d’amiante en suspension dans l’atmosphère due : 
- à la présence de matériaux et produits contenant de l’amiante (MPCA) friables ou très dégradés dans les locaux de travail non diagnostiqués,
- à l’intervention malencontreuse d’un tiers sur des MPCA (manque d’identification ou d’information).";Pathologies liées à l’amiante (asbestose, cancer du poumon, mésothéliome.), plaques pleurales.;A contrôler;Hervé GALL;P2;Existante;"Ce centre opérationnel de balisage est hébergé.
Pour ce risque veuillez vous reporter au site hébergeur dans l’unité « 8.GESTIONNAIRE SITE » pour visionner les mesures (existantes ou à proposer) qui concernent le COB.";;6 mois;03/09/2023;;
1 007;1;3;651;2. SPB;COB Toulon - sites Dépt.83;COB Toulon;1;Risque Amiante;"Inhalation accidentelle de fibres d’amiante en suspension dans l’atmosphère due : 
- à la présence de matériaux et produits contenant de l’amiante (MPCA) friables ou très dégradés dans les locaux de travail non diagnostiqués,
- à l’intervention malencontreuse d’un tiers sur des MPCA (manque d’identification ou d’information).";Pathologies liées à l’amiante (asbestose, cancer du poumon, mésothéliome.), plaques pleurales.;A planifier;Hervé GALL;P2;A proposer;"Ce centre opérationnel de balisage est hébergé.
Pour ce risque veuillez vous reporter au site hébergeur dans l’unité « 8.GESTIONNAIRE SITE » pour visionner les mesures (existantes ou à proposer) qui concernent le COB.";;6 mois;03/09/2023;;
1 008;5;10;651;2. SPB;COB Toulon - sites Dépt.83;COB Toulon;6;Risque électrique;"- Contact direct (pièces nues sous tension accessibles) ou indirect (masses mises inopinément sous tension) accidentel dû à la défaillance du matériel, des équipements ou des installations électriques :
=> utilisation de matériel électrique non conforme : obsolète ou détérioré (fil dénudé, défaut d’isolation,…),
=> défaut de : conformité (ex : manque de continuité de liaison à la terre), matérialisation de la zone de voisinage, isolement des parties actives sur les installations et équipements.
- Mauvais usage (surcharge) de multiprises et prolongateurs.";Electrocution (décés), électrisation: fibrillation, lésions internes ou externes. Brûlures par arc électrique, incendie, explosion.;A contrôler;Hervé GALL;P2;Existante;"Ce centre opérationnel de balisage est hébergé.
Pour ce risque veuillez vous reporter au site hébergeur dans l’unité « 8.GESTIONNAIRE SITE » pour visionner les mesures (existantes ou à proposer) qui concernent le COB.";;6 mois;03/09/2023;;
1 009;5;10;651;2. SPB;COB Toulon - sites Dépt.83;COB Toulon;6;Risque électrique;"- Contact direct (pièces nues sous tension accessibles) ou indirect (masses mises inopinément sous tension) accidentel dû à la défaillance du matériel, des équipements ou des installations électriques :
=> utilisation de matériel électrique non conforme : obsolète ou détérioré (fil dénudé, défaut d’isolation,…),
=> défaut de : conformité (ex : manque de continuité de liaison à la terre), matérialisation de la zone de voisinage, isolement des parties actives sur les installations et équipements.
- Mauvais usage (surcharge) de multiprises et prolongateurs.";Electrocution (décés), électrisation: fibrillation, lésions internes ou externes. Brûlures par arc électrique, incendie, explosion.;A planifier;Hervé GALL;P2;A proposer;"Ce centre opérationnel de balisage est hébergé.
Pour ce risque veuillez vous reporter au site hébergeur dans l’unité « 8.GESTIONNAIRE SITE » pour visionner les mesures (existantes ou à proposer) qui concernent le COB.";;6 mois;03/09/2023;;
1 010;8;11;651;2. SPB;COB Toulon - sites Dépt.83;COB Toulon;8;Risque Incendie;Incendie dans les locaux de travail.;Brûlures légères à graves, dommages, lésions, décés.;A contrôler;Hervé GALL;P2;Existante;"Ce centre opérationnel de balisage est hébergé.
Pour ce risque veuillez vous reporter au site hébergeur dans l’unité « 8.GESTIONNAIRE SITE » pour visionner les mesures (existantes ou à proposer) qui concernent le COB.";;6 mois;03/09/2023;;
1 011;8;11;651;2. SPB;COB Toulon - sites Dépt.83;COB Toulon;8;Risque Incendie;Incendie dans les locaux de travail.;Brûlures légères à graves, dommages, lésions, décés.;A planifier;Hervé GALL;P2;A proposer;"Ce centre opérationnel de balisage est hébergé.
Pour ce risque veuillez vous reporter au site hébergeur dans l’unité « 8.GESTIONNAIRE SITE » pour visionner les mesures (existantes ou à proposer) qui concernent le COB.";;6 mois;03/09/2023;;
1 012;9;12;651;2. SPB;COB Toulon - sites Dépt.83;COB Toulon;12;Risque lié aux automatismes;Barrières, portes, portails automatiques et divers automatismes défaillants;Ecrasements, chocs : blessures diverses.;A contrôler;Hervé GALL;P2;Existante;"Ce centre opérationnel de balisage est hébergé.
Pour ce risque veuillez vous reporter au site hébergeur dans l’unité « 8.GESTIONNAIRE SITE » pour visionner les mesures (existantes ou à proposer) qui concernent le COB.";;6 mois;03/09/2023;;
1 013;9;12;651;2. SPB;COB Toulon - sites Dépt.83;COB Toulon;12;Risque lié aux automatismes;Barrières, portes, portails automatiques et divers automatismes défaillants;Ecrasements, chocs : blessures diverses.;A planifier;Hervé GALL;P2;A proposer;"Ce centre opérationnel de balisage est hébergé.
Pour ce risque veuillez vous reporter au site hébergeur dans l’unité « 8.GESTIONNAIRE SITE » pour visionner les mesures (existantes ou à proposer) qui concernent le COB.";;6 mois;03/09/2023;;
1 014;1;3;652;4. CROSS MED;CROSS MÉDITERRANÉE;Aspretto (Corse);1;Risque Amiante;"Inhalation accidentelle de fibres d’amiante en suspension dans l’atmosphère due : 
- à la présence de matériaux et produits contenant de l’amiante (MPCA) friables ou très dégradés dans les locaux de travail non diagnostiqués,
- à l’intervention malencontreuse d’un tiers sur des MPCA (manque d’identification ou d’information).";Pathologies liées à l’amiante (asbestose, cancer du poumon, mésothéliome.), plaques pleurales.;A contrôler;Aymeric LE MASNE DE CHERMONT;P3;Existante;"Le Sous-CROSS en Corse est hébergé.
Pour ce risque veuillez vous reporter au site hébergeur dans l’unité « 8.GESTIONNAIRE SITE » pour visionner les mesures (existantes ou à proposer) qui concernent le Sous-CROSS.";;6 mois;03/09/2023;;
1 015;1;3;652;4. CROSS MED;CROSS MÉDITERRANÉE;Aspretto (Corse);1;Risque Amiante;"Inhalation accidentelle de fibres d’amiante en suspension dans l’atmosphère due : 
- à la présence de matériaux et produits contenant de l’amiante (MPCA) friables ou très dégradés dans les locaux de travail non diagnostiqués,
- à l’intervention malencontreuse d’un tiers sur des MPCA (manque d’identification ou d’information).";Pathologies liées à l’amiante (asbestose, cancer du poumon, mésothéliome.), plaques pleurales.;A planifier;Aymeric LE MASNE DE CHERMONT;P3;A proposer;"Le Sous-CROSS en Corse est hébergé.
Pour ce risque veuillez vous reporter au site hébergeur dans l’unité « 8.GESTIONNAIRE SITE » pour visionner les mesures (existantes ou à proposer) qui concernent le Sous-CROSS.";;6 mois;03/09/2023;;
1 016;5;10;652;4. CROSS MED;CROSS MÉDITERRANÉE;Aspretto (Corse);6;Risque électrique;"- Contact direct (pièces nues sous tension accessibles) ou indirect (masses mises inopinément sous tension) accidentel dû à la défaillance du matériel, des équipements ou des installations électriques :
=> utilisation de matériel électrique non conforme : obsolète ou détérioré (fil dénudé, défaut d’isolation,…),
=> défaut de : conformité (ex : manque de continuité de liaison à la terre), matérialisation de la zone de voisinage, isolement des parties actives sur les installations et équipements.
- Mauvais usage (surcharge) de multiprises et prolongateurs.";Electrocution (décés), électrisation: fibrillation, lésions internes ou externes. Brûlures par arc électrique, incendie, explosion.;A contrôler;Aymeric LE MASNE DE CHERMONT;P2;Existante;"Le Sous-CROSS en Corse est hébergé.
Pour ce risque veuillez vous reporter au site hébergeur dans l’unité « 8.GESTIONNAIRE SITE » pour visionner les mesures (existantes ou à proposer) qui concernent le Sous-CROSS.";;6 mois;03/09/2023;;
1 017;5;10;652;4. CROSS MED;CROSS MÉDITERRANÉE;Aspretto (Corse);6;Risque électrique;"- Contact direct (pièces nues sous tension accessibles) ou indirect (masses mises inopinément sous tension) accidentel dû à la défaillance du matériel, des équipements ou des installations électriques :
=> utilisation de matériel électrique non conforme : obsolète ou détérioré (fil dénudé, défaut d’isolation,…),
=> défaut de : conformité (ex : manque de continuité de liaison à la terre), matérialisation de la zone de voisinage, isolement des parties actives sur les installations et équipements.
- Mauvais usage (surcharge) de multiprises et prolongateurs.";Electrocution (décés), électrisation: fibrillation, lésions internes ou externes. Brûlures par arc électrique, incendie, explosion.;A planifier;Aymeric LE MASNE DE CHERMONT;P2;A proposer;"Le Sous-CROSS en Corse est hébergé.
Pour ce risque veuillez vous reporter au site hébergeur dans l’unité « 8.GESTIONNAIRE SITE » pour visionner les mesures (existantes ou à proposer) qui concernent le Sous-CROSS.";;6 mois;03/09/2023;;
1 018;8;11;652;4. CROSS MED;CROSS MÉDITERRANÉE;Aspretto (Corse);8;Risque Incendie;Incendie dans les locaux de travail.;Brûlures légères à graves, dommages, lésions, décés.;A contrôler;Aymeric LE MASNE DE CHERMONT;P3;Existante;"Le Sous-CROSS en Corse est hébergé.
Pour ce risque veuillez vous reporter au site hébergeur dans l’unité « 8.GESTIONNAIRE SITE » pour visionner les mesures (existantes ou à proposer) qui concernent le Sous-CROSS.";;6 mois;03/09/2023;;
1 019;8;11;652;4. CROSS MED;CROSS MÉDITERRANÉE;Aspretto (Corse);8;Risque Incendie;Incendie dans les locaux de travail.;Brûlures légères à graves, dommages, lésions, décés.;A planifier;Aymeric LE MASNE DE CHERMONT;P2;A proposer;"Le Sous-CROSS en Corse est hébergé.
Pour ce risque veuillez vous reporter au site hébergeur dans l’unité « 8.GESTIONNAIRE SITE » pour visionner les mesures (existantes ou à proposer) qui concernent le Sous-CROSS.";;6 mois;03/09/2023;;
1 020;8;11;650;4. CROSS MED;CROSS MÉDITERRANÉE;La Garde;8;Risque Incendie;Incendie dans les locaux de travail.;Brûlures légères à graves, dommages, lésions, décés.;A contrôler;Aymeric LE MASNE DE CHERMONT;P3;Existante;"- Vérification périodique des dispositifs de lutte contre les débuts d’incendies dans les locaux (attente de retour).
- Plan d’évacuation, signalétique installés.";;6 mois;03/09/2023;;
1 021;8;11;20;4. CROSS MED;CROSS MÉDITERRANÉE;La Garde;8;Risque Incendie;Incendie dans les locaux de travail.;Brûlures légères à graves, dommages, lésions, décés.;A planifier;Aymeric LE MASNE DE CHERMONT;P2;A proposer;"- Assurer, les contrôles périodiques des moyens de lutte contre les débuts d'incendies (à renseigner dans la fiche sécurité du DUERP), diffusion des consignes et installation d’une signalétique appropriée,
- Éviter de stocker des emballages, du matériel ou autres dans les dégagements (couloirs, portes, issues…), respecter les largeurs d’unité de passage.
- Formation à l’utilisation des extincteurs et procédures d’évacuation (guide et serre fil).";;6 mois;03/09/2023;;
1 022;9;12;649;4. CROSS MED;CROSS MÉDITERRANÉE;La Garde;12;Risque lié aux automatismes;Barrières, portes, portails automatiques et divers automatismes défaillants;Ecrasements, chocs : blessures diverses.;A contrôler;Aymeric LE MASNE DE CHERMONT;P3;Existante;Vérification périodique des installations (ascenseurs, barrières, portes, rideaux, automatiques..) et maintenance des systèmes dans les locaux (attente du dernier contrôle).;;6 mois;03/09/2023;;
1 023;9;12;655;4. CROSS MED;CROSS MÉDITERRANÉE;La Garde;12;Risque lié aux automatismes;Barrières, portes, portails automatiques et divers automatismes défaillants;Ecrasements, chocs : blessures diverses.;A planifier;Aymeric LE MASNE DE CHERMONT;P2;A proposer;"Vérifier le suivi des contrôles périodiques (6 mois) réglementaires* des installations (barrières, portes, portails automatiques..) et la maintenance des systèmes et renseigner la fiche sécurité DUERP du site (mise à jour annuelle demandée).
*Ces informations réglementaires sont logiquement consultables dans le registre unique de sécurité du site.";;6 mois;03/09/2023;;
1 024;9;12;652;4. CROSS MED;CROSS MÉDITERRANÉE;Aspretto (Corse);12;Risque lié aux automatismes;Barrières, portes, portails automatiques et divers automatismes défaillants;Ecrasements, chocs : blessures diverses.;A contrôler;Aymeric LE MASNE DE CHERMONT;P3;Existante;"Le Sous-CROSS en Corse est hébergé.
Pour ce risque veuillez vous reporter au site hébergeur dans l’unité « 8.GESTIONNAIRE SITE » pour visionner les mesures (existantes ou à proposer) qui concernent le Sous-CROSS.";;6 mois;03/09/2023;;
1 025;9;12;652;4. CROSS MED;CROSS MÉDITERRANÉE;Aspretto (Corse);12;Risque lié aux automatismes;Barrières, portes, portails automatiques et divers automatismes défaillants;Ecrasements, chocs : blessures diverses.;A planifier;Aymeric LE MASNE DE CHERMONT;P2;A proposer;"Le Sous-CROSS en Corse est hébergé.
Pour ce risque veuillez vous reporter au site hébergeur dans l’unité « 8.GESTIONNAIRE SITE » pour visionner les mesures (existantes ou à proposer) qui concernent le Sous-CROSS.";;6 mois;03/09/2023;;
1 026;1;3;656;6. CSN;CSN PACA Corse et Occitanie;Antennes CSN (agents hébergés) en PACA, Corse et Occitanie;1;Risque Amiante;"Inhalation accidentelle de fibres d’amiante en suspension dans l’atmosphère due : 
- à la présence de matériaux et produits contenant de l’amiante (MPCA) friables ou très dégradés dans les locaux de travail non diagnostiqués,
- à l’intervention malencontreuse d’un tiers sur des MPCA (manque d’identification ou d’information).";Pathologies liées à l’amiante (asbestose, cancer du poumon, mésothéliome.), plaques pleurales.;A contrôler;MARTINEZ.P JEHANNO.P;P2;Existante;"Des Antennes du CSN (PACA Corse et Occitanie) sont hébergées sur plusieurs sites.
Pour ce risque veuillez vous reporter au site hébergeur dans l’unité « 8.GESTIONNAIRE SITE » pour visionner les mesures (existantes ou à proposer) qui concernent l’Antenne du CSN.";;6 mois;03/09/2023;;
1 027;1;3;656;6. CSN;CSN PACA Corse et Occitanie;Antennes CSN (agents hébergés) en PACA, Corse et Occitanie;1;Risque Amiante;"Inhalation accidentelle de fibres d’amiante en suspension dans l’atmosphère due : 
- à la présence de matériaux et produits contenant de l’amiante (MPCA) friables ou très dégradés dans les locaux de travail non diagnostiqués,
- à l’intervention malencontreuse d’un tiers sur des MPCA (manque d’identification ou d’information).";Pathologies liées à l’amiante (asbestose, cancer du poumon, mésothéliome.), plaques pleurales.;A planifier;MARTINEZ.P JEHANNO.P;P2;A proposer;"Des Antennes du CSN (PACA Corse et Occitanie) sont hébergées sur plusieurs sites.
Pour ce risque veuillez vous reporter au site hébergeur dans l’unité « 8.GESTIONNAIRE SITE » pour visionner les mesures (existantes ou à proposer) qui concernent l’Antenne du CSN.";;6 mois;03/09/2023;;
1 028;239;10;13;6. CSN;CSN Occitanie; Sète-CSN Occitanie;6;Risque électrique;"Contact direct (pièces nues sous tension accessibles) ou indirect (masses mises inopinément sous tension) accidentel dû à la défaillance du matériel, des équipements ou des installations électriques des locaux :
=> utilisation de matériel électrique non conforme : obsolète ou détérioré (fil dénudé, défaut d’isolation,…),
=> défaut de : conformité (ex : manque de continuité de liaison à la terre), matérialisation de la zone de voisinage, isolement des parties actives sur les installations et équipements.
- Mauvais usage (surcharge) de multiprises et prolongateurs.";Electrocution (décés), électrisation: fibrillation, lésions internes ou externes. Brûlures par arc électrique, incendie, explosion.;A contrôler;PHILIPPE MARTINEZ;P2;Existante;"- Vérification visuelle de l’état du matériel électrique (ex :prolongateurs) avant usage (par tout agent), signalement de l’état du matériel endommagé à la hiérarchie et remplacement.
- Acquisition de matériel conforme à la norme en vigueur, respect de la puissance maximale indiquée sur les prolongateurs et multiprises.
- Maintiens des portes des tableaux et coffrets électriques en position fermée.
- Vérification périodique des installations électriques et mise en conformité des installations (attente retour).";;12 mois;07/03/2023;;
1 029;239;10;14;6. CSN;CSN Occitanie; Sète-CSN Occitanie;6;Risque électrique;"Contact direct (pièces nues sous tension accessibles) ou indirect (masses mises inopinément sous tension) accidentel dû à la défaillance du matériel, des équipements ou des installations électriques des locaux :
=> utilisation de matériel électrique non conforme : obsolète ou détérioré (fil dénudé, défaut d’isolation,…),
=> défaut de : conformité (ex : manque de continuité de liaison à la terre), matérialisation de la zone de voisinage, isolement des parties actives sur les installations et équipements.
- Mauvais usage (surcharge) de multiprises et prolongateurs.";Electrocution (décés), électrisation: fibrillation, lésions internes ou externes. Brûlures par arc électrique, incendie, explosion.;A planifier;PHILIPPE MARTINEZ;P2;A proposer;"- Suivi périodique de la conformité des installations électriques (à renseigner dans la fiche sécurité du DUERP), levées de réserves pour rétablir la conformité en partie assurées.
- Utilisation du matériel conformément aux spécifications du fabricant.";;12 mois;07/03/2023;;
1 030;239;10;656;6. CSN;CSN PACA Corse et Occitanie;Antennes CSN (agents hébergés) en PACA, Corse et Occitanie;6;Risque électrique;"Contact direct (pièces nues sous tension accessibles) ou indirect (masses mises inopinément sous tension) accidentel dû à la défaillance du matériel, des équipements ou des installations électriques des locaux :
=> utilisation de matériel électrique non conforme : obsolète ou détérioré (fil dénudé, défaut d’isolation,…),
=> défaut de : conformité (ex : manque de continuité de liaison à la terre), matérialisation de la zone de voisinage, isolement des parties actives sur les installations et équipements.
- Mauvais usage (surcharge) de multiprises et prolongateurs.";Electrocution (décés), électrisation: fibrillation, lésions internes ou externes. Brûlures par arc électrique, incendie, explosion.;A contrôler;MARTINEZ.P JEHANNO.P;P2;Existante;"Des Antennes du CSN (PACA Corse et Occitanie) sont hébergées sur plusieurs sites.
Pour ce risque veuillez vous reporter au site hébergeur dans l’unité « 8.GESTIONNAIRE SITE » pour visionner les mesures (existantes ou à proposer) qui concernent l’Antenne du CSN.";;6 mois;03/09/2023;;
1 031;239;10;656;6. CSN;CSN PACA Corse et Occitanie;Antennes CSN (agents hébergés) en PACA, Corse et Occitanie;6;Risque électrique;"Contact direct (pièces nues sous tension accessibles) ou indirect (masses mises inopinément sous tension) accidentel dû à la défaillance du matériel, des équipements ou des installations électriques des locaux :
=> utilisation de matériel électrique non conforme : obsolète ou détérioré (fil dénudé, défaut d’isolation,…),
=> défaut de : conformité (ex : manque de continuité de liaison à la terre), matérialisation de la zone de voisinage, isolement des parties actives sur les installations et équipements.
- Mauvais usage (surcharge) de multiprises et prolongateurs.";Electrocution (décés), électrisation: fibrillation, lésions internes ou externes. Brûlures par arc électrique, incendie, explosion.;A planifier;MARTINEZ.P JEHANNO.P;P2;A proposer;"Des Antennes du CSN (PACA Corse et Occitanie) sont hébergées sur plusieurs sites.
Pour ce risque veuillez vous reporter au site hébergeur dans l’unité « 8.GESTIONNAIRE SITE » pour visionner les mesures (existantes ou à proposer) qui concernent l’Antenne du CSN.";;6 mois;03/09/2023;;
1 032;8;11;650;6. CSN;CSN Occitanie; Sète-CSN Occitanie;8;Risque Incendie;Incendie dans les locaux de travail.;Brûlures légères à graves, dommages, lésions, décés.;A contrôler;PHILIPPE MARTINEZ;P2;Existante;"- Vérification périodique des dispositifs de lutte contre les débuts d’incendies dans les locaux (attente de retour).
- Plan d’évacuation, signalétique installés.";;12 mois;07/06/2022;;
1 033;8;11;658;6. CSN;CSN Occitanie; Sète-CSN Occitanie;8;Risque Incendie;Incendie dans les locaux de travail.;Brûlures légères à graves, dommages, lésions, décés.;A planifier;PHILIPPE MARTINEZ;P2;A proposer;"- Assurer, les contrôles périodiques des moyens de lutte contre les débuts d'incendies dans les locaux (à renseigner dans la fiche sécurité du DUERP), diffusion des consignes et installation d’une signalétique appropriée.
- Éviter de stocker des emballages, du matériel ou autres dans les dégagements (couloirs, portes, issues…), respecter les largeurs d’unité de passage.
- Formation à l’utilisation des extincteurs.";;12 mois;07/06/2022;;
1 034;8;11;656;6. CSN;CSN PACA Corse et Occitanie;Antennes CSN (agents hébergés) en PACA, Corse et Occitanie;8;Risque Incendie;Incendie dans les locaux de travail.;Brûlures légères à graves, dommages, lésions, décés.;A contrôler;MARTINEZ.P JEHANNO.P;P2;Existante;"Des Antennes du CSN (PACA Corse et Occitanie) sont hébergées sur plusieurs sites.
Pour ce risque veuillez vous reporter au site hébergeur dans l’unité « 8.GESTIONNAIRE SITE » pour visionner les mesures (existantes ou à proposer) qui concernent l’Antenne du CSN.";;12 mois;03/03/2024;;
1 035;8;11;656;6. CSN;CSN PACA Corse et Occitanie;Antennes CSN (agents hébergés) en PACA, Corse et Occitanie;8;Risque Incendie;Incendie dans les locaux de travail.;Brûlures légères à graves, dommages, lésions, décés.;A planifier;MARTINEZ.P JEHANNO.P;P2;A proposer;"Des Antennes du CSN (PACA Corse et Occitanie) sont hébergées sur plusieurs sites.
Pour ce risque veuillez vous reporter au site hébergeur dans l’unité « 8.GESTIONNAIRE SITE » pour visionner les mesures (existantes ou à proposer) qui concernent l’Antenne du CSN.";;12 mois;03/03/2024;;
1 036;9;12;21;6. CSN;CSN PACA Corse (Antenne);Martigues-Antenne CSN PACA Corse ;12;Risque lié aux automatismes;Barrières, portes, portails automatiques et divers automatismes défaillants;Ecrasements, chocs : blessures diverses.;A contrôler;Pascal JEHANNO;P2;Existante;Vérification périodique réglementaire (tous les 6 mois) et maintenance des systèmes (attente de retour du dernier contrôle).;;6 mois;03/09/2023;;
1 037;9;12;22;6. CSN;CSN PACA Corse (Antenne);Martigues-Antenne CSN PACA Corse ;12;Risque lié aux automatismes;Barrières, portes, portails automatiques et divers automatismes défaillants;Ecrasements, chocs : blessures diverses.;A planifier;Pascal JEHANNO;P2;A proposer;Le suivi des vérifications périodiques réglementaires doivent être assurés sur les sites de la DIRM (à renseigner dans la fiche sécurité du DUERP).;;6 mois;03/09/2023;;
1 038;9;12;645;6. CSN;CSN Occitanie; Sète-CSN Occitanie;12;Risque lié aux automatismes;Barrières, portes, portails automatiques et divers automatismes défaillants;Ecrasements, chocs : blessures diverses.;A contrôler;PHILIPPE MARTINEZ;P2;Existante;Aucune, vérifier si le site est équipé de systèmes à automatisme destinés à l'usage des agents DIRM (barrières, portes, portails automatiques..) faisant l’objet de contrôles et de maintenance périodiques . ;;6 mois;03/09/2023;;
1 039;9;12;22;6. CSN;CSN Occitanie; Sète-CSN Occitanie;12;Risque lié aux automatismes;Barrières, portes, portails automatiques et divers automatismes défaillants;Ecrasements, chocs : blessures diverses.;A planifier;PHILIPPE MARTINEZ;P2;A proposer;Le suivi des vérifications périodiques réglementaires doivent être assurés sur les sites de la DIRM (à renseigner dans la fiche sécurité du DUERP).;;6 mois;03/09/2023;;
1 040;9;12;656;6. CSN;CSN PACA Corse et Occitanie;Antennes CSN (agents hébergés) en PACA, Corse et Occitanie;12;Risque lié aux automatismes;Barrières, portes, portails automatiques et divers automatismes défaillants;Ecrasements, chocs : blessures diverses.;A contrôler;MARTINEZ.P JEHANNO.P;P2;Existante;"Des Antennes du CSN (PACA Corse et Occitanie) sont hébergées sur plusieurs sites.
Pour ce risque veuillez vous reporter au site hébergeur dans l’unité « 8.GESTIONNAIRE SITE » pour visionner les mesures (existantes ou à proposer) qui concernent l’Antenne du CSN.";;6 mois;03/09/2023;;
1 041;9;12;656;6. CSN;CSN PACA Corse et Occitanie;Antennes CSN (agents hébergés) en PACA, Corse et Occitanie;12;Risque lié aux automatismes;Barrières, portes, portails automatiques et divers automatismes défaillants;Ecrasements, chocs : blessures diverses.;A planifier;MARTINEZ.P JEHANNO.P;P2;A proposer;"Des Antennes du CSN (PACA Corse et Occitanie) sont hébergées sur plusieurs sites.
Pour ce risque veuillez vous reporter au site hébergeur dans l’unité « 8.GESTIONNAIRE SITE » pour visionner les mesures (existantes ou à proposer) qui concernent l’Antenne du CSN.";;6 mois;03/09/2023;;
1 043;320;3;660;7. SSGM;SSGM-Méditerranée;Navires et locaux inspectés au titre du réglement sanitaire international;1;Risque Amiante;"Lors des visites RSI, possible inhalation accidentelle de fibres d’amiante en suspension dans l’atmosphère due :
- à la présence de matériaux et produits contenant de l’amiante (MPCA) friables ou très dégradés sur les lieux de visites (défaut de DTA): locaux non diagnostiqués et à bord de navires inspectés au titre du règlement sanitaire international,
- à l’intervention malencontreuse d’un tiers sur des MCA (manque d’identification ou d’information).";Pathologies liées à l’amiante (asbestose, cancer du poumon, mésothéliome.), plaques pleurales.;En cours;Christophe DUPORT;P3;Existante;Lors des visites RSI : les locaux de vie sont principalement inspectés sur une durée de 3h maxi, les DTA et autres éléments sont demandés.;;Aucune;;;
1 044;320;3;661;7. SSGM;SSGM-Méditerranée;Navires et locaux inspectés au titre du réglement sanitaire international;1;Risque Amiante;"Lors des visites RSI, possible inhalation accidentelle de fibres d’amiante en suspension dans l’atmosphère due :
- à la présence de matériaux et produits contenant de l’amiante (MPCA) friables ou très dégradés sur les lieux de visites (défaut de DTA): locaux non diagnostiqués et à bord de navires inspectés au titre du règlement sanitaire international,
- à l’intervention malencontreuse d’un tiers sur des MCA (manque d’identification ou d’information).";Pathologies liées à l’amiante (asbestose, cancer du poumon, mésothéliome.), plaques pleurales.;A contrôler;Christophe DUPORT;P3;A proposer;Consigne à diffuser : Lors d’une visite sanitaire RSI demander le dossier technique amiante existant.;;Aucune;;;
1 045;1;3;659;7. SSGM;SSGM-Méditerranée;Tous sites SSGM de Méditerranée (Agents hébergés) ;1;Risque Amiante;"Inhalation accidentelle de fibres d’amiante en suspension dans l’atmosphère due : 
- à la présence de matériaux et produits contenant de l’amiante (MPCA) friables ou très dégradés dans les locaux de travail non diagnostiqués,
- à l’intervention malencontreuse d’un tiers sur des MPCA (manque d’identification ou d’information).";Pathologies liées à l’amiante (asbestose, cancer du poumon, mésothéliome.), plaques pleurales.;A contrôler;Christophe DUPORT;P2;Existante;"Tous les services de santé des gens de mer sont hébergés sur plusieurs sites.
Pour ce risque veuillez vous reporter au(x) site(s) hébergeur(s) dans l’unité « 8.GESTIONNAIRE SITE » pour visionner les mesures (existantes ou à proposer) qui concernent votre service.";;6 mois;03/09/2023;;
1 046;1;3;659;7. SSGM;SSGM-Méditerranée;Tous sites SSGM de Méditerranée (Agents hébergés) ;1;Risque Amiante;"Inhalation accidentelle de fibres d’amiante en suspension dans l’atmosphère due : 
- à la présence de matériaux et produits contenant de l’amiante (MPCA) friables ou très dégradés dans les locaux de travail non diagnostiqués,
- à l’intervention malencontreuse d’un tiers sur des MPCA (manque d’identification ou d’information).";Pathologies liées à l’amiante (asbestose, cancer du poumon, mésothéliome.), plaques pleurales.;A planifier;Christophe DUPORT;P2;A proposer;"Tous les services de santé des gens de mer sont hébergés sur plusieurs sites.
Pour ce risque veuillez vous reporter au(x) site(s) hébergeur(s) dans l’unité « 8.GESTIONNAIRE SITE » pour visionner les mesures (existantes ou à proposer) qui concernent votre service.";;6 mois;03/09/2023;;
1 047;9;12;659;7. SSGM;SSGM-Méditerranée;Tous sites SSGM de Méditerranée (Agents hébergés) ;12;Risque lié aux automatismes;Barrières, portes, portails automatiques et divers automatismes défaillants;Ecrasements, chocs : blessures diverses.;A planifier;Christophe DUPORT;P2;A proposer;"Tous les services de santé des gens de mer sont hébergés sur plusieurs sites.
Pour ce risque veuillez vous reporter au(x) site(s) hébergeur(s) dans l’unité « 8.GESTIONNAIRE SITE » pour visionner les mesures (existantes ou à proposer) qui concernent votre service.";;6 mois;03/09/2023;;
1 048;256;19;34;7. SSGM;SSGM-Méditerranée;Tous sites SSGM de Méditerranée (Agents hébergés) ;25;Risque lié à l'éclairage;"Déplacements ou travail dans une zone mal éclairée.";Lésions corporelles, superficielles ou profondes. ;En cours;Christophe DUPORT;P3;Existante;"- Lampes de bureaux d’appoint individuelles, stores aux fenêtres, relamping et réglage des luminaires direct/indirect sur pied de Zattara.
- Etude et recommandations formulées par le CP sur le type d’éclairage optimal (y compris D.E.L>UGR).";;Aucune;;;
1 049;293;184;662;7. SSGM;SSGM-Méditerranée;Navires et locaux inspectés au titre du réglement sanitaire international;36;Risque lié à la co-activité et à l'intervention d'entreprises extérieures;Lors des visites RSI, pendant les opérations de chargement et déchargement du navire, risque d’accident avec un véhicule de manutention.;Décès, traumatisme.;A contrôler;Christophe DUPORT;P3;A proposer;Rappel des consignes/mesures existantes avant les visites RSI.;;Aucune;;;
1 050;281;17;662;7. SSGM;SSGM-Méditerranée;Navires et locaux inspectés au titre du réglement sanitaire international;13;Risque lié aux fluides et équipements sous-pression ;Rupture accidentelle de canalisations en salle des machines lors des visites RSI.;Lésions diverses;A contrôler;Christophe DUPORT;P3;A proposer;Rappel des consignes/mesures existantes avant les visites RSI.;;Aucune;;;
1 051;256;19;662;7. SSGM;SSGM-Méditerranée;Navires et locaux inspectés au titre du réglement sanitaire international;25;Risque lié à l'éclairage;"Déplacements ou travail dans une zone mal éclairée.";Lésions corporelles, superficielles ou profondes. ;A contrôler;Christophe DUPORT;P3;A proposer;Rappel des consignes/mesures existantes avant les visites RSI.;;Aucune;;;
1 052;12;15;639;1. SERVICES ADMINISTRATIFS;CELLULE INFORMATIQUE-MOYENS GENERAUX;CELLULE INFORMATIQUE-MOYENS GENERAUX TOUS SITES DU SECTEUR D'INTERVENTION;17;Risque manutention manuelle;"- Cellule informatique : livraisons et réception de matériels informatiques et maintenance des postes.
- Moyens généraux : réception de livraisons diverses (consommables, mobilier bureatique...).";Douleurs dorso-lombaire, tendinites, écrasement.;A contrôler;ALEXANDRE BINDL;P2;A proposer;"- Intégration dans les marchés de la livraison des commandes jusqu'au lieu de stockage.
- Intervention en binome.";;12 mois;03/03/2024;;
1 053;334;3;663;4. CROSS MED;CROSS MÉDITERRANÉE;La Garde-Aspretto;1;Risque Amiante;"Lors d'interventions sur les sites déportés, possible inhalation accidentelle de fibres d’amiante en suspension dans l’atmosphère due :
- à la présence de matériaux et produits contenant de l’amiante (MPCA) friables ou très dégradés sur les lieux d'interventions (défaut de DTA): locaux non diagnostiqués ,
- à l’intervention malencontreuse sur des MCA (dû au manque d’identification ou d’information).";Pathologies liées à l’amiante (asbestose, cancer du poumon, mésothéliome.), plaques pleurales.;A contrôler;Aymeric LE MASNE DE CHERMONT;P3;Existante;Collecte des DTA en cours de réalisation auprès des différents opérateurs hébergeurs (TDF, Orange, Phares et balises)des sites déportés .;;6 mois;03/09/2023;;
1 054;334;3;664;4. CROSS MED;CROSS MÉDITERRANÉE;La Garde-Aspretto;1;Risque Amiante;"Lors d'interventions sur les sites déportés, possible inhalation accidentelle de fibres d’amiante en suspension dans l’atmosphère due :
- à la présence de matériaux et produits contenant de l’amiante (MPCA) friables ou très dégradés sur les lieux d'interventions (défaut de DTA): locaux non diagnostiqués ,
- à l’intervention malencontreuse sur des MCA (dû au manque d’identification ou d’information).";Pathologies liées à l’amiante (asbestose, cancer du poumon, mésothéliome.), plaques pleurales.;A planifier;Aymeric LE MASNE DE CHERMONT;P2;A proposer;"Finaliser la collecte des DTA pour les sites déportés auprès des différents opérateurs hébergeurs (TDF, Orange, Phares et balises).
";;6 mois;03/09/2023;;
1 055;322;54;285;4. CROSS MED;CROSS MÉDITERRANÉE;La Garde;11;Risque lié à la manipulation d'outils;Utilisation d’ustensiles, électroménager de cuisine mécanique, tranchants..;Coupures, contusions, écrasement, lésions diverses.;En cours;Aymeric LE MASNE DE CHERMONT;P2;Existante;Port des EPI (gants de protection), respect des consignes d’utilisation.;;12 mois;03/03/2024;;
1 056;322;54;104;4. CROSS MED;CROSS MÉDITERRANÉE;La Garde;11;Risque lié à la manipulation d'outils;Utilisation d’ustensiles, électroménager de cuisine mécanique, tranchants..;Coupures, contusions, écrasement, lésions diverses.;A contrôler;Aymeric LE MASNE DE CHERMONT;P2;A proposer;"- Utilisation des outils conformément à l’usage pour lequel ils sont destinés.
- Généraliser les protections individuelles oculaires à correction adaptée selon les besoins évalués.";;Aucune;;;
1 058;323;63;294;4. CROSS MED;CROSS MÉDITERRANÉE;La Garde;17;Risque manutention manuelle;"Manutention, port de charges : denrées et repas (personnel cuisine).";Douleurs dorso-lombaire, tendinites, écrasement, maladies professionnelle.;En cours;Aymeric LE MASNE DE CHERMONT;P3;Existante;"- Port des EPI (Chaussures de sécurité, gants de manutention).
- Utilisation d'outils d'aide à la manutention (diable, etc...), travail en binôme.";;Aucune;;;
1 059;323;63;290;4. CROSS MED;CROSS MÉDITERRANÉE;La Garde;17;Risque manutention manuelle;"Manutention, port de charges : denrées et repas (personnel cuisine).";Douleurs dorso-lombaire, tendinites, écrasement, maladies professionnelle.;A contrôler;Aymeric LE MASNE DE CHERMONT;P3;A proposer;"- Répartition et fractionnement des charges si possible,
- Stage PRAP (prévention des risques liès à l’activité physique).";;Aucune;;;
1 060;1;3;2;.GESTIONNAIRE SITE;SERVICE(S) DIRM hébergé(s);Mrs-Site DDTM13-SERVICES DIRM hébergés (Dir./SG/MICO/Dir.SPB/SRC/SEF/SSGM/CSN Paca Corse);1;Risque Amiante;"Inhalation accidentelle de fibres d’amiante en suspension dans l’atmosphère due : 
- à la présence de matériaux et produits contenant de l’amiante (MPCA) friables ou très dégradés dans les locaux de travail non diagnostiqués,
- à l’intervention malencontreuse d’un tiers sur des MPCA (manque d’identification ou d’information).";Pathologies liées à l’amiante (asbestose, cancer du poumon, mésothéliome.), plaques pleurales.;A contrôler;Gestionnaire site et responsables des services;P3;Existante;"1. Réalisation de repérages des MPCA puis constitution des dossiers techniques amiante (DTA = synthèse des diagnostics et actions) par site.
2. Communication de repérages au CP (voir document attaché) pour actualiser le tableau de synthèse mis en ligne sur l’intranet (dont le but est de : faciliter la consultation de l’historique par site et permettre l’identification des matériaux/produits contenants de l’amiante et donc éviter toute intervention malencontreuse dessus ou à proximité).
3. Consigne reçue: Les interventions et/ou retraits de produits ou matériaux contenants de l’amiante (friable et non friable) sont non autorisés en régie (code du travail SS3 et SS4).

NB : L’évaluation de l’état de dégradation par un opérateur certifié des matériaux/produits amiantés identifiés est recommandée tous les 36 mois.";;36 mois;07/10/2022;75;
1 061;24;201;49;1. SERVICES ADMINISTRATIFS;TOUS SERVICES DIRM administratifs-bureaux;TOUS SITES administratifs DIRM (hébergés y compris);35;Risque lié à l'alcool, drogues, médicaments, tabac.;"- Consommation de substances psychoactives pouvant altérer les facultés physiques et psychiques de l’individu et entraîner des accidents du travail ou de circulation (manque de vigilance, perte d’équilibre, diminution des réflexes, effet désinhibant conduisant à la prise de risque).
- Tabagisme et vapotage actif, passif.";"- Lésions corporelles, décès, 
- pathologies liées à la consommation de ces substances,
- affections psychiques,
- Tabagisme : maladies, cancers, insuffisance respiratoire.";A contrôler;Responsables des services;P3;A proposer;"- Politique de prévention à mettre en place (charte addictions).
- Affichage obligatoire de l’interdiction de fumer et de vapoter dans tous lieux fermés et couverts qui accueillent du public ou qui constituent des lieux de travail (modèle de signalisation fourni sur demande au CP).";;6 mois;30/03/2022;;
1 062;36;40;76;2. SPB;COB Toulon - sites Dépt.83;COB Toulon;4;Risque chimique lié à l'utilisation de produits CMR;Inhalation de poussières de bois (brut, traité..) et/ou de ces dérivés composés de nombreux produits chimiques (solvants des colles et vernis…) lors d’utilisation de machines à bois, d’outils portatifs pour les travaux de découpe, ponçage… (activité menuiserie :COB Toulon).;Cancers des sinus, troubles respiratoires et réactions allergiques;A contrôler;Hervé GALL;P2;Existante;"- Dispositif d’aspiration des poussières de bois sur le combiné bois.
- Port de protections respiratoires FFP3,
";;Aucune;;;
1 063;36;40;77;2. SPB;COB Toulon - sites Dépt.83;COB Toulon;4;Risque chimique lié à l'utilisation de produits CMR;Inhalation de poussières de bois (brut, traité..) et/ou de ces dérivés composés de nombreux produits chimiques (solvants des colles et vernis…) lors d’utilisation de machines à bois, d’outils portatifs pour les travaux de découpe, ponçage… (activité menuiserie :COB Toulon).;Cancers des sinus, troubles respiratoires et réactions allergiques;A planifier;Hervé GALL;P2;A proposer;"- Nettoyage régulier de l’atelier avec aspirateur équipé de filtre adapté.
- Rinçage régulier des fosses nasales avec sérum physiologique stérile.";;Aucune;;;
1 064;10;14;23;2. SPB;Tous COB-SPB Méditerranée;Sites SPB-Méditerranée (tous COB - Tous Dépts);16;Risque lié aux rayonnements ionisants et non ionisants (électromagnétiques);Inhalation du radon (gaz radioactif d’origine naturelle essentiellement présent dans le sol) concentré (niveau de référence inférieur à 300Bq/m3 en moyenne annuelle) dans des lieux confinés (sous-sols et rdc mal aérés) pendant une durée importante.;A long terme peut être la cause de cancers du poumon (en fonction de la concentration dans les locaux et du temps d'exposition).;A contrôler;TOUS Responsables COB;P1;Existante;"Depuis le 1er juillet 2018, la réglementation intègre ce risque dans la démarche de prévention des risques professionnels.
Ainsi, tous les lieux de travail situés en sous-sol ou en rez-de-chaussée doivent faire l’objet d’un dépistage radon, soit par l’employeur lui-même soit par un prestataire agréé. Le but recherché étant de réduire les concentrations aussi bas que possible dans les locaux dans lesquels les agents séjournent sur des durées importantes.";;12 mois;18/11/2022;;
1 066;156;83;567;4. CROSS MED;CROSS MÉDITERRANÉE;La Garde-Aspretto;37;Risque lié à la présence d'animaux;Attaque de goélands en période de nidification.;Blessures.;En cours;Aymeric LE MASNE DE CHERMONT;P3;Existante;Pas de mesure;;Aucune;;;
1 067;299;10;65;2. SPB;Tous COB-SPB Méditerranée;Sites SPB-Méditerranée (tous COB - Tous Dépts);6;Risque électrique;Opérations d'entretien, de maintenance (charge, contrôle, connexions, déconnexions), sur les installations alimentées par batteries stationnaires et panneaux photovoltaïques, remplacement et manutention de ces générateurs.;Electrocution (décés), électrisation: fibrillation, lésions internes ou externes. Brûlures par arc électrique, incendie, explosion.;A contrôler;TOUS Responsables COB;P2;Existante;"- Maintenance des installations, intervention avec usage d'outils isolés.
- Manipulation des conducteurs hors charge, maintient des protections, vérification avant connexion.
- Présence de sectionneurs adaptés sur certaines installations.
- Respect des règles de transport des batteries (pôles protégés).";;Aucune;;;
1 068;299;10;65;4. CROSS MED;CROSS MÉDITERRANÉE;La Garde-Aspretto;6;Risque électrique;Opérations d'entretien, de maintenance (charge, contrôle, connexions, déconnexions), sur les installations alimentées par batteries stationnaires et panneaux photovoltaïques, remplacement et manutention de ces générateurs.;Electrocution (décés), électrisation: fibrillation, lésions internes ou externes. Brûlures par arc électrique, incendie, explosion.;En cours;Aymeric LE MASNE DE CHERMONT;P2;Existante;"- Maintenance des installations, intervention avec usage d'outils isolés.
- Manipulation des conducteurs hors charge, maintient des protections, vérification avant connexion.
- Présence de sectionneurs adaptés sur certaines installations.
- Respect des règles de transport des batteries (pôles protégés).";;Aucune;;;
1 069;299;10;668;4. CROSS MED;CROSS MÉDITERRANÉE;La Garde-Aspretto;6;Risque électrique;Opérations d'entretien, de maintenance (charge, contrôle, connexions, déconnexions), sur les installations alimentées par batteries stationnaires et panneaux photovoltaïques, remplacement et manutention de ces générateurs.;Electrocution (décés), électrisation: fibrillation, lésions internes ou externes. Brûlures par arc électrique, incendie, explosion.;A contrôler;Aymeric LE MASNE DE CHERMONT;P1;A proposer;"- Analyses des installations de batteries stationnaires, retours attendus pour définir la nécessité de formations des intervenants : dès lors que la tension des batteries stationnaires est supérieure à 60 volts ou dont la capacité totale est supérieure à 275 Ah, la réglementation aux travaux sous tension NFC 18-505-2-3 (installation qui n'a pu être mise hors tension) s'applique.  Sont considérées comme des interventions (intervenant habilité BR) les opérations électriques de courte durée (connexion/déconnexion hors charge et manutention bornes protégées), effectuées sur les circuits de batteries dont les caractéristiques physiques répondent à des éxigences de tension, de section des conducteurs et de protection contre les courts-circuits définies de manière à supprimer ou limiter les risques électriques.
- Respect des règles de transport (pôles protégés).
- Pose de sectionneurs permettant de couper la charge.";;6 mois;03/09/2023;;
1 070;10;14;23;.GESTIONNAIRE SITE;SERVICE(S) DIRM hébergé(s);Ajaccio-(annexe COB)-Délég.DIRM Corse/SEF/Aff.éco/CSN hébergés;16;Risque lié aux rayonnements ionisants et non ionisants (électromagnétiques);Inhalation du radon (gaz radioactif d’origine naturelle essentiellement présent dans le sol) concentré (niveau de référence inférieur à 300Bq/m3 en moyenne annuelle) dans des lieux confinés (sous-sols et rdc mal aérés) pendant une durée importante.;A long terme peut être la cause de cancers du poumon (en fonction de la concentration dans les locaux et du temps d'exposition).;A contrôler;Gestionnaire site et responsables des services;P1;Existante;"Depuis le 1er juillet 2018, la réglementation intègre ce risque dans la démarche de prévention des risques professionnels.
Ainsi, tous les lieux de travail situés en sous-sol ou en rez-de-chaussée doivent faire l’objet d’un dépistage radon, soit par l’employeur lui-même soit par un prestataire agréé. Le but recherché étant de réduire les concentrations aussi bas que possible dans les locaux dans lesquels les agents séjournent sur des durées importantes.";;12 mois;28/03/2024;;
1 071;10;14;259;.GESTIONNAIRE SITE;SERVICE(S) DIRM hébergé(s);Ajaccio-(annexe COB)-Délég.DIRM Corse/SEF/Aff.éco/CSN hébergés;16;Risque lié aux rayonnements ionisants et non ionisants (électromagnétiques);Inhalation du radon (gaz radioactif d’origine naturelle essentiellement présent dans le sol) concentré (niveau de référence inférieur à 300Bq/m3 en moyenne annuelle) dans des lieux confinés (sous-sols et rdc mal aérés) pendant une durée importante.;A long terme peut être la cause de cancers du poumon (en fonction de la concentration dans les locaux et du temps d'exposition).;A planifier;Gestionnaire site et responsables des services;P1;A proposer;"Consultations du potentiel radon par communes (ex catégorie 3 : communes du 83, 06, 2B et 2A) sur le site de l’IRSN ou l’arrêté du 27 juin 2018 portant délimitation des zones à potentiel radon du territoire français. 
Dépistage dans les zones « Le potentiel radon ainsi fourni ne présage en rien des concentrations présentes dans les bâtiments, celles-ci dépendant de multiples autres facteurs (étanchéité de l’interface entre le bâtiment et le sol, taux de renouvellement de l’air intérieur…). La cartographie ne peut donc en aucun cas se substituer à la réalisation de mesures. » 
Si des mesures de réduction de l’exposition à ce gaz sont conseillées quelle que soit la concentration constatée à l’issue du dépistage, il est particulièrement recommandé de mettre en place une des deux solutions suivantes à partir d’une concentration de radon supérieure à 300 Bq/m2 :
- supprimer la radon présent dans l’habitation en agissant sur le renouvellement de l’air intérieur,
- réduire le transfert de radon vers l’intérieur du bâtiment en renforçant son étanchéité vis-à-vis du sol.
=>Le CP propose aux services de réaliser dans un premier temps des campagnes de dépistage, pour les sites des communes à potentiel radon élevé : dans les parties de bâtiments situées en soussol ou en rez-de-chaussée où le personnel séjourne sur des durées importantes.";;12 mois;28/03/2024;;
1 072;10;14;23;.GESTIONNAIRE SITE;SERVICE(S) DIRM hébergé(s);Ajaccio-Site DDTM2A-SSGM hébergé;16;Risque lié aux rayonnements ionisants et non ionisants (électromagnétiques);Inhalation du radon (gaz radioactif d’origine naturelle essentiellement présent dans le sol) concentré (niveau de référence inférieur à 300Bq/m3 en moyenne annuelle) dans des lieux confinés (sous-sols et rdc mal aérés) pendant une durée importante.;A long terme peut être la cause de cancers du poumon (en fonction de la concentration dans les locaux et du temps d'exposition).;A contrôler;Gestionnaire site et responsable du service;P1;Existante;"Depuis le 1er juillet 2018, la réglementation intègre ce risque dans la démarche de prévention des risques professionnels.
Ainsi, tous les lieux de travail situés en sous-sol ou en rez-de-chaussée doivent faire l’objet d’un dépistage radon, soit par l’employeur lui-même soit par un prestataire agréé. Le but recherché étant de réduire les concentrations aussi bas que possible dans les locaux dans lesquels les agents séjournent sur des durées importantes.";;12 mois;28/03/2024;;
1 073;10;14;259;.GESTIONNAIRE SITE;SERVICE(S) DIRM hébergé(s);Ajaccio-Site DDTM2A-SSGM hébergé;16;Risque lié aux rayonnements ionisants et non ionisants (électromagnétiques);Inhalation du radon (gaz radioactif d’origine naturelle essentiellement présent dans le sol) concentré (niveau de référence inférieur à 300Bq/m3 en moyenne annuelle) dans des lieux confinés (sous-sols et rdc mal aérés) pendant une durée importante.;A long terme peut être la cause de cancers du poumon (en fonction de la concentration dans les locaux et du temps d'exposition).;A planifier;Gestionnaire site et responsable du service;P1;A proposer;"Consultations du potentiel radon par communes (ex catégorie 3 : communes du 83, 06, 2B et 2A) sur le site de l’IRSN ou l’arrêté du 27 juin 2018 portant délimitation des zones à potentiel radon du territoire français. 
Dépistage dans les zones « Le potentiel radon ainsi fourni ne présage en rien des concentrations présentes dans les bâtiments, celles-ci dépendant de multiples autres facteurs (étanchéité de l’interface entre le bâtiment et le sol, taux de renouvellement de l’air intérieur…). La cartographie ne peut donc en aucun cas se substituer à la réalisation de mesures. » 
Si des mesures de réduction de l’exposition à ce gaz sont conseillées quelle que soit la concentration constatée à l’issue du dépistage, il est particulièrement recommandé de mettre en place une des deux solutions suivantes à partir d’une concentration de radon supérieure à 300 Bq/m2 :
- supprimer la radon présent dans l’habitation en agissant sur le renouvellement de l’air intérieur,
- réduire le transfert de radon vers l’intérieur du bâtiment en renforçant son étanchéité vis-à-vis du sol.
=>Le CP propose aux services de réaliser dans un premier temps des campagnes de dépistage, pour les sites des communes à potentiel radon élevé : dans les parties de bâtiments situées en soussol ou en rez-de-chaussée où le personnel séjourne sur des durées importantes.";;12 mois;28/03/2024;;
1 074;10;14;23;.GESTIONNAIRE SITE;SERVICE(S) DIRM hébergé(s);Aspretto-Site B.A.N-Sous-CROSS hébergé;16;Risque lié aux rayonnements ionisants et non ionisants (électromagnétiques);Inhalation du radon (gaz radioactif d’origine naturelle essentiellement présent dans le sol) concentré (niveau de référence inférieur à 300Bq/m3 en moyenne annuelle) dans des lieux confinés (sous-sols et rdc mal aérés) pendant une durée importante.;A long terme peut être la cause de cancers du poumon (en fonction de la concentration dans les locaux et du temps d'exposition).;A contrôler;Gestionnaire site et responsable du service;P1;Existante;"Depuis le 1er juillet 2018, la réglementation intègre ce risque dans la démarche de prévention des risques professionnels.
Ainsi, tous les lieux de travail situés en sous-sol ou en rez-de-chaussée doivent faire l’objet d’un dépistage radon, soit par l’employeur lui-même soit par un prestataire agréé. Le but recherché étant de réduire les concentrations aussi bas que possible dans les locaux dans lesquels les agents séjournent sur des durées importantes.";;12 mois;28/03/2024;;
1 075;10;14;259;.GESTIONNAIRE SITE;SERVICE(S) DIRM hébergé(s);Aspretto-Site B.A.N-Sous-CROSS hébergé;16;Risque lié aux rayonnements ionisants et non ionisants (électromagnétiques);Inhalation du radon (gaz radioactif d’origine naturelle essentiellement présent dans le sol) concentré (niveau de référence inférieur à 300Bq/m3 en moyenne annuelle) dans des lieux confinés (sous-sols et rdc mal aérés) pendant une durée importante.;A long terme peut être la cause de cancers du poumon (en fonction de la concentration dans les locaux et du temps d'exposition).;A planifier;Gestionnaire site et responsable du service;P1;A proposer;"Consultations du potentiel radon par communes (ex catégorie 3 : communes du 83, 06, 2B et 2A) sur le site de l’IRSN ou l’arrêté du 27 juin 2018 portant délimitation des zones à potentiel radon du territoire français. 
Dépistage dans les zones « Le potentiel radon ainsi fourni ne présage en rien des concentrations présentes dans les bâtiments, celles-ci dépendant de multiples autres facteurs (étanchéité de l’interface entre le bâtiment et le sol, taux de renouvellement de l’air intérieur…). La cartographie ne peut donc en aucun cas se substituer à la réalisation de mesures. » 
Si des mesures de réduction de l’exposition à ce gaz sont conseillées quelle que soit la concentration constatée à l’issue du dépistage, il est particulièrement recommandé de mettre en place une des deux solutions suivantes à partir d’une concentration de radon supérieure à 300 Bq/m2 :
- supprimer la radon présent dans l’habitation en agissant sur le renouvellement de l’air intérieur,
- réduire le transfert de radon vers l’intérieur du bâtiment en renforçant son étanchéité vis-à-vis du sol.
=>Le CP propose aux services de réaliser dans un premier temps des campagnes de dépistage, pour les sites des communes à potentiel radon élevé : dans les parties de bâtiments situées en soussol ou en rez-de-chaussée où le personnel séjourne sur des durées importantes.";;12 mois;28/03/2024;;
1 076;10;14;23;.GESTIONNAIRE SITE;SERVICE(S) DIRM hébergé(s);Bastia-Site DDTM 2B-CSN/SEF/SSGM hébergés;16;Risque lié aux rayonnements ionisants et non ionisants (électromagnétiques);Inhalation du radon (gaz radioactif d’origine naturelle essentiellement présent dans le sol) concentré (niveau de référence inférieur à 300Bq/m3 en moyenne annuelle) dans des lieux confinés (sous-sols et rdc mal aérés) pendant une durée importante.;A long terme peut être la cause de cancers du poumon (en fonction de la concentration dans les locaux et du temps d'exposition).;A contrôler;Gestionnaire site et responsables des services;P1;Existante;"Depuis le 1er juillet 2018, la réglementation intègre ce risque dans la démarche de prévention des risques professionnels.
Ainsi, tous les lieux de travail situés en sous-sol ou en rez-de-chaussée doivent faire l’objet d’un dépistage radon, soit par l’employeur lui-même soit par un prestataire agréé. Le but recherché étant de réduire les concentrations aussi bas que possible dans les locaux dans lesquels les agents séjournent sur des durées importantes.";;12 mois;28/03/2024;;
1 077;10;14;259;.GESTIONNAIRE SITE;SERVICE(S) DIRM hébergé(s);Bastia-Site DDTM 2B-CSN/SEF/SSGM hébergés;16;Risque lié aux rayonnements ionisants et non ionisants (électromagnétiques);Inhalation du radon (gaz radioactif d’origine naturelle essentiellement présent dans le sol) concentré (niveau de référence inférieur à 300Bq/m3 en moyenne annuelle) dans des lieux confinés (sous-sols et rdc mal aérés) pendant une durée importante.;A long terme peut être la cause de cancers du poumon (en fonction de la concentration dans les locaux et du temps d'exposition).;A planifier;Gestionnaire site et responsables des services;P1;A proposer;"Consultations du potentiel radon par communes (ex catégorie 3 : communes du 83, 06, 2B et 2A) sur le site de l’IRSN ou l’arrêté du 27 juin 2018 portant délimitation des zones à potentiel radon du territoire français. 
Dépistage dans les zones « Le potentiel radon ainsi fourni ne présage en rien des concentrations présentes dans les bâtiments, celles-ci dépendant de multiples autres facteurs (étanchéité de l’interface entre le bâtiment et le sol, taux de renouvellement de l’air intérieur…). La cartographie ne peut donc en aucun cas se substituer à la réalisation de mesures. » 
Si des mesures de réduction de l’exposition à ce gaz sont conseillées quelle que soit la concentration constatée à l’issue du dépistage, il est particulièrement recommandé de mettre en place une des deux solutions suivantes à partir d’une concentration de radon supérieure à 300 Bq/m2 :
- supprimer la radon présent dans l’habitation en agissant sur le renouvellement de l’air intérieur,
- réduire le transfert de radon vers l’intérieur du bâtiment en renforçant son étanchéité vis-à-vis du sol.
=>Le CP propose aux services de réaliser dans un premier temps des campagnes de dépistage, pour les sites des communes à potentiel radon élevé : dans les parties de bâtiments situées en soussol ou en rez-de-chaussée où le personnel séjourne sur des durées importantes.";;12 mois;28/03/2024;;
1 078;10;14;23;.GESTIONNAIRE SITE;SERVICE(S) DIRM hébergé(s);Mrs-Site DDTM13-SERVICES DIRM hébergés (Dir./SG/MICO/Dir.SPB/SRC/SEF/SSGM/CSN Paca Corse);16;Risque lié aux rayonnements ionisants et non ionisants (électromagnétiques);Inhalation du radon (gaz radioactif d’origine naturelle essentiellement présent dans le sol) concentré (niveau de référence inférieur à 300Bq/m3 en moyenne annuelle) dans des lieux confinés (sous-sols et rdc mal aérés) pendant une durée importante.;A long terme peut être la cause de cancers du poumon (en fonction de la concentration dans les locaux et du temps d'exposition).;A contrôler;Gestionnaire site et responsables des services;P1;Existante;"Depuis le 1er juillet 2018, la réglementation intègre ce risque dans la démarche de prévention des risques professionnels.
Ainsi, tous les lieux de travail situés en sous-sol ou en rez-de-chaussée doivent faire l’objet d’un dépistage radon, soit par l’employeur lui-même soit par un prestataire agréé. Le but recherché étant de réduire les concentrations aussi bas que possible dans les locaux dans lesquels les agents séjournent sur des durées importantes.";;12 mois;28/03/2024;;
1 079;10;14;259;.GESTIONNAIRE SITE;SERVICE(S) DIRM hébergé(s);Mrs-Site DDTM13-SERVICES DIRM hébergés (Dir./SG/MICO/Dir.SPB/SRC/SEF/SSGM/CSN Paca Corse);16;Risque lié aux rayonnements ionisants et non ionisants (électromagnétiques);Inhalation du radon (gaz radioactif d’origine naturelle essentiellement présent dans le sol) concentré (niveau de référence inférieur à 300Bq/m3 en moyenne annuelle) dans des lieux confinés (sous-sols et rdc mal aérés) pendant une durée importante.;A long terme peut être la cause de cancers du poumon (en fonction de la concentration dans les locaux et du temps d'exposition).;A planifier;Gestionnaire site et responsables des services;P1;A proposer;"Consultations du potentiel radon par communes (ex catégorie 3 : communes du 83, 06, 2B et 2A) sur le site de l’IRSN ou l’arrêté du 27 juin 2018 portant délimitation des zones à potentiel radon du territoire français. 
Dépistage dans les zones « Le potentiel radon ainsi fourni ne présage en rien des concentrations présentes dans les bâtiments, celles-ci dépendant de multiples autres facteurs (étanchéité de l’interface entre le bâtiment et le sol, taux de renouvellement de l’air intérieur…). La cartographie ne peut donc en aucun cas se substituer à la réalisation de mesures. » 
Si des mesures de réduction de l’exposition à ce gaz sont conseillées quelle que soit la concentration constatée à l’issue du dépistage, il est particulièrement recommandé de mettre en place une des deux solutions suivantes à partir d’une concentration de radon supérieure à 300 Bq/m2 :
- supprimer la radon présent dans l’habitation en agissant sur le renouvellement de l’air intérieur,
- réduire le transfert de radon vers l’intérieur du bâtiment en renforçant son étanchéité vis-à-vis du sol.
=>Le CP propose aux services de réaliser dans un premier temps des campagnes de dépistage, pour les sites des communes à potentiel radon élevé : dans les parties de bâtiments situées en soussol ou en rez-de-chaussée où le personnel séjourne sur des durées importantes.";;12 mois;28/03/2024;;
1 080;10;14;23;.GESTIONNAIRE SITE;SERVICE(S) DIRM hébergé(s);Nice-Site DDTM 06-SEF/SSGM hébergés;16;Risque lié aux rayonnements ionisants et non ionisants (électromagnétiques);Inhalation du radon (gaz radioactif d’origine naturelle essentiellement présent dans le sol) concentré (niveau de référence inférieur à 300Bq/m3 en moyenne annuelle) dans des lieux confinés (sous-sols et rdc mal aérés) pendant une durée importante.;A long terme peut être la cause de cancers du poumon (en fonction de la concentration dans les locaux et du temps d'exposition).;A contrôler;Gestionnaire site et responsables des services;P1;Existante;"Depuis le 1er juillet 2018, la réglementation intègre ce risque dans la démarche de prévention des risques professionnels.
Ainsi, tous les lieux de travail situés en sous-sol ou en rez-de-chaussée doivent faire l’objet d’un dépistage radon, soit par l’employeur lui-même soit par un prestataire agréé. Le but recherché étant de réduire les concentrations aussi bas que possible dans les locaux dans lesquels les agents séjournent sur des durées importantes.";;12 mois;28/03/2024;;
1 081;10;14;259;.GESTIONNAIRE SITE;SERVICE(S) DIRM hébergé(s);Nice-Site DDTM 06-SEF/SSGM hébergés;16;Risque lié aux rayonnements ionisants et non ionisants (électromagnétiques);Inhalation du radon (gaz radioactif d’origine naturelle essentiellement présent dans le sol) concentré (niveau de référence inférieur à 300Bq/m3 en moyenne annuelle) dans des lieux confinés (sous-sols et rdc mal aérés) pendant une durée importante.;A long terme peut être la cause de cancers du poumon (en fonction de la concentration dans les locaux et du temps d'exposition).;A planifier;Gestionnaire site et responsables des services;P1;A proposer;"Consultations du potentiel radon par communes (ex catégorie 3 : communes du 83, 06, 2B et 2A) sur le site de l’IRSN ou l’arrêté du 27 juin 2018 portant délimitation des zones à potentiel radon du territoire français. 
Dépistage dans les zones « Le potentiel radon ainsi fourni ne présage en rien des concentrations présentes dans les bâtiments, celles-ci dépendant de multiples autres facteurs (étanchéité de l’interface entre le bâtiment et le sol, taux de renouvellement de l’air intérieur…). La cartographie ne peut donc en aucun cas se substituer à la réalisation de mesures. » 
Si des mesures de réduction de l’exposition à ce gaz sont conseillées quelle que soit la concentration constatée à l’issue du dépistage, il est particulièrement recommandé de mettre en place une des deux solutions suivantes à partir d’une concentration de radon supérieure à 300 Bq/m2 :
- supprimer la radon présent dans l’habitation en agissant sur le renouvellement de l’air intérieur,
- réduire le transfert de radon vers l’intérieur du bâtiment en renforçant son étanchéité vis-à-vis du sol.
=>Le CP propose aux services de réaliser dans un premier temps des campagnes de dépistage, pour les sites des communes à potentiel radon élevé : dans les parties de bâtiments situées en soussol ou en rez-de-chaussée où le personnel séjourne sur des durées importantes.";;12 mois;28/03/2024;;
1 082;10;14;23;.GESTIONNAIRE SITE;SERVICE(S) DIRM hébergé(s);Port la Nouvelle-Site La prud'homie-SSGM hébergé;16;Risque lié aux rayonnements ionisants et non ionisants (électromagnétiques);Inhalation du radon (gaz radioactif d’origine naturelle essentiellement présent dans le sol) concentré (niveau de référence inférieur à 300Bq/m3 en moyenne annuelle) dans des lieux confinés (sous-sols et rdc mal aérés) pendant une durée importante.;A long terme peut être la cause de cancers du poumon (en fonction de la concentration dans les locaux et du temps d'exposition).;A contrôler;Gestionnaire site et responsable du service;P1;Existante;"Depuis le 1er juillet 2018, la réglementation intègre ce risque dans la démarche de prévention des risques professionnels.
Ainsi, tous les lieux de travail situés en sous-sol ou en rez-de-chaussée doivent faire l’objet d’un dépistage radon, soit par l’employeur lui-même soit par un prestataire agréé. Le but recherché étant de réduire les concentrations aussi bas que possible dans les locaux dans lesquels les agents séjournent sur des durées importantes.";;12 mois;28/03/2024;;
1 083;10;14;259;.GESTIONNAIRE SITE;SERVICE(S) DIRM hébergé(s);Port la Nouvelle-Site La prud'homie-SSGM hébergé;16;Risque lié aux rayonnements ionisants et non ionisants (électromagnétiques);Inhalation du radon (gaz radioactif d’origine naturelle essentiellement présent dans le sol) concentré (niveau de référence inférieur à 300Bq/m3 en moyenne annuelle) dans des lieux confinés (sous-sols et rdc mal aérés) pendant une durée importante.;A long terme peut être la cause de cancers du poumon (en fonction de la concentration dans les locaux et du temps d'exposition).;A planifier;Gestionnaire site et responsable du service;P1;A proposer;"Consultations du potentiel radon par communes (ex catégorie 3 : communes du 83, 06, 2B et 2A) sur le site de l’IRSN ou l’arrêté du 27 juin 2018 portant délimitation des zones à potentiel radon du territoire français. 
Dépistage dans les zones « Le potentiel radon ainsi fourni ne présage en rien des concentrations présentes dans les bâtiments, celles-ci dépendant de multiples autres facteurs (étanchéité de l’interface entre le bâtiment et le sol, taux de renouvellement de l’air intérieur…). La cartographie ne peut donc en aucun cas se substituer à la réalisation de mesures. » 
Si des mesures de réduction de l’exposition à ce gaz sont conseillées quelle que soit la concentration constatée à l’issue du dépistage, il est particulièrement recommandé de mettre en place une des deux solutions suivantes à partir d’une concentration de radon supérieure à 300 Bq/m2 :
- supprimer la radon présent dans l’habitation en agissant sur le renouvellement de l’air intérieur,
- réduire le transfert de radon vers l’intérieur du bâtiment en renforçant son étanchéité vis-à-vis du sol.
=>Le CP propose aux services de réaliser dans un premier temps des campagnes de dépistage, pour les sites des communes à potentiel radon élevé : dans les parties de bâtiments situées en soussol ou en rez-de-chaussée où le personnel séjourne sur des durées importantes.";;12 mois;28/03/2024;;
1 084;10;14;23;.GESTIONNAIRE SITE;SERVICE(S) DIRM hébergé(s);Port la nouvelle-Site S.A.M-Ant. CSN Occitanie hébergé;16;Risque lié aux rayonnements ionisants et non ionisants (électromagnétiques);Inhalation du radon (gaz radioactif d’origine naturelle essentiellement présent dans le sol) concentré (niveau de référence inférieur à 300Bq/m3 en moyenne annuelle) dans des lieux confinés (sous-sols et rdc mal aérés) pendant une durée importante.;A long terme peut être la cause de cancers du poumon (en fonction de la concentration dans les locaux et du temps d'exposition).;A contrôler;Gestionnaire site et responsable du service;P1;Existante;"Depuis le 1er juillet 2018, la réglementation intègre ce risque dans la démarche de prévention des risques professionnels.
Ainsi, tous les lieux de travail situés en sous-sol ou en rez-de-chaussée doivent faire l’objet d’un dépistage radon, soit par l’employeur lui-même soit par un prestataire agréé. Le but recherché étant de réduire les concentrations aussi bas que possible dans les locaux dans lesquels les agents séjournent sur des durées importantes.";;12 mois;28/03/2024;;
1 085;10;14;259;.GESTIONNAIRE SITE;SERVICE(S) DIRM hébergé(s);Port la nouvelle-Site S.A.M-Ant. CSN Occitanie hébergé;16;Risque lié aux rayonnements ionisants et non ionisants (électromagnétiques);Inhalation du radon (gaz radioactif d’origine naturelle essentiellement présent dans le sol) concentré (niveau de référence inférieur à 300Bq/m3 en moyenne annuelle) dans des lieux confinés (sous-sols et rdc mal aérés) pendant une durée importante.;A long terme peut être la cause de cancers du poumon (en fonction de la concentration dans les locaux et du temps d'exposition).;A planifier;Gestionnaire site et responsable du service;P1;A proposer;"Consultations du potentiel radon par communes (ex catégorie 3 : communes du 83, 06, 2B et 2A) sur le site de l’IRSN ou l’arrêté du 27 juin 2018 portant délimitation des zones à potentiel radon du territoire français. 
Dépistage dans les zones « Le potentiel radon ainsi fourni ne présage en rien des concentrations présentes dans les bâtiments, celles-ci dépendant de multiples autres facteurs (étanchéité de l’interface entre le bâtiment et le sol, taux de renouvellement de l’air intérieur…). La cartographie ne peut donc en aucun cas se substituer à la réalisation de mesures. » 
Si des mesures de réduction de l’exposition à ce gaz sont conseillées quelle que soit la concentration constatée à l’issue du dépistage, il est particulièrement recommandé de mettre en place une des deux solutions suivantes à partir d’une concentration de radon supérieure à 300 Bq/m2 :
- supprimer la radon présent dans l’habitation en agissant sur le renouvellement de l’air intérieur,
- réduire le transfert de radon vers l’intérieur du bâtiment en renforçant son étanchéité vis-à-vis du sol.
=>Le CP propose aux services de réaliser dans un premier temps des campagnes de dépistage, pour les sites des communes à potentiel radon élevé : dans les parties de bâtiments situées en soussol ou en rez-de-chaussée où le personnel séjourne sur des durées importantes.";;12 mois;28/03/2024;;
1 086;10;14;23;.GESTIONNAIRE SITE;SERVICE(S) DIRM hébergé(s);Sète-Site DDTM 34/DML-Aff.éco/SEF hébergés;16;Risque lié aux rayonnements ionisants et non ionisants (électromagnétiques);Inhalation du radon (gaz radioactif d’origine naturelle essentiellement présent dans le sol) concentré (niveau de référence inférieur à 300Bq/m3 en moyenne annuelle) dans des lieux confinés (sous-sols et rdc mal aérés) pendant une durée importante.;A long terme peut être la cause de cancers du poumon (en fonction de la concentration dans les locaux et du temps d'exposition).;A contrôler;Gestionnaire site et responsables des services;P1;Existante;"Depuis le 1er juillet 2018, la réglementation intègre ce risque dans la démarche de prévention des risques professionnels.
Ainsi, tous les lieux de travail situés en sous-sol ou en rez-de-chaussée doivent faire l’objet d’un dépistage radon, soit par l’employeur lui-même soit par un prestataire agréé. Le but recherché étant de réduire les concentrations aussi bas que possible dans les locaux dans lesquels les agents séjournent sur des durées importantes.";;12 mois;28/03/2024;;
1 087;10;14;259;.GESTIONNAIRE SITE;SERVICE(S) DIRM hébergé(s);Sète-Site DDTM 34/DML-Aff.éco/SEF hébergés;16;Risque lié aux rayonnements ionisants et non ionisants (électromagnétiques);Inhalation du radon (gaz radioactif d’origine naturelle essentiellement présent dans le sol) concentré (niveau de référence inférieur à 300Bq/m3 en moyenne annuelle) dans des lieux confinés (sous-sols et rdc mal aérés) pendant une durée importante.;A long terme peut être la cause de cancers du poumon (en fonction de la concentration dans les locaux et du temps d'exposition).;A planifier;Gestionnaire site et responsables des services;P1;A proposer;"Consultations du potentiel radon par communes (ex catégorie 3 : communes du 83, 06, 2B et 2A) sur le site de l’IRSN ou l’arrêté du 27 juin 2018 portant délimitation des zones à potentiel radon du territoire français. 
Dépistage dans les zones « Le potentiel radon ainsi fourni ne présage en rien des concentrations présentes dans les bâtiments, celles-ci dépendant de multiples autres facteurs (étanchéité de l’interface entre le bâtiment et le sol, taux de renouvellement de l’air intérieur…). La cartographie ne peut donc en aucun cas se substituer à la réalisation de mesures. » 
Si des mesures de réduction de l’exposition à ce gaz sont conseillées quelle que soit la concentration constatée à l’issue du dépistage, il est particulièrement recommandé de mettre en place une des deux solutions suivantes à partir d’une concentration de radon supérieure à 300 Bq/m2 :
- supprimer la radon présent dans l’habitation en agissant sur le renouvellement de l’air intérieur,
- réduire le transfert de radon vers l’intérieur du bâtiment en renforçant son étanchéité vis-à-vis du sol.
=>Le CP propose aux services de réaliser dans un premier temps des campagnes de dépistage, pour les sites des communes à potentiel radon élevé : dans les parties de bâtiments situées en soussol ou en rez-de-chaussée où le personnel séjourne sur des durées importantes.";;12 mois;28/03/2024;;
1 088;10;14;23;.GESTIONNAIRE SITE;SERVICE(S) DIRM hébergé(s);Sète-Site Lycée de la mer-SEF/SSGM hébergés;16;Risque lié aux rayonnements ionisants et non ionisants (électromagnétiques);Inhalation du radon (gaz radioactif d’origine naturelle essentiellement présent dans le sol) concentré (niveau de référence inférieur à 300Bq/m3 en moyenne annuelle) dans des lieux confinés (sous-sols et rdc mal aérés) pendant une durée importante.;A long terme peut être la cause de cancers du poumon (en fonction de la concentration dans les locaux et du temps d'exposition).;A contrôler;Gestionnaire site et responsables des services;P1;Existante;"Depuis le 1er juillet 2018, la réglementation intègre ce risque dans la démarche de prévention des risques professionnels.
Ainsi, tous les lieux de travail situés en sous-sol ou en rez-de-chaussée doivent faire l’objet d’un dépistage radon, soit par l’employeur lui-même soit par un prestataire agréé. Le but recherché étant de réduire les concentrations aussi bas que possible dans les locaux dans lesquels les agents séjournent sur des durées importantes.";;12 mois;28/03/2024;;
1 089;10;14;259;.GESTIONNAIRE SITE;SERVICE(S) DIRM hébergé(s);Sète-Site Lycée de la mer-SEF/SSGM hébergés;16;Risque lié aux rayonnements ionisants et non ionisants (électromagnétiques);Inhalation du radon (gaz radioactif d’origine naturelle essentiellement présent dans le sol) concentré (niveau de référence inférieur à 300Bq/m3 en moyenne annuelle) dans des lieux confinés (sous-sols et rdc mal aérés) pendant une durée importante.;A long terme peut être la cause de cancers du poumon (en fonction de la concentration dans les locaux et du temps d'exposition).;A planifier;Gestionnaire site et responsables des services;P1;A proposer;"Consultations du potentiel radon par communes (ex catégorie 3 : communes du 83, 06, 2B et 2A) sur le site de l’IRSN ou l’arrêté du 27 juin 2018 portant délimitation des zones à potentiel radon du territoire français. 
Dépistage dans les zones « Le potentiel radon ainsi fourni ne présage en rien des concentrations présentes dans les bâtiments, celles-ci dépendant de multiples autres facteurs (étanchéité de l’interface entre le bâtiment et le sol, taux de renouvellement de l’air intérieur…). La cartographie ne peut donc en aucun cas se substituer à la réalisation de mesures. » 
Si des mesures de réduction de l’exposition à ce gaz sont conseillées quelle que soit la concentration constatée à l’issue du dépistage, il est particulièrement recommandé de mettre en place une des deux solutions suivantes à partir d’une concentration de radon supérieure à 300 Bq/m2 :
- supprimer la radon présent dans l’habitation en agissant sur le renouvellement de l’air intérieur,
- réduire le transfert de radon vers l’intérieur du bâtiment en renforçant son étanchéité vis-à-vis du sol.
=>Le CP propose aux services de réaliser dans un premier temps des campagnes de dépistage, pour les sites des communes à potentiel radon élevé : dans les parties de bâtiments situées en soussol ou en rez-de-chaussée où le personnel séjourne sur des durées importantes.";;12 mois;28/03/2024;;
1 090;10;14;23;.GESTIONNAIRE SITE;SERVICE(S) DIRM hébergé(s);Toulon-Site DDTM 83-SPB/CSN/SEF/SSGM hébergés;16;Risque lié aux rayonnements ionisants et non ionisants (électromagnétiques);Inhalation du radon (gaz radioactif d’origine naturelle essentiellement présent dans le sol) concentré (niveau de référence inférieur à 300Bq/m3 en moyenne annuelle) dans des lieux confinés (sous-sols et rdc mal aérés) pendant une durée importante.;A long terme peut être la cause de cancers du poumon (en fonction de la concentration dans les locaux et du temps d'exposition).;A contrôler;Gestionnaire site et responsables des services;P1;Existante;"Depuis le 1er juillet 2018, la réglementation intègre ce risque dans la démarche de prévention des risques professionnels.
Ainsi, tous les lieux de travail situés en sous-sol ou en rez-de-chaussée doivent faire l’objet d’un dépistage radon, soit par l’employeur lui-même soit par un prestataire agréé. Le but recherché étant de réduire les concentrations aussi bas que possible dans les locaux dans lesquels les agents séjournent sur des durées importantes.";;12 mois;28/03/2024;;
1 091;10;14;259;.GESTIONNAIRE SITE;SERVICE(S) DIRM hébergé(s);Toulon-Site DDTM 83-SPB/CSN/SEF/SSGM hébergés;16;Risque lié aux rayonnements ionisants et non ionisants (électromagnétiques);Inhalation du radon (gaz radioactif d’origine naturelle essentiellement présent dans le sol) concentré (niveau de référence inférieur à 300Bq/m3 en moyenne annuelle) dans des lieux confinés (sous-sols et rdc mal aérés) pendant une durée importante.;A long terme peut être la cause de cancers du poumon (en fonction de la concentration dans les locaux et du temps d'exposition).;A planifier;Gestionnaire site et responsables des services;P1;A proposer;"Consultations du potentiel radon par communes (ex catégorie 3 : communes du 83, 06, 2B et 2A) sur le site de l’IRSN ou l’arrêté du 27 juin 2018 portant délimitation des zones à potentiel radon du territoire français. 
Dépistage dans les zones « Le potentiel radon ainsi fourni ne présage en rien des concentrations présentes dans les bâtiments, celles-ci dépendant de multiples autres facteurs (étanchéité de l’interface entre le bâtiment et le sol, taux de renouvellement de l’air intérieur…). La cartographie ne peut donc en aucun cas se substituer à la réalisation de mesures. » 
Si des mesures de réduction de l’exposition à ce gaz sont conseillées quelle que soit la concentration constatée à l’issue du dépistage, il est particulièrement recommandé de mettre en place une des deux solutions suivantes à partir d’une concentration de radon supérieure à 300 Bq/m2 :
- supprimer la radon présent dans l’habitation en agissant sur le renouvellement de l’air intérieur,
- réduire le transfert de radon vers l’intérieur du bâtiment en renforçant son étanchéité vis-à-vis du sol.
=>Le CP propose aux services de réaliser dans un premier temps des campagnes de dépistage, pour les sites des communes à potentiel radon élevé : dans les parties de bâtiments situées en soussol ou en rez-de-chaussée où le personnel séjourne sur des durées importantes.";;12 mois;28/03/2024;;
1 092;10;14;651;2. SPB;COB Toulon - sites Dépt.83;COB Toulon;16;Risque lié aux rayonnements ionisants et non ionisants (électromagnétiques);Inhalation du radon (gaz radioactif d’origine naturelle essentiellement présent dans le sol) concentré (niveau de référence inférieur à 300Bq/m3 en moyenne annuelle) dans des lieux confinés (sous-sols et rdc mal aérés) pendant une durée importante.;A long terme peut être la cause de cancers du poumon (en fonction de la concentration dans les locaux et du temps d'exposition).;A contrôler;Hervé GALL;P1;Existante;"Ce centre opérationnel de balisage est hébergé.
Pour ce risque veuillez vous reporter au site hébergeur dans l’unité « 8.GESTIONNAIRE SITE » pour visionner les mesures (existantes ou à proposer) qui concernent le COB.";;12 mois;28/03/2024;;
1 093;10;14;651;2. SPB;COB Toulon - sites Dépt.83;COB Toulon;16;Risque lié aux rayonnements ionisants et non ionisants (électromagnétiques);Inhalation du radon (gaz radioactif d’origine naturelle essentiellement présent dans le sol) concentré (niveau de référence inférieur à 300Bq/m3 en moyenne annuelle) dans des lieux confinés (sous-sols et rdc mal aérés) pendant une durée importante.;A long terme peut être la cause de cancers du poumon (en fonction de la concentration dans les locaux et du temps d'exposition).;A planifier;Hervé GALL;P1;A proposer;"Ce centre opérationnel de balisage est hébergé.
Pour ce risque veuillez vous reporter au site hébergeur dans l’unité « 8.GESTIONNAIRE SITE » pour visionner les mesures (existantes ou à proposer) qui concernent le COB.";;12 mois;28/03/2024;;
1 094;10;14;652;4. CROSS MED;CROSS MÉDITERRANÉE;Aspretto (Corse);16;Risque lié aux rayonnements ionisants et non ionisants (électromagnétiques);Inhalation du radon (gaz radioactif d’origine naturelle essentiellement présent dans le sol) concentré (niveau de référence inférieur à 300Bq/m3 en moyenne annuelle) dans des lieux confinés (sous-sols et rdc mal aérés) pendant une durée importante.;A long terme peut être la cause de cancers du poumon (en fonction de la concentration dans les locaux et du temps d'exposition).;A contrôler;Aymeric LE MASNE DE CHERMONT;P1;Existante;"Le Sous-CROSS en Corse est hébergé.
Pour ce risque veuillez vous reporter au site hébergeur dans l’unité « 8.GESTIONNAIRE SITE » pour visionner les mesures (existantes ou à proposer) qui concernent le Sous-CROSS.";;12 mois;28/03/2024;;
1 095;10;14;652;4. CROSS MED;CROSS MÉDITERRANÉE;Aspretto (Corse);16;Risque lié aux rayonnements ionisants et non ionisants (électromagnétiques);Inhalation du radon (gaz radioactif d’origine naturelle essentiellement présent dans le sol) concentré (niveau de référence inférieur à 300Bq/m3 en moyenne annuelle) dans des lieux confinés (sous-sols et rdc mal aérés) pendant une durée importante.;A long terme peut être la cause de cancers du poumon (en fonction de la concentration dans les locaux et du temps d'exposition).;A planifier;Aymeric LE MASNE DE CHERMONT;P1;A proposer;"Le Sous-CROSS en Corse est hébergé.
Pour ce risque veuillez vous reporter au site hébergeur dans l’unité « 8.GESTIONNAIRE SITE » pour visionner les mesures (existantes ou à proposer) qui concernent le Sous-CROSS.";;12 mois;28/03/2024;;
1 096;10;14;23;6. CSN;CSN PACA Corse (Antenne);Martigues-Antenne CSN PACA Corse ;16;Risque lié aux rayonnements ionisants et non ionisants (électromagnétiques);Inhalation du radon (gaz radioactif d’origine naturelle essentiellement présent dans le sol) concentré (niveau de référence inférieur à 300Bq/m3 en moyenne annuelle) dans des lieux confinés (sous-sols et rdc mal aérés) pendant une durée importante.;A long terme peut être la cause de cancers du poumon (en fonction de la concentration dans les locaux et du temps d'exposition).;A contrôler;Pascal JEHANNO;P1;Existante;"Depuis le 1er juillet 2018, la réglementation intègre ce risque dans la démarche de prévention des risques professionnels.
Ainsi, tous les lieux de travail situés en sous-sol ou en rez-de-chaussée doivent faire l’objet d’un dépistage radon, soit par l’employeur lui-même soit par un prestataire agréé. Le but recherché étant de réduire les concentrations aussi bas que possible dans les locaux dans lesquels les agents séjournent sur des durées importantes.";;12 mois;28/03/2024;;
1 097;10;14;259;6. CSN;CSN PACA Corse (Antenne);Martigues-Antenne CSN PACA Corse ;16;Risque lié aux rayonnements ionisants et non ionisants (électromagnétiques);Inhalation du radon (gaz radioactif d’origine naturelle essentiellement présent dans le sol) concentré (niveau de référence inférieur à 300Bq/m3 en moyenne annuelle) dans des lieux confinés (sous-sols et rdc mal aérés) pendant une durée importante.;A long terme peut être la cause de cancers du poumon (en fonction de la concentration dans les locaux et du temps d'exposition).;A planifier;Pascal JEHANNO;P1;A proposer;"Consultations du potentiel radon par communes (ex catégorie 3 : communes du 83, 06, 2B et 2A) sur le site de l’IRSN ou l’arrêté du 27 juin 2018 portant délimitation des zones à potentiel radon du territoire français. 
Dépistage dans les zones « Le potentiel radon ainsi fourni ne présage en rien des concentrations présentes dans les bâtiments, celles-ci dépendant de multiples autres facteurs (étanchéité de l’interface entre le bâtiment et le sol, taux de renouvellement de l’air intérieur…). La cartographie ne peut donc en aucun cas se substituer à la réalisation de mesures. » 
Si des mesures de réduction de l’exposition à ce gaz sont conseillées quelle que soit la concentration constatée à l’issue du dépistage, il est particulièrement recommandé de mettre en place une des deux solutions suivantes à partir d’une concentration de radon supérieure à 300 Bq/m2 :
- supprimer la radon présent dans l’habitation en agissant sur le renouvellement de l’air intérieur,
- réduire le transfert de radon vers l’intérieur du bâtiment en renforçant son étanchéité vis-à-vis du sol.
=>Le CP propose aux services de réaliser dans un premier temps des campagnes de dépistage, pour les sites des communes à potentiel radon élevé : dans les parties de bâtiments situées en soussol ou en rez-de-chaussée où le personnel séjourne sur des durées importantes.";;12 mois;28/03/2024;;
1 098;10;14;656;6. CSN;CSN PACA Corse et Occitanie;Antennes CSN (agents hébergés) en PACA, Corse et Occitanie;16;Risque lié aux rayonnements ionisants et non ionisants (électromagnétiques);Inhalation du radon (gaz radioactif d’origine naturelle essentiellement présent dans le sol) concentré (niveau de référence inférieur à 300Bq/m3 en moyenne annuelle) dans des lieux confinés (sous-sols et rdc mal aérés) pendant une durée importante.;A long terme peut être la cause de cancers du poumon (en fonction de la concentration dans les locaux et du temps d'exposition).;A contrôler;MARTINEZ.P JEHANNO.P;P1;Existante;"Des Antennes du CSN (PACA Corse et Occitanie) sont hébergées sur plusieurs sites.
Pour ce risque veuillez vous reporter au site hébergeur dans l’unité « 8.GESTIONNAIRE SITE » pour visionner les mesures (existantes ou à proposer) qui concernent l’Antenne du CSN.";;12 mois;28/03/2024;;
1 099;10;14;656;6. CSN;CSN PACA Corse et Occitanie;Antennes CSN (agents hébergés) en PACA, Corse et Occitanie;16;Risque lié aux rayonnements ionisants et non ionisants (électromagnétiques);Inhalation du radon (gaz radioactif d’origine naturelle essentiellement présent dans le sol) concentré (niveau de référence inférieur à 300Bq/m3 en moyenne annuelle) dans des lieux confinés (sous-sols et rdc mal aérés) pendant une durée importante.;A long terme peut être la cause de cancers du poumon (en fonction de la concentration dans les locaux et du temps d'exposition).;A planifier;MARTINEZ.P JEHANNO.P;P1;A proposer;"Des Antennes du CSN (PACA Corse et Occitanie) sont hébergées sur plusieurs sites.
Pour ce risque veuillez vous reporter au site hébergeur dans l’unité « 8.GESTIONNAIRE SITE » pour visionner les mesures (existantes ou à proposer) qui concernent l’Antenne du CSN.";;12 mois;28/03/2024;;
1 100;316;3;672;5. NAVIRE DCS;PATROUILLEUR GYPTIS;Secteur d'intervention du navire et de son équipage;1;Risque Amiante;Inhalation accidentelle de fibres d’amiante en suspension dans l’atmosphère due : A la forte suspicion de présence d’amiante dans l’atmosphère à défaut de DTA lors de contrôles à bord de navires français construits avant 1998 et navires étrangers construits avant 2002 ne respectant pas la législation communautaire.;Pathologies liées à l’amiante (asbestose, cancer du poumon, mésothéliome.), plaques pleurales.;En cours;GUY.F- LE GUILLOU.R;P3;A proposer;Documents individuels de traçabilité amiante à renseigner pour les travailleurs potentiellement exposés (lors des contrôles à bord des navires).;;Aucune;;71;
1 101;261;176;567;6. CSN;CSN PACA Corse et Occitanie;Tous sites inspections CSN  (Navires, ateliers, chantiers ..);29;Risque lié aux conditions de travail particulières (horaires décalés, astreinte..);Déplacements à l’étranger : utilisation sur place de moyens de transports peu fiables.;Accidents, traumatisme corporel.;En cours;MARTINEZ.P JEHANNO.P;P2;Existante;Pas de mesure;;Aucune;;;
1 102;262;178;567;6. CSN;CSN PACA Corse et Occitanie;Tous sites inspections CSN  (Navires, ateliers, chantiers ..);29;Risque lié aux conditions de travail particulières (horaires décalés, astreinte..);"Intervention avec l’équipe d’évaluation à bord d’un navire en difficulté (avarie, incendie...).";Traumatisme léger à mortel, noyade, tout type d'accident, mal de mer.;En cours;MARTINEZ.P JEHANNO.P;P2;Existante;Pas de mesure;;Aucune;;;
1 103;263;179;567;6. CSN;CSN PACA Corse et Occitanie;Tous sites inspections CSN  (Navires, ateliers, chantiers ..);29;Risque lié aux conditions de travail particulières (horaires décalés, astreinte..);Mauvaises conditions météo à bord d’un navire. ;Mal de mer.;En cours;MARTINEZ.P JEHANNO.P;P2;Existante;Pas de mesure;;Aucune;;;
1 104;29;31;58;7. SSGM;SSGM-Méditerranée;Tous sites SSGM de Méditerranée (Agents hébergés) ;39;Risque sanitaire : transmission de maladies, infections, allergies.;Contamination par ingestion accidentelle de bactéries, virus, parasites pathogènes alimentaires, lors de la prise de repas (par défaut d’hygiène : alimentaires, des locaux).;Infections (intoxication) alimentaires.;A contrôler;Christophe DUPORT;P3;Existante;"- Lavage des mains pour se décontaminer et éviter de contaminer les autres.
- Consommation eau de fontaine filtrée ou minérale+respect des règles d’hygiène alimentaire (nettoyage des surfaces utilisées après repas/café).
- Établissements et locaux tenus dans un état d'hygiène et de salubrité nécessaires à la santé du personnel.";;Aucune;;;
1 105;29;31;59;7. SSGM;SSGM-Méditerranée;Tous sites SSGM de Méditerranée (Agents hébergés) ;39;Risque sanitaire : transmission de maladies, infections, allergies.;Contamination par ingestion accidentelle de bactéries, virus, parasites pathogènes alimentaires, lors de la prise de repas (par défaut d’hygiène : alimentaires, des locaux).;Infections (intoxication) alimentaires.;A contrôler;Christophe DUPORT;P3;A proposer;"- Les gels hydro-alcooliques ne remplacent pas l’eau et le savon, ils sont efficaces sur des mains non souillées.
- Assurer le nettoyage des surfaces utilisées après repas/café (réfrigirateurs, tables, cafetières..), fournir le nécessaire.
- En période d'épidémie (grippe, Covid..), mise en application des consignes principales (hygiène des mains, mesures barrières, distanciation physique,…).";;Aucune;;;
1 108;328;27;678;1. SERVICES ADMINISTRATIFS;TOUS SERVICES DIRM administratifs-bureaux;TOUS SITES administratifs DIRM (hébergés y compris);40;Risque de force majeure;Les cas de force majeure sont des situations imprévisibles qui échappent au contrôle des personnes et sont par nature inévitables : risques naturel (feu de forêt, séisme.., événement climatique exceptionnel : canicule, inondation…), risques technologiques (industriel, transport de matières dangereuses...) & d'autres risques (risque terroriste..) ;Tous types de dommages liés à la nature de la catastrophe ou l'événement;A contrôler;Responsables des services;P2;A proposer;"- Consulter le DICRIM* de la commune pour être informer, se préparer et se protéger de ces risques présents près de chez-soi et au travail, lien intranet : http://intra.dram-mediterranee.i2/le-risque-de-force-majeure-a2169.html
 - S'informer auprès des services de la commune sur les mises à jours des DICRIM* et diffuser l'information au personnel.
 *DICRIM: Document d'Information Communal sur les Risques Majeurs
- En cas d'alerte prendre les consignes, s'organiser et anticiper  (SNA signal d'alerte et d'information, radio, internet, réseaux sociaux..).";;Aucune;;;
1 109;328;27;674;1. SERVICES ADMINISTRATIFS;TOUS SERVICES DIRM administratifs-bureaux;TOUS SITES administratifs DIRM (hébergés y compris);40;Risque de force majeure;Les cas de force majeure sont des situations imprévisibles qui échappent au contrôle des personnes et sont par nature inévitables : risques naturel (feu de forêt, séisme.., événement climatique exceptionnel : canicule, inondation…), risques technologiques (industriel, transport de matières dangereuses...) & d'autres risques (risque terroriste..) ;Tous types de dommages liés à la nature de la catastrophe ou l'événement;A contrôler;Responsables des services;P2;Existante;"Pas de retours des connaissances et d'adoption de comportements
adaptés aux menaces. Cette information se fait logiquement au travers du Document d'Information Communal sur les Risques Majeurs (DICRIM).
Lien intranet: 
http://intra.dram-mediterranee.i2/le-risque-de-force-majeure-a2169.html";;Aucune;;;
1 110;328;27;674;2. SPB;Tous COB-SPB Méditerranée;Sites SPB-Méditerranée (tous COB - Tous Dépts);40;Risque de force majeure;Les cas de force majeure sont des situations imprévisibles qui échappent au contrôle des personnes et sont par nature inévitables : risques naturel (feu de forêt, séisme.., événement climatique exceptionnel : canicule, inondation…), risques technologiques (industriel, transport de matières dangereuses...) & d'autres risques (risque terroriste..) ;Tous types de dommages liés à la nature de la catastrophe ou l'événement;A contrôler;TOUS Responsables COB;P2;Existante;"Pas de retours des connaissances et d'adoption de comportements
adaptés aux menaces. Cette information se fait logiquement au travers du Document d'Information Communal sur les Risques Majeurs (DICRIM).
Lien intranet: 
http://intra.dram-mediterranee.i2/le-risque-de-force-majeure-a2169.html";;Aucune;;;
1 111;328;27;678;2. SPB;Tous COB-SPB Méditerranée;Sites SPB-Méditerranée (tous COB - Tous Dépts);40;Risque de force majeure;Les cas de force majeure sont des situations imprévisibles qui échappent au contrôle des personnes et sont par nature inévitables : risques naturel (feu de forêt, séisme.., événement climatique exceptionnel : canicule, inondation…), risques technologiques (industriel, transport de matières dangereuses...) & d'autres risques (risque terroriste..) ;Tous types de dommages liés à la nature de la catastrophe ou l'événement;A contrôler;TOUS Responsables COB;P2;A proposer;"- Consulter le DICRIM* de la commune pour être informer, se préparer et se protéger de ces risques présents près de chez-soi et au travail, lien intranet : http://intra.dram-mediterranee.i2/le-risque-de-force-majeure-a2169.html
 - S'informer auprès des services de la commune sur les mises à jours des DICRIM* et diffuser l'information au personnel.
 *DICRIM: Document d'Information Communal sur les Risques Majeurs
- En cas d'alerte prendre les consignes, s'organiser et anticiper  (SNA signal d'alerte et d'information, radio, internet, réseaux sociaux..).";;Aucune;;;
1 112;328;27;674;3. POLMAR;Centres POLMAR;Centres de Port de Bouc et de Sète (fermeture prévue);40;Risque de force majeure;Les cas de force majeure sont des situations imprévisibles qui échappent au contrôle des personnes et sont par nature inévitables : risques naturel (feu de forêt, séisme.., événement climatique exceptionnel : canicule, inondation…), risques technologiques (industriel, transport de matières dangereuses...) & d'autres risques (risque terroriste..) ;Tous types de dommages liés à la nature de la catastrophe ou l'événement;A contrôler;Tous Responsables POLMAR;P2;Existante;"Pas de retours des connaissances et d'adoption de comportements
adaptés aux menaces. Cette information se fait logiquement au travers du Document d'Information Communal sur les Risques Majeurs (DICRIM).
Lien intranet: 
http://intra.dram-mediterranee.i2/le-risque-de-force-majeure-a2169.html";;Aucune;;;
1 113;328;27;678;3. POLMAR;Centres POLMAR;Centres de Port de Bouc et de Sète (fermeture prévue);40;Risque de force majeure;Les cas de force majeure sont des situations imprévisibles qui échappent au contrôle des personnes et sont par nature inévitables : risques naturel (feu de forêt, séisme.., événement climatique exceptionnel : canicule, inondation…), risques technologiques (industriel, transport de matières dangereuses...) & d'autres risques (risque terroriste..) ;Tous types de dommages liés à la nature de la catastrophe ou l'événement;A contrôler;Tous Responsables POLMAR;P2;A proposer;"- Consulter le DICRIM* de la commune pour être informer, se préparer et se protéger de ces risques présents près de chez-soi et au travail, lien intranet : http://intra.dram-mediterranee.i2/le-risque-de-force-majeure-a2169.html
 - S'informer auprès des services de la commune sur les mises à jours des DICRIM* et diffuser l'information au personnel.
 *DICRIM: Document d'Information Communal sur les Risques Majeurs
- En cas d'alerte prendre les consignes, s'organiser et anticiper  (SNA signal d'alerte et d'information, radio, internet, réseaux sociaux..).";;Aucune;;;
1 114;328;27;674;4. CROSS MED;CROSS MÉDITERRANÉE;La Garde-Aspretto;40;Risque de force majeure;Les cas de force majeure sont des situations imprévisibles qui échappent au contrôle des personnes et sont par nature inévitables : risques naturel (feu de forêt, séisme.., événement climatique exceptionnel : canicule, inondation…), risques technologiques (industriel, transport de matières dangereuses...) & d'autres risques (risque terroriste..) ;Tous types de dommages liés à la nature de la catastrophe ou l'événement;A contrôler;Aymeric LE MASNE DE CHERMONT;P2;Existante;"Pas de retours des connaissances et d'adoption de comportements
adaptés aux menaces. Cette information se fait logiquement au travers du Document d'Information Communal sur les Risques Majeurs (DICRIM).
Lien intranet: 
http://intra.dram-mediterranee.i2/le-risque-de-force-majeure-a2169.html";;Aucune;;;
1 115;328;27;678;4. CROSS MED;CROSS MÉDITERRANÉE;La Garde-Aspretto;40;Risque de force majeure;Les cas de force majeure sont des situations imprévisibles qui échappent au contrôle des personnes et sont par nature inévitables : risques naturel (feu de forêt, séisme.., événement climatique exceptionnel : canicule, inondation…), risques technologiques (industriel, transport de matières dangereuses...) & d'autres risques (risque terroriste..) ;Tous types de dommages liés à la nature de la catastrophe ou l'événement;A contrôler;Aymeric LE MASNE DE CHERMONT;P2;A proposer;"- Consulter le DICRIM* de la commune pour être informer, se préparer et se protéger de ces risques présents près de chez-soi et au travail, lien intranet : http://intra.dram-mediterranee.i2/le-risque-de-force-majeure-a2169.html
 - S'informer auprès des services de la commune sur les mises à jours des DICRIM* et diffuser l'information au personnel.
 *DICRIM: Document d'Information Communal sur les Risques Majeurs
- En cas d'alerte prendre les consignes, s'organiser et anticiper  (SNA signal d'alerte et d'information, radio, internet, réseaux sociaux..).";;Aucune;;;
1 116;328;27;674;5. NAVIRE DCS;PATROUILLEUR GYPTIS;Secteur d'intervention du navire et de son équipage;40;Risque de force majeure;Les cas de force majeure sont des situations imprévisibles qui échappent au contrôle des personnes et sont par nature inévitables : risques naturel (feu de forêt, séisme.., événement climatique exceptionnel : canicule, inondation…), risques technologiques (industriel, transport de matières dangereuses...) & d'autres risques (risque terroriste..) ;Tous types de dommages liés à la nature de la catastrophe ou l'événement;A contrôler;GUY.F- LE GUILLOU.R;P2;Existante;"Pas de retours des connaissances et d'adoption de comportements
adaptés aux menaces. Cette information se fait logiquement au travers du Document d'Information Communal sur les Risques Majeurs (DICRIM).
Lien intranet: 
http://intra.dram-mediterranee.i2/le-risque-de-force-majeure-a2169.html";;Aucune;;;
1 117;328;27;678;5. NAVIRE DCS;PATROUILLEUR GYPTIS;Secteur d'intervention du navire et de son équipage;40;Risque de force majeure;Les cas de force majeure sont des situations imprévisibles qui échappent au contrôle des personnes et sont par nature inévitables : risques naturel (feu de forêt, séisme.., événement climatique exceptionnel : canicule, inondation…), risques technologiques (industriel, transport de matières dangereuses...) & d'autres risques (risque terroriste..) ;Tous types de dommages liés à la nature de la catastrophe ou l'événement;A contrôler;GUY.F- LE GUILLOU.R;P2;A proposer;"- Consulter le DICRIM* de la commune pour être informer, se préparer et se protéger de ces risques présents près de chez-soi et au travail, lien intranet : http://intra.dram-mediterranee.i2/le-risque-de-force-majeure-a2169.html
 - S'informer auprès des services de la commune sur les mises à jours des DICRIM* et diffuser l'information au personnel.
 *DICRIM: Document d'Information Communal sur les Risques Majeurs
- En cas d'alerte prendre les consignes, s'organiser et anticiper  (SNA signal d'alerte et d'information, radio, internet, réseaux sociaux..).";;Aucune;;;
1 118;328;27;674;6. CSN;CSN PACA Corse et Occitanie;Locaux-bureaux tous CSN;40;Risque de force majeure;Les cas de force majeure sont des situations imprévisibles qui échappent au contrôle des personnes et sont par nature inévitables : risques naturel (feu de forêt, séisme.., événement climatique exceptionnel : canicule, inondation…), risques technologiques (industriel, transport de matières dangereuses...) & d'autres risques (risque terroriste..) ;Tous types de dommages liés à la nature de la catastrophe ou l'événement;A contrôler;MARTINEZ.P JEHANNO.P;P2;Existante;"Pas de retours des connaissances et d'adoption de comportements
adaptés aux menaces. Cette information se fait logiquement au travers du Document d'Information Communal sur les Risques Majeurs (DICRIM).
Lien intranet: 
http://intra.dram-mediterranee.i2/le-risque-de-force-majeure-a2169.html";;Aucune;;;
1 119;328;27;678;6. CSN;CSN PACA Corse et Occitanie;Locaux-bureaux tous CSN;40;Risque de force majeure;Les cas de force majeure sont des situations imprévisibles qui échappent au contrôle des personnes et sont par nature inévitables : risques naturel (feu de forêt, séisme.., événement climatique exceptionnel : canicule, inondation…), risques technologiques (industriel, transport de matières dangereuses...) & d'autres risques (risque terroriste..) ;Tous types de dommages liés à la nature de la catastrophe ou l'événement;A contrôler;MARTINEZ.P JEHANNO.P;P2;A proposer;"- Consulter le DICRIM* de la commune pour être informer, se préparer et se protéger de ces risques présents près de chez-soi et au travail, lien intranet : http://intra.dram-mediterranee.i2/le-risque-de-force-majeure-a2169.html
 - S'informer auprès des services de la commune sur les mises à jours des DICRIM* et diffuser l'information au personnel.
 *DICRIM: Document d'Information Communal sur les Risques Majeurs
- En cas d'alerte prendre les consignes, s'organiser et anticiper  (SNA signal d'alerte et d'information, radio, internet, réseaux sociaux..).";;Aucune;;;
1 120;328;27;674;7. SSGM;SSGM-Méditerranée;Tous sites SSGM de Méditerranée (Agents hébergés) ;40;Risque de force majeure;Les cas de force majeure sont des situations imprévisibles qui échappent au contrôle des personnes et sont par nature inévitables : risques naturel (feu de forêt, séisme.., événement climatique exceptionnel : canicule, inondation…), risques technologiques (industriel, transport de matières dangereuses...) & d'autres risques (risque terroriste..) ;Tous types de dommages liés à la nature de la catastrophe ou l'événement;A contrôler;Christophe DUPORT;P2;Existante;"Pas de retours des connaissances et d'adoption de comportements
adaptés aux menaces. Cette information se fait logiquement au travers du Document d'Information Communal sur les Risques Majeurs (DICRIM).
Lien intranet: 
http://intra.dram-mediterranee.i2/le-risque-de-force-majeure-a2169.html";;Aucune;;;
1 121;328;27;678;7. SSGM;SSGM-Méditerranée;Tous sites SSGM de Méditerranée (Agents hébergés) ;40;Risque de force majeure;Les cas de force majeure sont des situations imprévisibles qui échappent au contrôle des personnes et sont par nature inévitables : risques naturel (feu de forêt, séisme.., événement climatique exceptionnel : canicule, inondation…), risques technologiques (industriel, transport de matières dangereuses...) & d'autres risques (risque terroriste..) ;Tous types de dommages liés à la nature de la catastrophe ou l'événement;A contrôler;Christophe DUPORT;P2;A proposer;"- Consulter le DICRIM* de la commune pour être informer, se préparer et se protéger de ces risques présents près de chez-soi et au travail, lien intranet : http://intra.dram-mediterranee.i2/le-risque-de-force-majeure-a2169.html
 - S'informer auprès des services de la commune sur les mises à jours des DICRIM* et diffuser l'information au personnel.
 *DICRIM: Document d'Information Communal sur les Risques Majeurs
- En cas d'alerte prendre les consignes, s'organiser et anticiper  (SNA signal d'alerte et d'information, radio, internet, réseaux sociaux..).";;Aucune;;;
1 122;329;203;675;2. SPB;Tous COB-SPB Méditerranée;Sites SPB-Méditerranée (tous COB - Tous Dépts);33;Risques psychosociaux (RPS);Harcèlement moral, sexuel, agissements sexistes, discrimination, situations de violences verbales, physiques, sexuelles.;Fatigue, anxiété, désengagement social, troubles du sommeil, stress post-traumatique, tachycardie, sueurs, tremblements, crises, atteintes somatiques, angoisse, cauchemars, désinvestissement, absentéisme, isolement, perte de productivité, conflits avec les agents et troubles de la concentration, gestes suicidaires.;En cours;TOUS Responsables COB;P2;Existante;"- Affichages obligatoires sur certains site, 
 - Remontées hiérarchiques, possibilité de s'orienter vers le médecin de prévention ou les ASS qui peuvent proposer des mesures individuelles concernant la situation du salarié victime,
 - Possibilité de faire des remontées par le registre santé sécurité au travail sur l'intranet lien: http://intra.dirm-mediterranee.e2.rie.gouv.fr/saisie-d-une-remarque-a1849.html";;Aucune;;;
1 123;330;204;676;2. SPB;Tous COB-SPB Méditerranée;Sites SPB-Méditerranée (tous COB - Tous Dépts);3;Risque Chimique;Absence de suivi de traitement des déchets dangereux & des déchets POP (Polluants Organiques Persistants).;Déchets pouvant génerer une nuisance à l'Homme et/où l'environnement selon les élements composants le produit.;A contrôler;TOUS Responsables COB;P2;Existante;"Informations accessibles sur la plateforme TRACKDECHETS par obligation règlementaire conformément au décret 2021-321 relatif à la traçabilité des déchets dangereux, applicable au 1er janvier 2022
 lien: https://trackdechets.beta.gouv.fr/";;6 mois;13/10/2023;;
1 124;331;8;677;2. SPB;Tous COB-SPB Méditerranée;Sites SPB-Méditerranée (tous COB - Tous Dépts);41;Risque lié au poste en télétravail;"- Mauvaise ergonomie (TMS dûs à la posture, la taille d'écran et l'ajustement du siège..),
- L’exposition importante aux écrans de visualisation (et en particulier à la lumière bleue),
- La diminution de l’exposition à la lumière naturelle au cours de la journée (voir risque 28 lié au travail sur écran),
- Endormissements et réveils plus tardifs,
- La baisse de la pratique de l’activité physique,
- L’augmentation de la charge de travail et l’enchaînement de longues journées de travail,
- L’accès plus complexe aux informations (reporting du travail),
- Les problèmes techniques lors de l’utilisation des outils numériques (voir risque 29 lié aux conditions de travail particulières: horaires décalés, astreinte),
- La complexification des interactions sociales nécessaires à la réalisation du travail,
- L’érosion des moments de convivialité, 
- L’isolement du collectif, la perte du sentiment d’appartenance ; le contrôle et les actions de reporting du travail à distance excessifs,
- L’isolement et le manque de soutien face au travail et aux problèmes éventuels,
- Le questionnement sur le sens du travail,
- La porosité entre la sphère professionnelle et la sphère privée (voir risques 33 psychosociaux: stresse, violence morale...).";" - Baisse des performances visuelles, sensation de lourdeur des globes oculaires, rougeurs, picotements, éblouissements, une myopie temporaire, les yeux secs, des maux de tête,
 - Troubles musculosquelettiques (TMS): contraintes posturales (épaules, coudes, poignets…) et du rachis (cervical, dorsal, lombaire).
 - Pathologies cardiovasculaires (hypertension artérielle, insuffisance cardiaque…),
 - Troubles métaboliques dù à la sédentarité (pathologies, maladies, obésité, dépression…).";En cours;TOUS Responsables COB;P2;Existante;"  - Possibilité de s'orienter vers le médecin de prévention et / où vers le pôle de prévention en lien avec le service informatique pour une demande d'adaptation des postes de travail et  fourniture de matériels informatiques et bureautiques (écran, souris, repose pieds...).
 - Accès à distance aux applicatifs, aux ressources et aux données disponibles habituellement sur site, dans le respect du droit à la déconnexion,
- signal d'indication hors horaire dans la messagerie mélanie2.
- Assistance à distance pour l’usage des outils informatiques et de communication.
 - Précautions à prendre communiquées en matière de sécurité des données.
 - Brochure d'information accessible sur l'intranet concernant les risques du télétravail, le lien: http://intra.dirm-mediterranee.e2.rie.gouv.fr/IMG/pdf/teletravail_dirmmed1_cle79ff51.pdf
 - Installation (dans la mesure du possible) dans un espace de travail dédié (ou mieux dans une pièce isolée) afin de ne pas être dérangé, aménagement de poste de travail pour travailler dans de bonnes conditions et de façon à limiter les risques de troubles musculosquelettiques.
 - Pauses régulières afin de permettre des phases de repos visuel, de bouger, et ainsi d'éviter de maintenir la posture assise trop longtemps (pauses de cinq minutes toutes les heures par exemple).";;Aucune;;;
1 125;329;203;679;2. SPB;Tous COB-SPB Méditerranée;Sites SPB-Méditerranée (tous COB - Tous Dépts);33;Risques psychosociaux (RPS);Harcèlement moral, sexuel, agissements sexistes, discrimination, situations de violences verbales, physiques, sexuelles.;Fatigue, anxiété, désengagement social, troubles du sommeil, stress post-traumatique, tachycardie, sueurs, tremblements, crises, atteintes somatiques, angoisse, cauchemars, désinvestissement, absentéisme, isolement, perte de productivité, conflits avec les agents et troubles de la concentration, gestes suicidaires.;A planifier;Tous Responsables POLMAR;P2;A proposer;" - Diffusion des documents et sensibilisation par les affichages obligatoires,
 - Accès aux brochures contenant les informations relatives aux risques sur l'intranet lien: http://intra.dram-mediterranee.i2/les-risques-psychosociaux-r829.html
 - Sensibilisation et formation des managers à la gestion des conflits et à la lutte contre le sexisme au travail.";;Aucune;;;
1 126;330;204;680;2. SPB;Tous COB-SPB Méditerranée;Sites SPB-Méditerranée (tous COB - Tous Dépts);3;Risque Chimique;Absence de suivi de traitement des déchets dangereux & des déchets POP (Polluants Organiques Persistants).;Déchets pouvant génerer une nuisance à l'Homme et/où l'environnement selon les élements composants le produit.;A planifier;TOUS Responsables COB;P2;A proposer;"- Possiblité de fusionner les fichers déjà existants du suivi de la traçabilité des dechets dangereux avec la plateforme ""Trackdéchets"" pour être conforme à la règlementation au 1er janvier 2023,
- Information ""Trackdéchets"" disponible sur l'intranet : http://intra.dram-mediterranee.i2/tracabilite-des-dechets-dangereux-a2182.html";;6 mois;13/10/2023;;
1 127;331;8;681;2. SPB;Tous COB-SPB Méditerranée;Sites SPB-Méditerranée (tous COB - Tous Dépts);41;Risque lié au poste en télétravail;"- Mauvaise ergonomie (TMS dûs à la posture, la taille d'écran et l'ajustement du siège..),
- L’exposition importante aux écrans de visualisation (et en particulier à la lumière bleue),
- La diminution de l’exposition à la lumière naturelle au cours de la journée (voir risque 28 lié au travail sur écran),
- Endormissements et réveils plus tardifs,
- La baisse de la pratique de l’activité physique,
- L’augmentation de la charge de travail et l’enchaînement de longues journées de travail,
- L’accès plus complexe aux informations (reporting du travail),
- Les problèmes techniques lors de l’utilisation des outils numériques (voir risque 29 lié aux conditions de travail particulières: horaires décalés, astreinte),
- La complexification des interactions sociales nécessaires à la réalisation du travail,
- L’érosion des moments de convivialité, 
- L’isolement du collectif, la perte du sentiment d’appartenance ; le contrôle et les actions de reporting du travail à distance excessifs,
- L’isolement et le manque de soutien face au travail et aux problèmes éventuels,
- Le questionnement sur le sens du travail,
- La porosité entre la sphère professionnelle et la sphère privée (voir risques 33 psychosociaux: stresse, violence morale...).";" - Baisse des performances visuelles, sensation de lourdeur des globes oculaires, rougeurs, picotements, éblouissements, une myopie temporaire, les yeux secs, des maux de tête,
 - Troubles musculosquelettiques (TMS): contraintes posturales (épaules, coudes, poignets…) et du rachis (cervical, dorsal, lombaire).
 - Pathologies cardiovasculaires (hypertension artérielle, insuffisance cardiaque…),
 - Troubles métaboliques dù à la sédentarité (pathologies, maladies, obésité, dépression…).";A contrôler;TOUS Responsables COB;P2;A proposer;"- Repérer les écarts dans la maîtrise des outils numériques au sein des équipes et former ceux qui en ont besoin.
- Identifier les éventuels sentiments d’inégalité ou d’iniquité de traitement dans l’accès au télétravail, dans la répartition de la charge de travail et échanger pour lever les incompréhensions.
- Organiser régulièrement des réunions d’équipe au complet, dans la mesure du possible en présentiel.
- Consulter la brochure d'information accessible sur l'intranet concernant les risques du télétravail, le lien: 
http://intra.dirm-mediterranee.e2.rie.gouv.fr/IMG/pdf/teletravail_dirmmed1_cle79ff51.pdf";;Aucune;;;
1 128;329;203;675;3. POLMAR;Centres POLMAR;Centres de Port de Bouc et de Sète (fermeture prévue);33;Risques psychosociaux (RPS);Harcèlement moral, sexuel, agissements sexistes, discrimination, situations de violences verbales, physiques, sexuelles.;Fatigue, anxiété, désengagement social, troubles du sommeil, stress post-traumatique, tachycardie, sueurs, tremblements, crises, atteintes somatiques, angoisse, cauchemars, désinvestissement, absentéisme, isolement, perte de productivité, conflits avec les agents et troubles de la concentration, gestes suicidaires.;En cours;Tous Responsables POLMAR;P2;Existante;"- Affichages obligatoires sur certains site, 
 - Remontées hiérarchiques, possibilité de s'orienter vers le médecin de prévention ou les ASS qui peuvent proposer des mesures individuelles concernant la situation du salarié victime,
 - Possibilité de faire des remontées par le registre santé sécurité au travail sur l'intranet lien: http://intra.dirm-mediterranee.e2.rie.gouv.fr/saisie-d-une-remarque-a1849.html";;Aucune;;;
1 129;330;204;676;3. POLMAR;Centres POLMAR;Centres de Port de Bouc et de Sète (fermeture prévue);3;Risque Chimique;Absence de suivi de traitement des déchets dangereux & des déchets POP (Polluants Organiques Persistants).;Déchets pouvant génerer une nuisance à l'Homme et/où l'environnement selon les élements composants le produit.;A contrôler;Tous Responsables POLMAR;P2;Existante;"Informations accessibles sur la plateforme TRACKDECHETS par obligation règlementaire conformément au décret 2021-321 relatif à la traçabilité des déchets dangereux, applicable au 1er janvier 2022
 lien: https://trackdechets.beta.gouv.fr/";;6 mois;13/10/2023;;
1 130;331;8;677;3. POLMAR;Centres POLMAR;Centres de Port de Bouc et de Sète (fermeture prévue);41;Risque lié au poste en télétravail;"- Mauvaise ergonomie (TMS dûs à la posture, la taille d'écran et l'ajustement du siège..),
- L’exposition importante aux écrans de visualisation (et en particulier à la lumière bleue),
- La diminution de l’exposition à la lumière naturelle au cours de la journée (voir risque 28 lié au travail sur écran),
- Endormissements et réveils plus tardifs,
- La baisse de la pratique de l’activité physique,
- L’augmentation de la charge de travail et l’enchaînement de longues journées de travail,
- L’accès plus complexe aux informations (reporting du travail),
- Les problèmes techniques lors de l’utilisation des outils numériques (voir risque 29 lié aux conditions de travail particulières: horaires décalés, astreinte),
- La complexification des interactions sociales nécessaires à la réalisation du travail,
- L’érosion des moments de convivialité, 
- L’isolement du collectif, la perte du sentiment d’appartenance ; le contrôle et les actions de reporting du travail à distance excessifs,
- L’isolement et le manque de soutien face au travail et aux problèmes éventuels,
- Le questionnement sur le sens du travail,
- La porosité entre la sphère professionnelle et la sphère privée (voir risques 33 psychosociaux: stresse, violence morale...).";" - Baisse des performances visuelles, sensation de lourdeur des globes oculaires, rougeurs, picotements, éblouissements, une myopie temporaire, les yeux secs, des maux de tête,
 - Troubles musculosquelettiques (TMS): contraintes posturales (épaules, coudes, poignets…) et du rachis (cervical, dorsal, lombaire).
 - Pathologies cardiovasculaires (hypertension artérielle, insuffisance cardiaque…),
 - Troubles métaboliques dù à la sédentarité (pathologies, maladies, obésité, dépression…).";En cours;Tous Responsables POLMAR;P2;Existante;"  - Possibilité de s'orienter vers le médecin de prévention et / où vers le pôle de prévention en lien avec le service informatique pour une demande d'adaptation des postes de travail et  fourniture de matériels informatiques et bureautiques (écran, souris, repose pieds...).
 - Accès à distance aux applicatifs, aux ressources et aux données disponibles habituellement sur site, dans le respect du droit à la déconnexion,
- signal d'indication hors horaire dans la messagerie mélanie2.
- Assistance à distance pour l’usage des outils informatiques et de communication.
 - Précautions à prendre communiquées en matière de sécurité des données.
 - Brochure d'information accessible sur l'intranet concernant les risques du télétravail, le lien: http://intra.dirm-mediterranee.e2.rie.gouv.fr/IMG/pdf/teletravail_dirmmed1_cle79ff51.pdf
 - Installation (dans la mesure du possible) dans un espace de travail dédié (ou mieux dans une pièce isolée) afin de ne pas être dérangé, aménagement de poste de travail pour travailler dans de bonnes conditions et de façon à limiter les risques de troubles musculosquelettiques.
 - Pauses régulières afin de permettre des phases de repos visuel, de bouger, et ainsi d'éviter de maintenir la posture assise trop longtemps (pauses de cinq minutes toutes les heures par exemple).";;Aucune;;;
1 131;329;203;679;3. POLMAR;Centres POLMAR;Centres de Port de Bouc et de Sète (fermeture prévue);33;Risques psychosociaux (RPS);Harcèlement moral, sexuel, agissements sexistes, discrimination, situations de violences verbales, physiques, sexuelles.;Fatigue, anxiété, désengagement social, troubles du sommeil, stress post-traumatique, tachycardie, sueurs, tremblements, crises, atteintes somatiques, angoisse, cauchemars, désinvestissement, absentéisme, isolement, perte de productivité, conflits avec les agents et troubles de la concentration, gestes suicidaires.;A planifier;Tous Responsables POLMAR;P2;A proposer;" - Diffusion des documents et sensibilisation par les affichages obligatoires,
 - Accès aux brochures contenant les informations relatives aux risques sur l'intranet lien: http://intra.dram-mediterranee.i2/les-risques-psychosociaux-r829.html
 - Sensibilisation et formation des managers à la gestion des conflits et à la lutte contre le sexisme au travail.";;Aucune;;;
1 132;330;204;680;3. POLMAR;Centres POLMAR;Centres de Port de Bouc et de Sète (fermeture prévue);3;Risque Chimique;Absence de suivi de traitement des déchets dangereux & des déchets POP (Polluants Organiques Persistants).;Déchets pouvant génerer une nuisance à l'Homme et/où l'environnement selon les élements composants le produit.;A planifier;Tous Responsables POLMAR;P2;A proposer;"- Possiblité de fusionner les fichers déjà existants du suivi de la traçabilité des dechets dangereux avec la plateforme ""Trackdéchets"" pour être conforme à la règlementation au 1er janvier 2023,
- Information ""Trackdéchets"" disponible sur l'intranet : http://intra.dram-mediterranee.i2/tracabilite-des-dechets-dangereux-a2182.html";;6 mois;13/10/2023;;
1 133;331;8;681;3. POLMAR;Centres POLMAR;Centres de Port de Bouc et de Sète (fermeture prévue);41;Risque lié au poste en télétravail;"- Mauvaise ergonomie (TMS dûs à la posture, la taille d'écran et l'ajustement du siège..),
- L’exposition importante aux écrans de visualisation (et en particulier à la lumière bleue),
- La diminution de l’exposition à la lumière naturelle au cours de la journée (voir risque 28 lié au travail sur écran),
- Endormissements et réveils plus tardifs,
- La baisse de la pratique de l’activité physique,
- L’augmentation de la charge de travail et l’enchaînement de longues journées de travail,
- L’accès plus complexe aux informations (reporting du travail),
- Les problèmes techniques lors de l’utilisation des outils numériques (voir risque 29 lié aux conditions de travail particulières: horaires décalés, astreinte),
- La complexification des interactions sociales nécessaires à la réalisation du travail,
- L’érosion des moments de convivialité, 
- L’isolement du collectif, la perte du sentiment d’appartenance ; le contrôle et les actions de reporting du travail à distance excessifs,
- L’isolement et le manque de soutien face au travail et aux problèmes éventuels,
- Le questionnement sur le sens du travail,
- La porosité entre la sphère professionnelle et la sphère privée (voir risques 33 psychosociaux: stresse, violence morale...).";" - Baisse des performances visuelles, sensation de lourdeur des globes oculaires, rougeurs, picotements, éblouissements, une myopie temporaire, les yeux secs, des maux de tête,
 - Troubles musculosquelettiques (TMS): contraintes posturales (épaules, coudes, poignets…) et du rachis (cervical, dorsal, lombaire).
 - Pathologies cardiovasculaires (hypertension artérielle, insuffisance cardiaque…),
 - Troubles métaboliques dù à la sédentarité (pathologies, maladies, obésité, dépression…).";A contrôler;Tous Responsables POLMAR;P2;A proposer;"- Repérer les écarts dans la maîtrise des outils numériques au sein des équipes et former ceux qui en ont besoin.
- Identifier les éventuels sentiments d’inégalité ou d’iniquité de traitement dans l’accès au télétravail, dans la répartition de la charge de travail et échanger pour lever les incompréhensions.
- Organiser régulièrement des réunions d’équipe au complet, dans la mesure du possible en présentiel.
- Consulter la brochure d'information accessible sur l'intranet concernant les risques du télétravail, le lien: 
http://intra.dirm-mediterranee.e2.rie.gouv.fr/IMG/pdf/teletravail_dirmmed1_cle79ff51.pdf";;Aucune;;;
1 134;329;203;675;4. CROSS MED;CROSS MÉDITERRANÉE;La Garde-Aspretto;33;Risques psychosociaux (RPS);Harcèlement moral, sexuel, agissements sexistes, discrimination, situations de violences verbales, physiques, sexuelles.;Fatigue, anxiété, désengagement social, troubles du sommeil, stress post-traumatique, tachycardie, sueurs, tremblements, crises, atteintes somatiques, angoisse, cauchemars, désinvestissement, absentéisme, isolement, perte de productivité, conflits avec les agents et troubles de la concentration, gestes suicidaires.;En cours;Aymeric LE MASNE DE CHERMONT;P2;Existante;"- Affichages obligatoires sur certains site, 
 - Remontées hiérarchiques, possibilité de s'orienter vers le médecin de prévention ou les ASS qui peuvent proposer des mesures individuelles concernant la situation du salarié victime,
 - Possibilité de faire des remontées par le registre santé sécurité au travail sur l'intranet lien: http://intra.dirm-mediterranee.e2.rie.gouv.fr/saisie-d-une-remarque-a1849.html";;Aucune;;;
1 135;330;204;674;4. CROSS MED;CROSS MÉDITERRANÉE;La Garde-Aspretto;3;Risque Chimique;Absence de suivi de traitement des déchets dangereux & des déchets POP (Polluants Organiques Persistants).;Déchets pouvant génerer une nuisance à l'Homme et/où l'environnement selon les élements composants le produit.;A contrôler;Aymeric LE MASNE DE CHERMONT;P2;Existante;"Pas de retours des connaissances et d'adoption de comportements
adaptés aux menaces. Cette information se fait logiquement au travers du Document d'Information Communal sur les Risques Majeurs (DICRIM).
Lien intranet: 
http://intra.dram-mediterranee.i2/le-risque-de-force-majeure-a2169.html";;6 mois;13/10/2023;;
1 136;331;8;677;4. CROSS MED;CROSS MÉDITERRANÉE;La Garde-Aspretto;41;Risque lié au poste en télétravail;"- Mauvaise ergonomie (TMS dûs à la posture, la taille d'écran et l'ajustement du siège..),
- L’exposition importante aux écrans de visualisation (et en particulier à la lumière bleue),
- La diminution de l’exposition à la lumière naturelle au cours de la journée (voir risque 28 lié au travail sur écran),
- Endormissements et réveils plus tardifs,
- La baisse de la pratique de l’activité physique,
- L’augmentation de la charge de travail et l’enchaînement de longues journées de travail,
- L’accès plus complexe aux informations (reporting du travail),
- Les problèmes techniques lors de l’utilisation des outils numériques (voir risque 29 lié aux conditions de travail particulières: horaires décalés, astreinte),
- La complexification des interactions sociales nécessaires à la réalisation du travail,
- L’érosion des moments de convivialité, 
- L’isolement du collectif, la perte du sentiment d’appartenance ; le contrôle et les actions de reporting du travail à distance excessifs,
- L’isolement et le manque de soutien face au travail et aux problèmes éventuels,
- Le questionnement sur le sens du travail,
- La porosité entre la sphère professionnelle et la sphère privée (voir risques 33 psychosociaux: stresse, violence morale...).";" - Baisse des performances visuelles, sensation de lourdeur des globes oculaires, rougeurs, picotements, éblouissements, une myopie temporaire, les yeux secs, des maux de tête,
 - Troubles musculosquelettiques (TMS): contraintes posturales (épaules, coudes, poignets…) et du rachis (cervical, dorsal, lombaire).
 - Pathologies cardiovasculaires (hypertension artérielle, insuffisance cardiaque…),
 - Troubles métaboliques dù à la sédentarité (pathologies, maladies, obésité, dépression…).";En cours;Aymeric LE MASNE DE CHERMONT;P2;Existante;"  - Possibilité de s'orienter vers le médecin de prévention et / où vers le pôle de prévention en lien avec le service informatique pour une demande d'adaptation des postes de travail et  fourniture de matériels informatiques et bureautiques (écran, souris, repose pieds...).
 - Accès à distance aux applicatifs, aux ressources et aux données disponibles habituellement sur site, dans le respect du droit à la déconnexion,
- signal d'indication hors horaire dans la messagerie mélanie2.
- Assistance à distance pour l’usage des outils informatiques et de communication.
 - Précautions à prendre communiquées en matière de sécurité des données.
 - Brochure d'information accessible sur l'intranet concernant les risques du télétravail, le lien: http://intra.dirm-mediterranee.e2.rie.gouv.fr/IMG/pdf/teletravail_dirmmed1_cle79ff51.pdf
 - Installation (dans la mesure du possible) dans un espace de travail dédié (ou mieux dans une pièce isolée) afin de ne pas être dérangé, aménagement de poste de travail pour travailler dans de bonnes conditions et de façon à limiter les risques de troubles musculosquelettiques.
 - Pauses régulières afin de permettre des phases de repos visuel, de bouger, et ainsi d'éviter de maintenir la posture assise trop longtemps (pauses de cinq minutes toutes les heures par exemple).";;Aucune;;;
1 137;329;203;679;4. CROSS MED;CROSS MÉDITERRANÉE;La Garde-Aspretto;33;Risques psychosociaux (RPS);Harcèlement moral, sexuel, agissements sexistes, discrimination, situations de violences verbales, physiques, sexuelles.;Fatigue, anxiété, désengagement social, troubles du sommeil, stress post-traumatique, tachycardie, sueurs, tremblements, crises, atteintes somatiques, angoisse, cauchemars, désinvestissement, absentéisme, isolement, perte de productivité, conflits avec les agents et troubles de la concentration, gestes suicidaires.;A planifier;Aymeric LE MASNE DE CHERMONT;P2;A proposer;" - Diffusion des documents et sensibilisation par les affichages obligatoires,
 - Accès aux brochures contenant les informations relatives aux risques sur l'intranet lien: http://intra.dram-mediterranee.i2/les-risques-psychosociaux-r829.html
 - Sensibilisation et formation des managers à la gestion des conflits et à la lutte contre le sexisme au travail.";;Aucune;;;
1 138;330;204;680;4. CROSS MED;CROSS MÉDITERRANÉE;La Garde-Aspretto;3;Risque Chimique;Absence de suivi de traitement des déchets dangereux & des déchets POP (Polluants Organiques Persistants).;Déchets pouvant génerer une nuisance à l'Homme et/où l'environnement selon les élements composants le produit.;A planifier;Aymeric LE MASNE DE CHERMONT;P2;A proposer;"- Possiblité de fusionner les fichers déjà existants du suivi de la traçabilité des dechets dangereux avec la plateforme ""Trackdéchets"" pour être conforme à la règlementation au 1er janvier 2023,
- Information ""Trackdéchets"" disponible sur l'intranet : http://intra.dram-mediterranee.i2/tracabilite-des-dechets-dangereux-a2182.html";;6 mois;13/10/2023;;
1 139;331;8;681;4. CROSS MED;CROSS MÉDITERRANÉE;La Garde-Aspretto;41;Risque lié au poste en télétravail;"- Mauvaise ergonomie (TMS dûs à la posture, la taille d'écran et l'ajustement du siège..),
- L’exposition importante aux écrans de visualisation (et en particulier à la lumière bleue),
- La diminution de l’exposition à la lumière naturelle au cours de la journée (voir risque 28 lié au travail sur écran),
- Endormissements et réveils plus tardifs,
- La baisse de la pratique de l’activité physique,
- L’augmentation de la charge de travail et l’enchaînement de longues journées de travail,
- L’accès plus complexe aux informations (reporting du travail),
- Les problèmes techniques lors de l’utilisation des outils numériques (voir risque 29 lié aux conditions de travail particulières: horaires décalés, astreinte),
- La complexification des interactions sociales nécessaires à la réalisation du travail,
- L’érosion des moments de convivialité, 
- L’isolement du collectif, la perte du sentiment d’appartenance ; le contrôle et les actions de reporting du travail à distance excessifs,
- L’isolement et le manque de soutien face au travail et aux problèmes éventuels,
- Le questionnement sur le sens du travail,
- La porosité entre la sphère professionnelle et la sphère privée (voir risques 33 psychosociaux: stresse, violence morale...).";" - Baisse des performances visuelles, sensation de lourdeur des globes oculaires, rougeurs, picotements, éblouissements, une myopie temporaire, les yeux secs, des maux de tête,
 - Troubles musculosquelettiques (TMS): contraintes posturales (épaules, coudes, poignets…) et du rachis (cervical, dorsal, lombaire).
 - Pathologies cardiovasculaires (hypertension artérielle, insuffisance cardiaque…),
 - Troubles métaboliques dù à la sédentarité (pathologies, maladies, obésité, dépression…).";A contrôler;Aymeric LE MASNE DE CHERMONT;P2;A proposer;"- Repérer les écarts dans la maîtrise des outils numériques au sein des équipes et former ceux qui en ont besoin.
- Identifier les éventuels sentiments d’inégalité ou d’iniquité de traitement dans l’accès au télétravail, dans la répartition de la charge de travail et échanger pour lever les incompréhensions.
- Organiser régulièrement des réunions d’équipe au complet, dans la mesure du possible en présentiel.
- Consulter la brochure d'information accessible sur l'intranet concernant les risques du télétravail, le lien: 
http://intra.dirm-mediterranee.e2.rie.gouv.fr/IMG/pdf/teletravail_dirmmed1_cle79ff51.pdf";;Aucune;;;
1 140;329;203;675;5. NAVIRE DCS;PATROUILLEUR GYPTIS;Secteur d'intervention du navire et de son équipage;33;Risques psychosociaux (RPS);Harcèlement moral, sexuel, agissements sexistes, discrimination, situations de violences verbales, physiques, sexuelles.;Fatigue, anxiété, désengagement social, troubles du sommeil, stress post-traumatique, tachycardie, sueurs, tremblements, crises, atteintes somatiques, angoisse, cauchemars, désinvestissement, absentéisme, isolement, perte de productivité, conflits avec les agents et troubles de la concentration, gestes suicidaires.;En cours;GUY.F- LE GUILLOU.R;P2;Existante;"- Affichages obligatoires sur certains site, 
 - Remontées hiérarchiques, possibilité de s'orienter vers le médecin de prévention ou les ASS qui peuvent proposer des mesures individuelles concernant la situation du salarié victime,
 - Possibilité de faire des remontées par le registre santé sécurité au travail sur l'intranet lien: http://intra.dirm-mediterranee.e2.rie.gouv.fr/saisie-d-une-remarque-a1849.html";;Aucune;;;
1 141;330;204;676;5. NAVIRE DCS;PATROUILLEUR GYPTIS;Secteur d'intervention du navire et de son équipage;3;Risque Chimique;Absence de suivi de traitement des déchets dangereux & des déchets POP (Polluants Organiques Persistants).;Déchets pouvant génerer une nuisance à l'Homme et/où l'environnement selon les élements composants le produit.;A contrôler;GUY.F- LE GUILLOU.R;P2;Existante;"Informations accessibles sur la plateforme TRACKDECHETS par obligation règlementaire conformément au décret 2021-321 relatif à la traçabilité des déchets dangereux, applicable au 1er janvier 2022
 lien: https://trackdechets.beta.gouv.fr/";;6 mois;13/10/2023;;
1 142;331;8;677;5. NAVIRE DCS;PATROUILLEUR GYPTIS;Secteur d'intervention du navire et de son équipage;41;Risque lié au poste en télétravail;"- Mauvaise ergonomie (TMS dûs à la posture, la taille d'écran et l'ajustement du siège..),
- L’exposition importante aux écrans de visualisation (et en particulier à la lumière bleue),
- La diminution de l’exposition à la lumière naturelle au cours de la journée (voir risque 28 lié au travail sur écran),
- Endormissements et réveils plus tardifs,
- La baisse de la pratique de l’activité physique,
- L’augmentation de la charge de travail et l’enchaînement de longues journées de travail,
- L’accès plus complexe aux informations (reporting du travail),
- Les problèmes techniques lors de l’utilisation des outils numériques (voir risque 29 lié aux conditions de travail particulières: horaires décalés, astreinte),
- La complexification des interactions sociales nécessaires à la réalisation du travail,
- L’érosion des moments de convivialité, 
- L’isolement du collectif, la perte du sentiment d’appartenance ; le contrôle et les actions de reporting du travail à distance excessifs,
- L’isolement et le manque de soutien face au travail et aux problèmes éventuels,
- Le questionnement sur le sens du travail,
- La porosité entre la sphère professionnelle et la sphère privée (voir risques 33 psychosociaux: stresse, violence morale...).";" - Baisse des performances visuelles, sensation de lourdeur des globes oculaires, rougeurs, picotements, éblouissements, une myopie temporaire, les yeux secs, des maux de tête,
 - Troubles musculosquelettiques (TMS): contraintes posturales (épaules, coudes, poignets…) et du rachis (cervical, dorsal, lombaire).
 - Pathologies cardiovasculaires (hypertension artérielle, insuffisance cardiaque…),
 - Troubles métaboliques dù à la sédentarité (pathologies, maladies, obésité, dépression…).";En cours;GUY.F- LE GUILLOU.R;P2;Existante;"  - Possibilité de s'orienter vers le médecin de prévention et / où vers le pôle de prévention en lien avec le service informatique pour une demande d'adaptation des postes de travail et  fourniture de matériels informatiques et bureautiques (écran, souris, repose pieds...).
 - Accès à distance aux applicatifs, aux ressources et aux données disponibles habituellement sur site, dans le respect du droit à la déconnexion,
- signal d'indication hors horaire dans la messagerie mélanie2.
- Assistance à distance pour l’usage des outils informatiques et de communication.
 - Précautions à prendre communiquées en matière de sécurité des données.
 - Brochure d'information accessible sur l'intranet concernant les risques du télétravail, le lien: http://intra.dirm-mediterranee.e2.rie.gouv.fr/IMG/pdf/teletravail_dirmmed1_cle79ff51.pdf
 - Installation (dans la mesure du possible) dans un espace de travail dédié (ou mieux dans une pièce isolée) afin de ne pas être dérangé, aménagement de poste de travail pour travailler dans de bonnes conditions et de façon à limiter les risques de troubles musculosquelettiques.
 - Pauses régulières afin de permettre des phases de repos visuel, de bouger, et ainsi d'éviter de maintenir la posture assise trop longtemps (pauses de cinq minutes toutes les heures par exemple).";;Aucune;;;
1 143;329;203;679;5. NAVIRE DCS;PATROUILLEUR GYPTIS;Secteur d'intervention du navire et de son équipage;33;Risques psychosociaux (RPS);Harcèlement moral, sexuel, agissements sexistes, discrimination, situations de violences verbales, physiques, sexuelles.;Fatigue, anxiété, désengagement social, troubles du sommeil, stress post-traumatique, tachycardie, sueurs, tremblements, crises, atteintes somatiques, angoisse, cauchemars, désinvestissement, absentéisme, isolement, perte de productivité, conflits avec les agents et troubles de la concentration, gestes suicidaires.;A planifier;GUY.F- LE GUILLOU.R;P2;A proposer;" - Diffusion des documents et sensibilisation par les affichages obligatoires,
 - Accès aux brochures contenant les informations relatives aux risques sur l'intranet lien: http://intra.dram-mediterranee.i2/les-risques-psychosociaux-r829.html
 - Sensibilisation et formation des managers à la gestion des conflits et à la lutte contre le sexisme au travail.";;Aucune;;;
1 144;330;204;680;5. NAVIRE DCS;PATROUILLEUR GYPTIS;Secteur d'intervention du navire et de son équipage;3;Risque Chimique;Absence de suivi de traitement des déchets dangereux & des déchets POP (Polluants Organiques Persistants).;Déchets pouvant génerer une nuisance à l'Homme et/où l'environnement selon les élements composants le produit.;A planifier;GUY.F- LE GUILLOU.R;P2;A proposer;"- Possiblité de fusionner les fichers déjà existants du suivi de la traçabilité des dechets dangereux avec la plateforme ""Trackdéchets"" pour être conforme à la règlementation au 1er janvier 2023,
- Information ""Trackdéchets"" disponible sur l'intranet : http://intra.dram-mediterranee.i2/tracabilite-des-dechets-dangereux-a2182.html";;6 mois;13/10/2023;;
1 145;331;8;681;5. NAVIRE DCS;PATROUILLEUR GYPTIS;Secteur d'intervention du navire et de son équipage;41;Risque lié au poste en télétravail;"- Mauvaise ergonomie (TMS dûs à la posture, la taille d'écran et l'ajustement du siège..),
- L’exposition importante aux écrans de visualisation (et en particulier à la lumière bleue),
- La diminution de l’exposition à la lumière naturelle au cours de la journée (voir risque 28 lié au travail sur écran),
- Endormissements et réveils plus tardifs,
- La baisse de la pratique de l’activité physique,
- L’augmentation de la charge de travail et l’enchaînement de longues journées de travail,
- L’accès plus complexe aux informations (reporting du travail),
- Les problèmes techniques lors de l’utilisation des outils numériques (voir risque 29 lié aux conditions de travail particulières: horaires décalés, astreinte),
- La complexification des interactions sociales nécessaires à la réalisation du travail,
- L’érosion des moments de convivialité, 
- L’isolement du collectif, la perte du sentiment d’appartenance ; le contrôle et les actions de reporting du travail à distance excessifs,
- L’isolement et le manque de soutien face au travail et aux problèmes éventuels,
- Le questionnement sur le sens du travail,
- La porosité entre la sphère professionnelle et la sphère privée (voir risques 33 psychosociaux: stresse, violence morale...).";" - Baisse des performances visuelles, sensation de lourdeur des globes oculaires, rougeurs, picotements, éblouissements, une myopie temporaire, les yeux secs, des maux de tête,
 - Troubles musculosquelettiques (TMS): contraintes posturales (épaules, coudes, poignets…) et du rachis (cervical, dorsal, lombaire).
 - Pathologies cardiovasculaires (hypertension artérielle, insuffisance cardiaque…),
 - Troubles métaboliques dù à la sédentarité (pathologies, maladies, obésité, dépression…).";A contrôler;GUY.F- LE GUILLOU.R;P2;A proposer;"- Repérer les écarts dans la maîtrise des outils numériques au sein des équipes et former ceux qui en ont besoin.
- Identifier les éventuels sentiments d’inégalité ou d’iniquité de traitement dans l’accès au télétravail, dans la répartition de la charge de travail et échanger pour lever les incompréhensions.
- Organiser régulièrement des réunions d’équipe au complet, dans la mesure du possible en présentiel.
- Consulter la brochure d'information accessible sur l'intranet concernant les risques du télétravail, le lien: 
http://intra.dirm-mediterranee.e2.rie.gouv.fr/IMG/pdf/teletravail_dirmmed1_cle79ff51.pdf";;Aucune;;;
1 146;329;203;675;6. CSN;CSN PACA Corse et Occitanie;Locaux-bureaux tous CSN;33;Risques psychosociaux (RPS);Harcèlement moral, sexuel, agissements sexistes, discrimination, situations de violences verbales, physiques, sexuelles.;Fatigue, anxiété, désengagement social, troubles du sommeil, stress post-traumatique, tachycardie, sueurs, tremblements, crises, atteintes somatiques, angoisse, cauchemars, désinvestissement, absentéisme, isolement, perte de productivité, conflits avec les agents et troubles de la concentration, gestes suicidaires.;En cours;MARTINEZ.P JEHANNO.P;P2;Existante;"- Affichages obligatoires sur certains site, 
 - Remontées hiérarchiques, possibilité de s'orienter vers le médecin de prévention ou les ASS qui peuvent proposer des mesures individuelles concernant la situation du salarié victime,
 - Possibilité de faire des remontées par le registre santé sécurité au travail sur l'intranet lien: http://intra.dirm-mediterranee.e2.rie.gouv.fr/saisie-d-une-remarque-a1849.html";;Aucune;;;
1 147;330;204;676;6. CSN;CSN PACA Corse et Occitanie;Locaux-bureaux tous CSN;3;Risque Chimique;Absence de suivi de traitement des déchets dangereux & des déchets POP (Polluants Organiques Persistants).;Déchets pouvant génerer une nuisance à l'Homme et/où l'environnement selon les élements composants le produit.;A contrôler;MARTINEZ.P JEHANNO.P;P2;Existante;"Informations accessibles sur la plateforme TRACKDECHETS par obligation règlementaire conformément au décret 2021-321 relatif à la traçabilité des déchets dangereux, applicable au 1er janvier 2022
 lien: https://trackdechets.beta.gouv.fr/";;6 mois;13/10/2023;;
1 148;331;8;677;6. CSN;CSN PACA Corse et Occitanie;Locaux-bureaux tous CSN;41;Risque lié au poste en télétravail;"- Mauvaise ergonomie (TMS dûs à la posture, la taille d'écran et l'ajustement du siège..),
- L’exposition importante aux écrans de visualisation (et en particulier à la lumière bleue),
- La diminution de l’exposition à la lumière naturelle au cours de la journée (voir risque 28 lié au travail sur écran),
- Endormissements et réveils plus tardifs,
- La baisse de la pratique de l’activité physique,
- L’augmentation de la charge de travail et l’enchaînement de longues journées de travail,
- L’accès plus complexe aux informations (reporting du travail),
- Les problèmes techniques lors de l’utilisation des outils numériques (voir risque 29 lié aux conditions de travail particulières: horaires décalés, astreinte),
- La complexification des interactions sociales nécessaires à la réalisation du travail,
- L’érosion des moments de convivialité, 
- L’isolement du collectif, la perte du sentiment d’appartenance ; le contrôle et les actions de reporting du travail à distance excessifs,
- L’isolement et le manque de soutien face au travail et aux problèmes éventuels,
- Le questionnement sur le sens du travail,
- La porosité entre la sphère professionnelle et la sphère privée (voir risques 33 psychosociaux: stresse, violence morale...).";" - Baisse des performances visuelles, sensation de lourdeur des globes oculaires, rougeurs, picotements, éblouissements, une myopie temporaire, les yeux secs, des maux de tête,
 - Troubles musculosquelettiques (TMS): contraintes posturales (épaules, coudes, poignets…) et du rachis (cervical, dorsal, lombaire).
 - Pathologies cardiovasculaires (hypertension artérielle, insuffisance cardiaque…),
 - Troubles métaboliques dù à la sédentarité (pathologies, maladies, obésité, dépression…).";En cours;MARTINEZ.P JEHANNO.P;P2;Existante;"  - Possibilité de s'orienter vers le médecin de prévention et / où vers le pôle de prévention en lien avec le service informatique pour une demande d'adaptation des postes de travail et  fourniture de matériels informatiques et bureautiques (écran, souris, repose pieds...).
 - Accès à distance aux applicatifs, aux ressources et aux données disponibles habituellement sur site, dans le respect du droit à la déconnexion,
- signal d'indication hors horaire dans la messagerie mélanie2.
- Assistance à distance pour l’usage des outils informatiques et de communication.
 - Précautions à prendre communiquées en matière de sécurité des données.
 - Brochure d'information accessible sur l'intranet concernant les risques du télétravail, le lien: http://intra.dirm-mediterranee.e2.rie.gouv.fr/IMG/pdf/teletravail_dirmmed1_cle79ff51.pdf
 - Installation (dans la mesure du possible) dans un espace de travail dédié (ou mieux dans une pièce isolée) afin de ne pas être dérangé, aménagement de poste de travail pour travailler dans de bonnes conditions et de façon à limiter les risques de troubles musculosquelettiques.
 - Pauses régulières afin de permettre des phases de repos visuel, de bouger, et ainsi d'éviter de maintenir la posture assise trop longtemps (pauses de cinq minutes toutes les heures par exemple).";;Aucune;;;
1 149;329;203;679;6. CSN;CSN PACA Corse et Occitanie;Locaux-bureaux tous CSN;33;Risques psychosociaux (RPS);Harcèlement moral, sexuel, agissements sexistes, discrimination, situations de violences verbales, physiques, sexuelles.;Fatigue, anxiété, désengagement social, troubles du sommeil, stress post-traumatique, tachycardie, sueurs, tremblements, crises, atteintes somatiques, angoisse, cauchemars, désinvestissement, absentéisme, isolement, perte de productivité, conflits avec les agents et troubles de la concentration, gestes suicidaires.;A planifier;MARTINEZ.P JEHANNO.P;P2;A proposer;" - Diffusion des documents et sensibilisation par les affichages obligatoires,
 - Accès aux brochures contenant les informations relatives aux risques sur l'intranet lien: http://intra.dram-mediterranee.i2/les-risques-psychosociaux-r829.html
 - Sensibilisation et formation des managers à la gestion des conflits et à la lutte contre le sexisme au travail.";;Aucune;;;
1 150;330;204;680;6. CSN;CSN PACA Corse et Occitanie;Locaux-bureaux tous CSN;3;Risque Chimique;Absence de suivi de traitement des déchets dangereux & des déchets POP (Polluants Organiques Persistants).;Déchets pouvant génerer une nuisance à l'Homme et/où l'environnement selon les élements composants le produit.;A planifier;MARTINEZ.P JEHANNO.P;P2;A proposer;"- Possiblité de fusionner les fichers déjà existants du suivi de la traçabilité des dechets dangereux avec la plateforme ""Trackdéchets"" pour être conforme à la règlementation au 1er janvier 2023,
- Information ""Trackdéchets"" disponible sur l'intranet : http://intra.dram-mediterranee.i2/tracabilite-des-dechets-dangereux-a2182.html";;6 mois;13/10/2023;;
1 151;331;8;681;6. CSN;CSN PACA Corse et Occitanie;Locaux-bureaux tous CSN;41;Risque lié au poste en télétravail;"- Mauvaise ergonomie (TMS dûs à la posture, la taille d'écran et l'ajustement du siège..),
- L’exposition importante aux écrans de visualisation (et en particulier à la lumière bleue),
- La diminution de l’exposition à la lumière naturelle au cours de la journée (voir risque 28 lié au travail sur écran),
- Endormissements et réveils plus tardifs,
- La baisse de la pratique de l’activité physique,
- L’augmentation de la charge de travail et l’enchaînement de longues journées de travail,
- L’accès plus complexe aux informations (reporting du travail),
- Les problèmes techniques lors de l’utilisation des outils numériques (voir risque 29 lié aux conditions de travail particulières: horaires décalés, astreinte),
- La complexification des interactions sociales nécessaires à la réalisation du travail,
- L’érosion des moments de convivialité, 
- L’isolement du collectif, la perte du sentiment d’appartenance ; le contrôle et les actions de reporting du travail à distance excessifs,
- L’isolement et le manque de soutien face au travail et aux problèmes éventuels,
- Le questionnement sur le sens du travail,
- La porosité entre la sphère professionnelle et la sphère privée (voir risques 33 psychosociaux: stresse, violence morale...).";" - Baisse des performances visuelles, sensation de lourdeur des globes oculaires, rougeurs, picotements, éblouissements, une myopie temporaire, les yeux secs, des maux de tête,
 - Troubles musculosquelettiques (TMS): contraintes posturales (épaules, coudes, poignets…) et du rachis (cervical, dorsal, lombaire).
 - Pathologies cardiovasculaires (hypertension artérielle, insuffisance cardiaque…),
 - Troubles métaboliques dù à la sédentarité (pathologies, maladies, obésité, dépression…).";A contrôler;MARTINEZ.P JEHANNO.P;P2;A proposer;"- Repérer les écarts dans la maîtrise des outils numériques au sein des équipes et former ceux qui en ont besoin.
- Identifier les éventuels sentiments d’inégalité ou d’iniquité de traitement dans l’accès au télétravail, dans la répartition de la charge de travail et échanger pour lever les incompréhensions.
- Organiser régulièrement des réunions d’équipe au complet, dans la mesure du possible en présentiel.
- Consulter la brochure d'information accessible sur l'intranet concernant les risques du télétravail, le lien: 
http://intra.dirm-mediterranee.e2.rie.gouv.fr/IMG/pdf/teletravail_dirmmed1_cle79ff51.pdf";;Aucune;;;
1 152;329;203;675;7. SSGM;SSGM-Méditerranée;Tous sites SSGM de Méditerranée (Agents hébergés) ;33;Risques psychosociaux (RPS);Harcèlement moral, sexuel, agissements sexistes, discrimination, situations de violences verbales, physiques, sexuelles.;Fatigue, anxiété, désengagement social, troubles du sommeil, stress post-traumatique, tachycardie, sueurs, tremblements, crises, atteintes somatiques, angoisse, cauchemars, désinvestissement, absentéisme, isolement, perte de productivité, conflits avec les agents et troubles de la concentration, gestes suicidaires.;En cours;Christophe DUPORT;P2;Existante;"- Affichages obligatoires sur certains site, 
 - Remontées hiérarchiques, possibilité de s'orienter vers le médecin de prévention ou les ASS qui peuvent proposer des mesures individuelles concernant la situation du salarié victime,
 - Possibilité de faire des remontées par le registre santé sécurité au travail sur l'intranet lien: http://intra.dirm-mediterranee.e2.rie.gouv.fr/saisie-d-une-remarque-a1849.html";;Aucune;;;
1 153;333;204;676;7. SSGM;SSGM-Méditerranée;Tous sites SSGM de Méditerranée (Agents hébergés) ;2;Risque Biologique;Absence de suivi de traitement des déchets d'activité de soins à risques infectieux (BSDASRI).;Déchets pouvant génerer une nuisance à l'Homme et/où l'environnement selon les élements composants le produit.;A contrôler;Christophe DUPORT;P2;Existante;"Informations accessibles sur la plateforme TRACKDECHETS par obligation règlementaire conformément au décret 2021-321 relatif à la traçabilité des déchets dangereux, applicable au 1er janvier 2022
 lien: https://trackdechets.beta.gouv.fr/";;6 mois;13/10/2023;;
1 154;331;8;677;7. SSGM;SSGM-Méditerranée;Tous sites SSGM de Méditerranée (Agents hébergés) ;41;Risque lié au poste en télétravail;"- Mauvaise ergonomie (TMS dûs à la posture, la taille d'écran et l'ajustement du siège..),
- L’exposition importante aux écrans de visualisation (et en particulier à la lumière bleue),
- La diminution de l’exposition à la lumière naturelle au cours de la journée (voir risque 28 lié au travail sur écran),
- Endormissements et réveils plus tardifs,
- La baisse de la pratique de l’activité physique,
- L’augmentation de la charge de travail et l’enchaînement de longues journées de travail,
- L’accès plus complexe aux informations (reporting du travail),
- Les problèmes techniques lors de l’utilisation des outils numériques (voir risque 29 lié aux conditions de travail particulières: horaires décalés, astreinte),
- La complexification des interactions sociales nécessaires à la réalisation du travail,
- L’érosion des moments de convivialité, 
- L’isolement du collectif, la perte du sentiment d’appartenance ; le contrôle et les actions de reporting du travail à distance excessifs,
- L’isolement et le manque de soutien face au travail et aux problèmes éventuels,
- Le questionnement sur le sens du travail,
- La porosité entre la sphère professionnelle et la sphère privée (voir risques 33 psychosociaux: stresse, violence morale...).";" - Baisse des performances visuelles, sensation de lourdeur des globes oculaires, rougeurs, picotements, éblouissements, une myopie temporaire, les yeux secs, des maux de tête,
 - Troubles musculosquelettiques (TMS): contraintes posturales (épaules, coudes, poignets…) et du rachis (cervical, dorsal, lombaire).
 - Pathologies cardiovasculaires (hypertension artérielle, insuffisance cardiaque…),
 - Troubles métaboliques dù à la sédentarité (pathologies, maladies, obésité, dépression…).";En cours;Christophe DUPORT;P2;Existante;"  - Possibilité de s'orienter vers le médecin de prévention et / où vers le pôle de prévention en lien avec le service informatique pour une demande d'adaptation des postes de travail et  fourniture de matériels informatiques et bureautiques (écran, souris, repose pieds...).
 - Accès à distance aux applicatifs, aux ressources et aux données disponibles habituellement sur site, dans le respect du droit à la déconnexion,
- signal d'indication hors horaire dans la messagerie mélanie2.
- Assistance à distance pour l’usage des outils informatiques et de communication.
 - Précautions à prendre communiquées en matière de sécurité des données.
 - Brochure d'information accessible sur l'intranet concernant les risques du télétravail, le lien: http://intra.dirm-mediterranee.e2.rie.gouv.fr/IMG/pdf/teletravail_dirmmed1_cle79ff51.pdf
 - Installation (dans la mesure du possible) dans un espace de travail dédié (ou mieux dans une pièce isolée) afin de ne pas être dérangé, aménagement de poste de travail pour travailler dans de bonnes conditions et de façon à limiter les risques de troubles musculosquelettiques.
 - Pauses régulières afin de permettre des phases de repos visuel, de bouger, et ainsi d'éviter de maintenir la posture assise trop longtemps (pauses de cinq minutes toutes les heures par exemple).";;Aucune;;;
1 155;329;203;679;7. SSGM;SSGM-Méditerranée;Tous sites SSGM de Méditerranée (Agents hébergés) ;33;Risques psychosociaux (RPS);Harcèlement moral, sexuel, agissements sexistes, discrimination, situations de violences verbales, physiques, sexuelles.;Fatigue, anxiété, désengagement social, troubles du sommeil, stress post-traumatique, tachycardie, sueurs, tremblements, crises, atteintes somatiques, angoisse, cauchemars, désinvestissement, absentéisme, isolement, perte de productivité, conflits avec les agents et troubles de la concentration, gestes suicidaires.;A planifier;Christophe DUPORT;P2;A proposer;" - Diffusion des documents et sensibilisation par les affichages obligatoires,
 - Accès aux brochures contenant les informations relatives aux risques sur l'intranet lien: http://intra.dram-mediterranee.i2/les-risques-psychosociaux-r829.html
 - Sensibilisation et formation des managers à la gestion des conflits et à la lutte contre le sexisme au travail.";;Aucune;;;
1 156;333;204;680;7. SSGM;SSGM-Méditerranée;Tous sites SSGM de Méditerranée (Agents hébergés) ;2;Risque Biologique;Absence de suivi de traitement des déchets d'activité de soins à risques infectieux (BSDASRI).;Déchets pouvant génerer une nuisance à l'Homme et/où l'environnement selon les élements composants le produit.;A planifier;Christophe DUPORT;P2;A proposer;"- Possiblité de fusionner les fichers déjà existants du suivi de la traçabilité des dechets dangereux avec la plateforme ""Trackdéchets"" pour être conforme à la règlementation au 1er janvier 2023,
- Information ""Trackdéchets"" disponible sur l'intranet : http://intra.dram-mediterranee.i2/tracabilite-des-dechets-dangereux-a2182.html";;6 mois;13/10/2023;;
1 157;331;8;681;7. SSGM;SSGM-Méditerranée;Tous sites SSGM de Méditerranée (Agents hébergés) ;41;Risque lié au poste en télétravail;"- Mauvaise ergonomie (TMS dûs à la posture, la taille d'écran et l'ajustement du siège..),
- L’exposition importante aux écrans de visualisation (et en particulier à la lumière bleue),
- La diminution de l’exposition à la lumière naturelle au cours de la journée (voir risque 28 lié au travail sur écran),
- Endormissements et réveils plus tardifs,
- La baisse de la pratique de l’activité physique,
- L’augmentation de la charge de travail et l’enchaînement de longues journées de travail,
- L’accès plus complexe aux informations (reporting du travail),
- Les problèmes techniques lors de l’utilisation des outils numériques (voir risque 29 lié aux conditions de travail particulières: horaires décalés, astreinte),
- La complexification des interactions sociales nécessaires à la réalisation du travail,
- L’érosion des moments de convivialité, 
- L’isolement du collectif, la perte du sentiment d’appartenance ; le contrôle et les actions de reporting du travail à distance excessifs,
- L’isolement et le manque de soutien face au travail et aux problèmes éventuels,
- Le questionnement sur le sens du travail,
- La porosité entre la sphère professionnelle et la sphère privée (voir risques 33 psychosociaux: stresse, violence morale...).";" - Baisse des performances visuelles, sensation de lourdeur des globes oculaires, rougeurs, picotements, éblouissements, une myopie temporaire, les yeux secs, des maux de tête,
 - Troubles musculosquelettiques (TMS): contraintes posturales (épaules, coudes, poignets…) et du rachis (cervical, dorsal, lombaire).
 - Pathologies cardiovasculaires (hypertension artérielle, insuffisance cardiaque…),
 - Troubles métaboliques dù à la sédentarité (pathologies, maladies, obésité, dépression…).";A contrôler;Christophe DUPORT;P2;A proposer;"- Repérer les écarts dans la maîtrise des outils numériques au sein des équipes et former ceux qui en ont besoin.
- Identifier les éventuels sentiments d’inégalité ou d’iniquité de traitement dans l’accès au télétravail, dans la répartition de la charge de travail et échanger pour lever les incompréhensions.
- Organiser régulièrement des réunions d’équipe au complet, dans la mesure du possible en présentiel.
- Consulter la brochure d'information accessible sur l'intranet concernant les risques du télétravail, le lien: 
http://intra.dirm-mediterranee.e2.rie.gouv.fr/IMG/pdf/teletravail_dirmmed1_cle79ff51.pdf";;Aucune;;;
1 158;329;203;675;1. SERVICES ADMINISTRATIFS;TOUS SERVICES DIRM administratifs-bureaux;TOUS SITES administratifs DIRM (hébergés y compris);33;Risques psychosociaux (RPS);Harcèlement moral, sexuel, agissements sexistes, discrimination, situations de violences verbales, physiques, sexuelles.;Fatigue, anxiété, désengagement social, troubles du sommeil, stress post-traumatique, tachycardie, sueurs, tremblements, crises, atteintes somatiques, angoisse, cauchemars, désinvestissement, absentéisme, isolement, perte de productivité, conflits avec les agents et troubles de la concentration, gestes suicidaires.;En cours;Responsables des services;P2;Existante;"- Affichages obligatoires sur certains site, 
 - Remontées hiérarchiques, possibilité de s'orienter vers le médecin de prévention ou les ASS qui peuvent proposer des mesures individuelles concernant la situation du salarié victime,
 - Possibilité de faire des remontées par le registre santé sécurité au travail sur l'intranet lien: http://intra.dirm-mediterranee.e2.rie.gouv.fr/saisie-d-une-remarque-a1849.html";;Aucune;;;
1 159;329;203;679;1. SERVICES ADMINISTRATIFS;TOUS SERVICES DIRM administratifs-bureaux;TOUS SITES administratifs DIRM (hébergés y compris);33;Risques psychosociaux (RPS);Harcèlement moral, sexuel, agissements sexistes, discrimination, situations de violences verbales, physiques, sexuelles.;Fatigue, anxiété, désengagement social, troubles du sommeil, stress post-traumatique, tachycardie, sueurs, tremblements, crises, atteintes somatiques, angoisse, cauchemars, désinvestissement, absentéisme, isolement, perte de productivité, conflits avec les agents et troubles de la concentration, gestes suicidaires.;A planifier;Responsables des services;P2;A proposer;" - Diffusion des documents et sensibilisation par les affichages obligatoires,
 - Accès aux brochures contenant les informations relatives aux risques sur l'intranet lien: http://intra.dram-mediterranee.i2/les-risques-psychosociaux-r829.html
 - Sensibilisation et formation des managers à la gestion des conflits et à la lutte contre le sexisme au travail.";;Aucune;;;
1 160;330;204;676;1. SERVICES ADMINISTRATIFS;TOUS SERVICES DIRM administratifs-bureaux;TOUS SITES administratifs DIRM (hébergés y compris);3;Risque Chimique;Absence de suivi de traitement des déchets dangereux & des déchets POP (Polluants Organiques Persistants).;Déchets pouvant génerer une nuisance à l'Homme et/où l'environnement selon les élements composants le produit.;A contrôler;Responsables des services;P2;Existante;"Informations accessibles sur la plateforme TRACKDECHETS par obligation règlementaire conformément au décret 2021-321 relatif à la traçabilité des déchets dangereux, applicable au 1er janvier 2022
 lien: https://trackdechets.beta.gouv.fr/";;6 mois;13/10/2023;;
1 161;330;204;680;1. SERVICES ADMINISTRATIFS;TOUS SERVICES DIRM administratifs-bureaux;TOUS SITES administratifs DIRM (hébergés y compris);3;Risque Chimique;Absence de suivi de traitement des déchets dangereux & des déchets POP (Polluants Organiques Persistants).;Déchets pouvant génerer une nuisance à l'Homme et/où l'environnement selon les élements composants le produit.;A planifier;Responsables des services;P2;A proposer;"- Possiblité de fusionner les fichers déjà existants du suivi de la traçabilité des dechets dangereux avec la plateforme ""Trackdéchets"" pour être conforme à la règlementation au 1er janvier 2023,
- Information ""Trackdéchets"" disponible sur l'intranet : http://intra.dram-mediterranee.i2/tracabilite-des-dechets-dangereux-a2182.html";;6 mois;13/10/2023;;
1 162;331;8;677;1. SERVICES ADMINISTRATIFS;TOUS SERVICES DIRM administratifs-bureaux;TOUS SITES administratifs DIRM (hébergés y compris);41;Risque lié au poste en télétravail;"- Mauvaise ergonomie (TMS dûs à la posture, la taille d'écran et l'ajustement du siège..),
- L’exposition importante aux écrans de visualisation (et en particulier à la lumière bleue),
- La diminution de l’exposition à la lumière naturelle au cours de la journée (voir risque 28 lié au travail sur écran),
- Endormissements et réveils plus tardifs,
- La baisse de la pratique de l’activité physique,
- L’augmentation de la charge de travail et l’enchaînement de longues journées de travail,
- L’accès plus complexe aux informations (reporting du travail),
- Les problèmes techniques lors de l’utilisation des outils numériques (voir risque 29 lié aux conditions de travail particulières: horaires décalés, astreinte),
- La complexification des interactions sociales nécessaires à la réalisation du travail,
- L’érosion des moments de convivialité, 
- L’isolement du collectif, la perte du sentiment d’appartenance ; le contrôle et les actions de reporting du travail à distance excessifs,
- L’isolement et le manque de soutien face au travail et aux problèmes éventuels,
- Le questionnement sur le sens du travail,
- La porosité entre la sphère professionnelle et la sphère privée (voir risques 33 psychosociaux: stresse, violence morale...).";" - Baisse des performances visuelles, sensation de lourdeur des globes oculaires, rougeurs, picotements, éblouissements, une myopie temporaire, les yeux secs, des maux de tête,
 - Troubles musculosquelettiques (TMS): contraintes posturales (épaules, coudes, poignets…) et du rachis (cervical, dorsal, lombaire).
 - Pathologies cardiovasculaires (hypertension artérielle, insuffisance cardiaque…),
 - Troubles métaboliques dù à la sédentarité (pathologies, maladies, obésité, dépression…).";En cours;Responsables des services;P2;Existante;"  - Possibilité de s'orienter vers le médecin de prévention et / où vers le pôle de prévention en lien avec le service informatique pour une demande d'adaptation des postes de travail et  fourniture de matériels informatiques et bureautiques (écran, souris, repose pieds...).
 - Accès à distance aux applicatifs, aux ressources et aux données disponibles habituellement sur site, dans le respect du droit à la déconnexion,
- signal d'indication hors horaire dans la messagerie mélanie2.
- Assistance à distance pour l’usage des outils informatiques et de communication.
 - Précautions à prendre communiquées en matière de sécurité des données.
 - Brochure d'information accessible sur l'intranet concernant les risques du télétravail, le lien: http://intra.dirm-mediterranee.e2.rie.gouv.fr/IMG/pdf/teletravail_dirmmed1_cle79ff51.pdf
 - Installation (dans la mesure du possible) dans un espace de travail dédié (ou mieux dans une pièce isolée) afin de ne pas être dérangé, aménagement de poste de travail pour travailler dans de bonnes conditions et de façon à limiter les risques de troubles musculosquelettiques.
 - Pauses régulières afin de permettre des phases de repos visuel, de bouger, et ainsi d'éviter de maintenir la posture assise trop longtemps (pauses de cinq minutes toutes les heures par exemple).";;Aucune;;;
1 163;331;8;681;1. SERVICES ADMINISTRATIFS;TOUS SERVICES DIRM administratifs-bureaux;TOUS SITES administratifs DIRM (hébergés y compris);41;Risque lié au poste en télétravail;"- Mauvaise ergonomie (TMS dûs à la posture, la taille d'écran et l'ajustement du siège..),
- L’exposition importante aux écrans de visualisation (et en particulier à la lumière bleue),
- La diminution de l’exposition à la lumière naturelle au cours de la journée (voir risque 28 lié au travail sur écran),
- Endormissements et réveils plus tardifs,
- La baisse de la pratique de l’activité physique,
- L’augmentation de la charge de travail et l’enchaînement de longues journées de travail,
- L’accès plus complexe aux informations (reporting du travail),
- Les problèmes techniques lors de l’utilisation des outils numériques (voir risque 29 lié aux conditions de travail particulières: horaires décalés, astreinte),
- La complexification des interactions sociales nécessaires à la réalisation du travail,
- L’érosion des moments de convivialité, 
- L’isolement du collectif, la perte du sentiment d’appartenance ; le contrôle et les actions de reporting du travail à distance excessifs,
- L’isolement et le manque de soutien face au travail et aux problèmes éventuels,
- Le questionnement sur le sens du travail,
- La porosité entre la sphère professionnelle et la sphère privée (voir risques 33 psychosociaux: stresse, violence morale...).";" - Baisse des performances visuelles, sensation de lourdeur des globes oculaires, rougeurs, picotements, éblouissements, une myopie temporaire, les yeux secs, des maux de tête,
 - Troubles musculosquelettiques (TMS): contraintes posturales (épaules, coudes, poignets…) et du rachis (cervical, dorsal, lombaire).
 - Pathologies cardiovasculaires (hypertension artérielle, insuffisance cardiaque…),
 - Troubles métaboliques dù à la sédentarité (pathologies, maladies, obésité, dépression…).";A contrôler;Responsables des services;P2;A proposer;"- Repérer les écarts dans la maîtrise des outils numériques au sein des équipes et former ceux qui en ont besoin.
- Identifier les éventuels sentiments d’inégalité ou d’iniquité de traitement dans l’accès au télétravail, dans la répartition de la charge de travail et échanger pour lever les incompréhensions.
- Organiser régulièrement des réunions d’équipe au complet, dans la mesure du possible en présentiel.
- Consulter la brochure d'information accessible sur l'intranet concernant les risques du télétravail, le lien: 
http://intra.dirm-mediterranee.e2.rie.gouv.fr/IMG/pdf/teletravail_dirmmed1_cle79ff51.pdf";;Aucune;;;
1 164;152;17;683;.GESTIONNAIRE SITE;SERVICE(S) DIRM hébergé(s);Mrs-Site DDTM13-SERVICES DIRM hébergés (Dir./SG/MICO/Dir.SPB/SRC/SEF/SSGM/CSN Paca Corse);30;Risque lié aux déplacements internes;"- Circulation à pied sur sol glissant, inégal ou présentant des obstacles (ex : encombrement, cailloux..) pouvant entraîner une chute ou occasionner la torsion d'une articulation ou un choc contre un élément matériel dans les locaux (escaliers, atelier, magasin, bureau..) et les aires de travail. 
- Collision avec un véhicule.";Lésions diverses;En cours;Gestionnaire site et responsables des services;P1;A proposer;"- Relance DDTM13 pour réalisation de travaux dans les escaliers du 2ème zattara (après 2 nouveaux accidents), améliorations à apportées: pose d'une main courante, reprise des différences de niveaux des marches et des nez de marches..

Autres à proposer Zattara :
- Archives lors de l’accès au sous-sol, prévenir un collègue sur la situation isolée, vigilance sur la présence au retour.
- Port du badge d’accès surtout lors des heures les moins fréquentées (risque de se retrouver bloqué dans le hall après 19h fermeture de l'acceuil et des grilles).
- Problématique de la porte WC homme (2ème étage Zattara) qui s’ouvre sur le couloir (risque de heurt).
- Pose de protections sur les rampes d’élévateurs handicapés situées au bas des 3 escaliers.
";RECOMMANDATION N°16 - AUDIT ISST 2021;6 mois;01/04/2022;;
1 165;79;22;684;1. SERVICES ADMINISTRATIFS;CELLULE INFORMATIQUE-MOYENS GENERAUX;CELLULE INFORMATIQUE-MOYENS GENERAUX TOUS SITES DU SECTEUR D'INTERVENTION;28;Risque lié au travail sur écran;Travailler sur écran plusieurs heures au cours de la journée, mauvaise ergonomie du poste de travail, postes de travail mal éclairés.;"- Fatigue visuelle (maux de tête, picotements, rougeurs et lourdeur des globes oculaires, assèchement de l’oeil).
- Troubles musculo-squelettiques (TMS).";Clôturée;ALEXANDRE BINDL;P2;Existante;Implantation du bureau informatique revue à l'arrivée du renfort pour améliorer les conditions de travail.;RECOMMANDATION N°16 - AUDIT ISST 2021;12 mois;;;